amr_id,task_id,segment_type,start_time,end_time,start_node,end_node,amr_location_before,amr_location_after,start_x,start_y,start_floor,end_x,end_y,end_floor,status,sim_time_sec,sim_datetime,event_type,payload,payload_instance_id,payload_slot,onboard_payloads,onboard_slots,multi_stop_task_ids,multi_stop_pickup_count,multi_stop_dropoff_count,weight_kg,from_location,to_location,lift_id,duration_sec,wait_time_sec,distance_m,energy_kwh,task_duration_sec,details,task_source,department_id,waste_stream,waste_volume_m3,container_type,pending_reason,tracked_item_exchange,exchange_mode,tracked_item_source_payload,tracked_items
,GEN_WASTE_D44_00001,,2026-01-01 21:00:00,2026-01-01 21:00:00,D4-WASTE,D47-WASTE,,,139.696,-153.083,0,176.0,12.0,0,generated,57600.0,2026-01-01 21:00:00,task_generated,Clinical Waste Bin,Clinical_Waste_Bin-shared_OPD_SET_1-000001,,[],[],[],0,0,,D4-WASTE,D47-WASTE,,0.0,0.0,0.0,0.0,0.0,Generated threshold waste task,department_waste,D44,Clinical,0.616,Clinical Waste Bin,,False,,,{}
AMR-B-1,GEN_WASTE_D44_00001,,2026-01-01 21:00:00,2026-01-01 21:00:01,,,AMR-CENTRE,D47-WASTE,,,,,,,start,57600.0,2026-01-01 21:00:00,task_assigned,Clinical Waste Bin,Clinical_Waste_Bin-shared_OPD_SET_1-000001,,[],[],[],0,0,,D4-WASTE,D47-WASTE,,0.0,0.0,0.0,0.0,346.174,Assigned task to AMR-B-1,department_waste,D44,Clinical,0.616,Clinical Waste Bin,,False,,,{}
AMR-B-1,GEN_WASTE_D44_00001,corridor,2026-01-01 21:00:00,2026-01-01 21:00:02,AMR-CENTRE,C2-11,,,157.36,-81.619,2,157.38,-84.803,2,completed,57600.0,2026-01-01 21:00:00,segment_corridor,,,,[],[],[],0,0,,AMR-CENTRE,C2-11,,2.653,0.0,3.184,0.0,0.0,"{""type"": ""corridor"", ""from"": ""AMR-CENTRE"", ""to"": ""C2-11"", ""duration"": 2.6533856778756353, ""distance_m"": 3.1840628134507623, ""speed_factor"": 1.0, ""congestion_count"": 0, ""from_x"": 157.36, ""from_y"": -81.619, ""to_x"": 157.38, ""to_y"": -84.803, ""from_floor"": 2, ""to_floor"": 2}",,,,0.0,,,False,,,{}
AMR-B-1,GEN_WASTE_D44_00001,corridor,2026-01-01 21:00:02,2026-01-01 21:00:07,C2-11,C2-10,,,157.38,-84.803,2,151.747,-84.823,2,completed,57602.653,2026-01-01 21:00:02,segment_corridor,,,,[],[],[],0,0,,C2-11,C2-10,,4.694,0.0,5.633,0.0,0.0,"{""type"": ""corridor"", ""from"": ""C2-11"", ""to"": ""C2-10"", ""duration"": 4.694196254122965, ""distance_m"": 5.633035504947558, ""speed_factor"": 1.0, ""congestion_count"": 0, ""from_x"": 157.38, ""from_y"": -84.803, ""to_x"": 151.747, ""to_y"": -84.823, ""from_floor"": 2, ""to_floor"": 2}",,,,0.0,,,False,,,{}
AMR-B-1,GEN_WASTE_D44_00001,corridor,2026-01-01 21:00:07,2026-01-01 21:00:11,C2-10,C2-22,,,151.747,-84.823,2,146.298,-84.823,2,completed,57607.348,2026-01-01 21:00:07,segment_corridor,,,,[],[],[],0,0,,C2-10,C2-22,,4.541,0.0,5.449,0.0,0.0,"{""type"": ""corridor"", ""from"": ""C2-10"", ""to"": ""C2-22"", ""duration"": 4.540833333333344, ""distance_m"": 5.449000000000012, ""speed_factor"": 1.0, ""congestion_count"": 0, ""from_x"": 151.747, ""from_y"": -84.823, ""to_x"": 146.298, ""to_y"": -84.823, ""from_floor"": 2, ""to_floor"": 2}",,,,0.0,,,False,,,{}
AMR-B-1,GEN_WASTE_D44_00001,corridor,2026-01-01 21:00:11,2026-01-01 21:00:16,C2-22,C2-12,,,146.298,-84.823,2,140.54,-85.162,2,completed,57611.888,2026-01-01 21:00:11,segment_corridor,,,,[],[],[],0,0,,C2-22,C2-12,,4.807,0.0,5.768,0.0,0.0,"{""type"": ""corridor"", ""from"": ""C2-22"", ""to"": ""C2-12"", ""duration"": 4.806642178046736, ""distance_m"": 5.767970613656082, ""speed_factor"": 1.0, ""congestion_count"": 0, ""from_x"": 146.298, ""from_y"": -84.823, ""to_x"": 140.54, ""to_y"": -85.162, ""from_floor"": 2, ""to_floor"": 2}",,,,0.0,,,False,,,{}
AMR-B-1,GEN_WASTE_D44_00001,corridor,2026-01-01 21:00:16,2026-01-01 21:00:19,C2-12,Lift-2-F2,,,140.54,-85.162,2,140.476,-81.715,2,completed,57616.695,2026-01-01 21:00:16,segment_corridor,,,,[],[],[],0,0,,C2-12,Lift-2-F2,,2.873,0.0,3.448,0.0,0.0,"{""type"": ""corridor"", ""from"": ""C2-12"", ""to"": ""Lift-2-F2"", ""duration"": 2.8729950738635908, ""distance_m"": 3.4475940886363086, ""speed_factor"": 1.0, ""congestion_count"": 0, ""from_x"": 140.54, ""from_y"": -85.162, ""to_x"": 140.476, ""to_y"": -81.715, ""from_floor"": 2, ""to_floor"": 2}",,,,0.0,,,False,,,{}
AMR-B-1,GEN_WASTE_D44_00001,lift_reposition,2026-01-01 21:00:19,2026-01-01 21:00:24,Lift-2-F4,Lift-2-F2,,,,,,140.476,-81.715,2,completed,57619.568,2026-01-01 21:00:19,segment_lift_reposition,,,,[],[],[],0,0,,Lift-2-F4,Lift-2-F2,Lift-2,4.444,0.0,8.0,0.014673076923076922,0.0,"{""type"": ""lift_reposition"", ""lift_id"": ""Lift-2"", ""from"": ""Lift-2-F4"", ""to"": ""Lift-2-F2"", ""from_floor"": null, ""to_floor"": 2, ""wait_time"": 0.0, ""duration"": 4.444444444444445, ""distance_m"": 8.0, ""vertical_distance_m"": 8.0, ""energy_kwh"": 0.014673076923076922, ""from_x"": null, ""from_y"": null, ""to_x"": 140.476, ""to_y"": -81.715}",,,,0.0,,,False,,,{}
AMR-B-1,GEN_WASTE_D44_00001,lift_transfer,2026-01-01 21:00:24,2026-01-01 21:00:48,Lift-2-F2,Lift-2-F0,,,140.476,-81.715,2,140.476,-81.715,0,completed,57624.012,2026-01-01 21:00:24,segment_lift_transfer,,,,[],[],[],0,0,,Lift-2-F2,Lift-2-F0,Lift-2,24.444,0.0,8.0,0.02086538461538462,0.0,"{""type"": ""lift_transfer"", ""lift_id"": ""Lift-2"", ""from"": ""Lift-2-F2"", ""to"": ""Lift-2-F0"", ""from_floor"": 2, ""to_floor"": 0, ""wait_time"": 0.0, ""duration"": 24.444444444446063, ""distance_m"": 8.0, ""vertical_distance_m"": 8.0, ""energy_kwh"": 0.02086538461538462, ""from_x"": 140.476, ""from_y"": -81.715, ""to_x"": 140.476, ""to_y"": -81.715}",,,,0.0,,,False,,,{}
AMR-B-1,GEN_WASTE_D44_00001,corridor,2026-01-01 21:00:48,2026-01-01 21:00:50,Lift-2-F0,C0-23,,,140.476,-81.715,0,140.608,-84.673,0,completed,57648.457,2026-01-01 21:00:48,segment_corridor,,,,[],[],[],0,0,,Lift-2-F0,C0-23,,2.467,0.0,2.961,0.0,0.0,"{""type"": ""corridor"", ""from"": ""Lift-2-F0"", ""to"": ""C0-23"", ""duration"": 2.4674531403858504, ""distance_m"": 2.96094376846302, ""speed_factor"": 1.0, ""congestion_count"": 0, ""from_x"": 140.476, ""from_y"": -81.715, ""to_x"": 140.608, ""to_y"": -84.673, ""from_floor"": 0, ""to_floor"": 0}",,,,0.0,,,False,,,{}
AMR-B-1,GEN_WASTE_D44_00001,corridor,2026-01-01 21:00:50,2026-01-01 21:01:00,C0-23,C0-9,,,140.608,-84.673,0,151.815,-84.679,0,completed,57650.924,2026-01-01 21:00:50,segment_corridor,,,,[],[],[],0,0,,C0-23,C0-9,,9.339,0.0,11.207,0.0,0.0,"{""type"": ""corridor"", ""from"": ""C0-23"", ""to"": ""C0-9"", ""duration"": 9.33916800511575, ""distance_m"": 11.207001606138899, ""speed_factor"": 1.0, ""congestion_count"": 0, ""from_x"": 140.608, ""from_y"": -84.673, ""to_x"": 151.815, ""to_y"": -84.679, ""from_floor"": 0, ""to_floor"": 0}",,,,0.0,,,False,,,{}
AMR-B-1,GEN_WASTE_D44_00001,corridor,2026-01-01 21:01:00,2026-01-01 21:01:07,C0-9,C0-78,,,151.815,-84.679,0,151.853,-93.062,0,completed,57660.264,2026-01-01 21:01:00,segment_corridor,,,,[],[],[],0,0,,C0-9,C0-78,,6.986,0.0,8.383,0.0,0.0,"{""type"": ""corridor"", ""from"": ""C0-9"", ""to"": ""C0-78"", ""duration"": 6.9859051052021055, ""distance_m"": 8.383086126242526, ""speed_factor"": 1.0, ""congestion_count"": 0, ""from_x"": 151.815, ""from_y"": -84.679, ""to_x"": 151.853, ""to_y"": -93.062, ""from_floor"": 0, ""to_floor"": 0}",,,,0.0,,,False,,,{}
AMR-B-1,GEN_WASTE_D44_00001,corridor,2026-01-01 21:01:07,2026-01-01 21:01:15,C0-78,C0-10,,,151.853,-93.062,0,151.906,-103.332,0,completed,57667.249,2026-01-01 21:01:07,segment_corridor,,,,[],[],[],0,0,,C0-78,C0-10,,8.558,0.0,10.27,0.0,0.0,"{""type"": ""corridor"", ""from"": ""C0-78"", ""to"": ""C0-10"", ""duration"": 8.558447297196428, ""distance_m"": 10.270136756635713, ""speed_factor"": 1.0, ""congestion_count"": 0, ""from_x"": 151.853, ""from_y"": -93.062, ""to_x"": 151.906, ""to_y"": -103.332, ""from_floor"": 0, ""to_floor"": 0}",,,,0.0,,,False,,,{}
AMR-B-1,GEN_WASTE_D44_00001,corridor,2026-01-01 21:01:15,2026-01-01 21:01:21,C0-10,C0-107,,,151.906,-103.332,0,151.875,-110.231,0,completed,57675.808,2026-01-01 21:01:15,segment_corridor,,,,[],[],[],0,0,,C0-10,C0-107,,5.749,0.0,6.899,0.0,0.0,"{""type"": ""corridor"", ""from"": ""C0-10"", ""to"": ""C0-107"", ""duration"": 5.749224706186238, ""distance_m"": 6.899069647423485, ""speed_factor"": 1.0, ""congestion_count"": 0, ""from_x"": 151.906, ""from_y"": -103.332, ""to_x"": 151.875, ""to_y"": -110.231, ""from_floor"": 0, ""to_floor"": 0}",,,,0.0,,,False,,,{}
AMR-B-1,GEN_WASTE_D44_00001,corridor,2026-01-01 21:01:21,2026-01-01 21:01:28,C0-107,C0-82,,,151.875,-110.231,0,151.957,-118.723,0,completed,57681.557,2026-01-01 21:01:21,segment_corridor,,,,[],[],[],0,0,,C0-107,C0-82,,7.077,0.0,8.492,0.0,0.0,"{""type"": ""corridor"", ""from"": ""C0-107"", ""to"": ""C0-82"", ""duration"": 7.076996577331065, ""distance_m"": 8.492395892797278, ""speed_factor"": 1.0, ""congestion_count"": 0, ""from_x"": 151.875, ""from_y"": -110.231, ""to_x"": 151.957, ""to_y"": -118.723, ""from_floor"": 0, ""to_floor"": 0}",,,,0.0,,,False,,,{}
AMR-B-1,GEN_WASTE_D44_00001,corridor,2026-01-01 21:01:28,2026-01-01 21:01:31,C0-82,C0-12,,,151.957,-118.723,0,151.969,-122.524,0,completed,57688.634,2026-01-01 21:01:28,segment_corridor,,,,[],[],[],0,0,,C0-82,C0-12,,3.168,0.0,3.801,0.0,0.0,"{""type"": ""corridor"", ""from"": ""C0-82"", ""to"": ""C0-12"", ""duration"": 3.167515785280321, ""distance_m"": 3.8010189423363854, ""speed_factor"": 1.0, ""congestion_count"": 0, ""from_x"": 151.957, ""from_y"": -118.723, ""to_x"": 151.969, ""to_y"": -122.524, ""from_floor"": 0, ""to_floor"": 0}",,,,0.0,,,False,,,{}
AMR-B-1,GEN_WASTE_D44_00001,corridor,2026-01-01 21:01:31,2026-01-01 21:01:39,C0-12,C0-13,,,151.969,-122.524,0,151.939,-132.199,0,completed,57691.802,2026-01-01 21:01:31,segment_corridor,,,,[],[],[],0,0,,C0-12,C0-13,,8.063,0.0,9.675,0.0,0.0,"{""type"": ""corridor"", ""from"": ""C0-12"", ""to"": ""C0-13"", ""duration"": 8.062538759596766, ""distance_m"": 9.675046511516118, ""speed_factor"": 1.0, ""congestion_count"": 0, ""from_x"": 151.969, ""from_y"": -122.524, ""to_x"": 151.939, ""to_y"": -132.199, ""from_floor"": 0, ""to_floor"": 0}",,,,0.0,,,False,,,{}
AMR-B-1,GEN_WASTE_D44_00001,corridor,2026-01-01 21:01:39,2026-01-01 21:01:47,C0-13,C0-14,,,151.939,-132.199,0,142.333,-132.392,0,completed,57699.864,2026-01-01 21:01:39,segment_corridor,,,,[],[],[],0,0,,C0-13,C0-14,,8.007,0.0,9.608,0.0,0.0,"{""type"": ""corridor"", ""from"": ""C0-13"", ""to"": ""C0-14"", ""duration"": 8.006615537236133, ""distance_m"": 9.607938644683358, ""speed_factor"": 1.0, ""congestion_count"": 0, ""from_x"": 151.939, ""from_y"": -132.199, ""to_x"": 142.333, ""to_y"": -132.392, ""from_floor"": 0, ""to_floor"": 0}",,,,0.0,,,False,,,{}
AMR-B-1,GEN_WASTE_D44_00001,corridor,2026-01-01 21:01:47,2026-01-01 21:01:50,C0-14,C0-15,,,142.333,-132.392,0,142.311,-135.582,0,completed,57707.871,2026-01-01 21:01:47,segment_corridor,,,,[],[],[],0,0,,C0-14,C0-15,,2.658,0.0,3.19,0.0,0.0,"{""type"": ""corridor"", ""from"": ""C0-14"", ""to"": ""C0-15"", ""duration"": 2.6583965509724488, ""distance_m"": 3.1900758611669384, ""speed_factor"": 1.0, ""congestion_count"": 0, ""from_x"": 142.333, ""from_y"": -132.392, ""to_x"": 142.311, ""to_y"": -135.582, ""from_floor"": 0, ""to_floor"": 0}",,,,0.0,,,False,,,{}
AMR-B-1,GEN_WASTE_D44_00001,corridor,2026-01-01 21:01:50,2026-01-01 21:01:53,C0-15,C0-44,,,142.311,-135.582,0,142.385,-138.767,0,completed,57710.529,2026-01-01 21:01:50,segment_corridor,,,,[],[],[],0,0,,C0-15,C0-44,,2.655,0.0,3.186,0.0,0.0,"{""type"": ""corridor"", ""from"": ""C0-15"", ""to"": ""C0-44"", ""duration"": 2.6548829488740613, ""distance_m"": 3.1858595386488733, ""speed_factor"": 1.0, ""congestion_count"": 0, ""from_x"": 142.311, ""from_y"": -135.582, ""to_x"": 142.385, ""to_y"": -138.767, ""from_floor"": 0, ""to_floor"": 0}",,,,0.0,,,False,,,{}
AMR-B-1,GEN_WASTE_D44_00001,corridor,2026-01-01 21:01:53,2026-01-01 21:01:59,C0-44,C0-45,,,142.385,-138.767,0,142.637,-146.743,0,completed,57713.184,2026-01-01 21:01:53,segment_corridor,,,,[],[],[],0,0,,C0-44,C0-45,,6.65,0.0,7.98,0.0,0.0,"{""type"": ""corridor"", ""from"": ""C0-44"", ""to"": ""C0-45"", ""duration"": 6.649983291541249, ""distance_m"": 7.979979949849498, ""speed_factor"": 1.0, ""congestion_count"": 0, ""from_x"": 142.385, ""from_y"": -138.767, ""to_x"": 142.637, ""to_y"": -146.743, ""from_floor"": 0, ""to_floor"": 0}",,,,0.0,,,False,,,{}
AMR-B-1,GEN_WASTE_D44_00001,corridor,2026-01-01 21:01:59,2026-01-01 21:02:02,C0-45,C0-16,,,142.637,-146.743,0,142.744,-150.046,0,completed,57719.834,2026-01-01 21:01:59,segment_corridor,,,,[],[],[],0,0,,C0-45,C0-16,,2.754,0.0,3.305,0.0,0.0,"{""type"": ""corridor"", ""from"": ""C0-45"", ""to"": ""C0-16"", ""duration"": 2.7539438891241836, ""distance_m"": 3.30473266694902, ""speed_factor"": 1.0, ""congestion_count"": 0, ""from_x"": 142.637, ""from_y"": -146.743, ""to_x"": 142.744, ""to_y"": -150.046, ""from_floor"": 0, ""to_floor"": 0}",,,,0.0,,,False,,,{}
AMR-B-1,GEN_WASTE_D44_00001,corridor,2026-01-01 21:02:02,2026-01-01 21:02:05,C0-16,C0-17,,,142.744,-150.046,0,139.652,-150.053,0,completed,57722.588,2026-01-01 21:02:02,segment_corridor,,,,[],[],[],0,0,,C0-16,C0-17,,2.577,0.0,3.092,0.0,0.0,"{""type"": ""corridor"", ""from"": ""C0-16"", ""to"": ""C0-17"", ""duration"": 2.5766732697198815, ""distance_m"": 3.0920079236638576, ""speed_factor"": 1.0, ""congestion_count"": 0, ""from_x"": 142.744, ""from_y"": -150.046, ""to_x"": 139.652, ""to_y"": -150.053, ""from_floor"": 0, ""to_floor"": 0}",,,,0.0,,,False,,,{}
AMR-B-1,GEN_WASTE_D44_00001,corridor,2026-01-01 21:02:05,2026-01-01 21:02:07,C0-17,D4-WASTE,,,139.652,-150.053,0,139.696,-153.083,0,completed,57725.165,2026-01-01 21:02:05,segment_corridor,,,,[],[],[],0,0,,C0-17,D4-WASTE,,2.525,0.0,3.03,0.0,0.0,"{""type"": ""corridor"", ""from"": ""C0-17"", ""to"": ""D4-WASTE"", ""duration"": 2.5252662125891696, ""distance_m"": 3.0303194551070036, ""speed_factor"": 1.0, ""congestion_count"": 0, ""from_x"": 139.652, ""from_y"": -150.053, ""to_x"": 139.696, ""to_y"": -153.083, ""from_floor"": 0, ""to_floor"": 0}",,,,0.0,,,False,,,{}
AMR-B-1,GEN_WASTE_D44_00001,pickup,2026-01-01 21:02:07,2026-01-01 21:02:27,,,,,,,,,,,completed,57727.69,2026-01-01 21:02:07,segment_pickup,Clinical Waste Bin,Clinical_Waste_Bin-shared_OPD_SET_1-000001,,[],[],[],0,0,,D4-WASTE,D47-WASTE,,20.0,0.0,0.0,0.0,0.0,"{""type"": ""pickup"", ""location"": ""D4-WASTE"", ""duration"": 20.0, ""from_x"": null, ""from_y"": null, ""to_x"": null, ""to_y"": null, ""from_floor"": null, ""to_floor"": null}",,,,0.0,,,False,,,{}
AMR-B-1,GEN_WASTE_D44_00001,corridor,2026-01-01 21:02:27,2026-01-01 21:02:30,D4-WASTE,C0-17,,,139.696,-153.083,0,139.652,-150.053,0,completed,57747.69,2026-01-01 21:02:27,segment_corridor,Clinical Waste Bin,Clinical_Waste_Bin-shared_OPD_SET_1-000001,,[],[],[],0,0,,D4-WASTE,C0-17,,2.971,0.0,3.03,0.0,0.0,"{""type"": ""corridor"", ""from"": ""D4-WASTE"", ""to"": ""C0-17"", ""duration"": 2.9709014265754936, ""distance_m"": 3.0303194551070036, ""speed_factor"": 0.85, ""congestion_count"": 1, ""from_x"": 139.696, ""from_y"": -153.083, ""to_x"": 139.652, ""to_y"": -150.053, ""from_floor"": 0, ""to_floor"": 0}",,,,0.0,,,False,,,{}
AMR-B-1,GEN_WASTE_D44_00001,corridor,2026-01-01 21:02:30,2026-01-01 21:02:33,C0-17,C0-16,,,139.652,-150.053,0,142.744,-150.046,0,completed,57750.661,2026-01-01 21:02:30,segment_corridor,Clinical Waste Bin,Clinical_Waste_Bin-shared_OPD_SET_1-000001,,[],[],[],0,0,,C0-17,C0-16,,3.031,0.0,3.092,0.0,0.0,"{""type"": ""corridor"", ""from"": ""C0-17"", ""to"": ""C0-16"", ""duration"": 3.031380317317508, ""distance_m"": 3.0920079236638576, ""speed_factor"": 0.85, ""congestion_count"": 1, ""from_x"": 139.652, ""from_y"": -150.053, ""to_x"": 142.744, ""to_y"": -150.046, ""from_floor"": 0, ""to_floor"": 0}",,,,0.0,,,False,,,{}
AMR-B-1,GEN_WASTE_D44_00001,corridor,2026-01-01 21:02:33,2026-01-01 21:02:36,C0-16,C0-45,,,142.744,-150.046,0,142.637,-146.743,0,completed,57753.692,2026-01-01 21:02:33,segment_corridor,Clinical Waste Bin,Clinical_Waste_Bin-shared_OPD_SET_1-000001,,[],[],[],0,0,,C0-16,C0-45,,2.754,0.0,3.305,0.0,0.0,"{""type"": ""corridor"", ""from"": ""C0-16"", ""to"": ""C0-45"", ""duration"": 2.7539438891241836, ""distance_m"": 3.30473266694902, ""speed_factor"": 1.0, ""congestion_count"": 0, ""from_x"": 142.744, ""from_y"": -150.046, ""to_x"": 142.637, ""to_y"": -146.743, ""from_floor"": 0, ""to_floor"": 0}",,,,0.0,,,False,,,{}
AMR-B-1,GEN_WASTE_D44_00001,corridor,2026-01-01 21:02:36,2026-01-01 21:02:43,C0-45,C0-44,,,142.637,-146.743,0,142.385,-138.767,0,completed,57756.446,2026-01-01 21:02:36,segment_corridor,Clinical Waste Bin,Clinical_Waste_Bin-shared_OPD_SET_1-000001,,[],[],[],0,0,,C0-45,C0-44,,6.65,0.0,7.98,0.0,0.0,"{""type"": ""corridor"", ""from"": ""C0-45"", ""to"": ""C0-44"", ""duration"": 6.649983291541249, ""distance_m"": 7.979979949849498, ""speed_factor"": 1.0, ""congestion_count"": 0, ""from_x"": 142.637, ""from_y"": -146.743, ""to_x"": 142.385, ""to_y"": -138.767, ""from_floor"": 0, ""to_floor"": 0}",,,,0.0,,,False,,,{}
AMR-B-1,GEN_WASTE_D44_00001,corridor,2026-01-01 21:02:43,2026-01-01 21:02:45,C0-44,C0-15,,,142.385,-138.767,0,142.311,-135.582,0,completed,57763.096,2026-01-01 21:02:43,segment_corridor,Clinical Waste Bin,Clinical_Waste_Bin-shared_OPD_SET_1-000001,,[],[],[],0,0,,C0-44,C0-15,,2.655,0.0,3.186,0.0,0.0,"{""type"": ""corridor"", ""from"": ""C0-44"", ""to"": ""C0-15"", ""duration"": 2.6548829488740613, ""distance_m"": 3.1858595386488733, ""speed_factor"": 1.0, ""congestion_count"": 0, ""from_x"": 142.385, ""from_y"": -138.767, ""to_x"": 142.311, ""to_y"": -135.582, ""from_floor"": 0, ""to_floor"": 0}",,,,0.0,,,False,,,{}
AMR-B-1,GEN_WASTE_D44_00001,corridor,2026-01-01 21:02:45,2026-01-01 21:02:48,C0-15,C0-14,,,142.311,-135.582,0,142.333,-132.392,0,completed,57765.751,2026-01-01 21:02:45,segment_corridor,Clinical Waste Bin,Clinical_Waste_Bin-shared_OPD_SET_1-000001,,[],[],[],0,0,,C0-15,C0-14,,2.658,0.0,3.19,0.0,0.0,"{""type"": ""corridor"", ""from"": ""C0-15"", ""to"": ""C0-14"", ""duration"": 2.6583965509724488, ""distance_m"": 3.1900758611669384, ""speed_factor"": 1.0, ""congestion_count"": 0, ""from_x"": 142.311, ""from_y"": -135.582, ""to_x"": 142.333, ""to_y"": -132.392, ""from_floor"": 0, ""to_floor"": 0}",,,,0.0,,,False,,,{}
AMR-B-1,GEN_WASTE_D44_00001,corridor,2026-01-01 21:02:48,2026-01-01 21:02:56,C0-14,C0-13,,,142.333,-132.392,0,151.939,-132.199,0,completed,57768.409,2026-01-01 21:02:48,segment_corridor,Clinical Waste Bin,Clinical_Waste_Bin-shared_OPD_SET_1-000001,,[],[],[],0,0,,C0-14,C0-13,,8.007,0.0,9.608,0.0,0.0,"{""type"": ""corridor"", ""from"": ""C0-14"", ""to"": ""C0-13"", ""duration"": 8.006615537236133, ""distance_m"": 9.607938644683358, ""speed_factor"": 1.0, ""congestion_count"": 0, ""from_x"": 142.333, ""from_y"": -132.392, ""to_x"": 151.939, ""to_y"": -132.199, ""from_floor"": 0, ""to_floor"": 0}",,,,0.0,,,False,,,{}
AMR-B-1,GEN_WASTE_D44_00001,corridor,2026-01-01 21:02:56,2026-01-01 21:03:04,C0-13,C0-12,,,151.939,-132.199,0,151.969,-122.524,0,completed,57776.416,2026-01-01 21:02:56,segment_corridor,Clinical Waste Bin,Clinical_Waste_Bin-shared_OPD_SET_1-000001,,[],[],[],0,0,,C0-13,C0-12,,8.063,0.0,9.675,0.0,0.0,"{""type"": ""corridor"", ""from"": ""C0-13"", ""to"": ""C0-12"", ""duration"": 8.062538759596766, ""distance_m"": 9.675046511516118, ""speed_factor"": 1.0, ""congestion_count"": 0, ""from_x"": 151.939, ""from_y"": -132.199, ""to_x"": 151.969, ""to_y"": -122.524, ""from_floor"": 0, ""to_floor"": 0}",,,,0.0,,,False,,,{}
AMR-B-1,GEN_WASTE_D44_00001,corridor,2026-01-01 21:03:04,2026-01-01 21:03:07,C0-12,C0-82,,,151.969,-122.524,0,151.957,-118.723,0,completed,57784.479,2026-01-01 21:03:04,segment_corridor,Clinical Waste Bin,Clinical_Waste_Bin-shared_OPD_SET_1-000001,,[],[],[],0,0,,C0-12,C0-82,,3.168,0.0,3.801,0.0,0.0,"{""type"": ""corridor"", ""from"": ""C0-12"", ""to"": ""C0-82"", ""duration"": 3.167515785280321, ""distance_m"": 3.8010189423363854, ""speed_factor"": 1.0, ""congestion_count"": 0, ""from_x"": 151.969, ""from_y"": -122.524, ""to_x"": 151.957, ""to_y"": -118.723, ""from_floor"": 0, ""to_floor"": 0}",,,,0.0,,,False,,,{}
AMR-B-1,GEN_WASTE_D44_00001,corridor,2026-01-01 21:03:07,2026-01-01 21:03:14,C0-82,C0-107,,,151.957,-118.723,0,151.875,-110.231,0,completed,57787.646,2026-01-01 21:03:07,segment_corridor,Clinical Waste Bin,Clinical_Waste_Bin-shared_OPD_SET_1-000001,,[],[],[],0,0,,C0-82,C0-107,,7.077,0.0,8.492,0.0,0.0,"{""type"": ""corridor"", ""from"": ""C0-82"", ""to"": ""C0-107"", ""duration"": 7.076996577331065, ""distance_m"": 8.492395892797278, ""speed_factor"": 1.0, ""congestion_count"": 0, ""from_x"": 151.957, ""from_y"": -118.723, ""to_x"": 151.875, ""to_y"": -110.231, ""from_floor"": 0, ""to_floor"": 0}",,,,0.0,,,False,,,{}
AMR-B-1,GEN_WASTE_D44_00001,corridor,2026-01-01 21:03:14,2026-01-01 21:03:20,C0-107,C0-10,,,151.875,-110.231,0,151.906,-103.332,0,completed,57794.723,2026-01-01 21:03:14,segment_corridor,Clinical Waste Bin,Clinical_Waste_Bin-shared_OPD_SET_1-000001,,[],[],[],0,0,,C0-107,C0-10,,5.749,0.0,6.899,0.0,0.0,"{""type"": ""corridor"", ""from"": ""C0-107"", ""to"": ""C0-10"", ""duration"": 5.749224706186238, ""distance_m"": 6.899069647423485, ""speed_factor"": 1.0, ""congestion_count"": 0, ""from_x"": 151.875, ""from_y"": -110.231, ""to_x"": 151.906, ""to_y"": -103.332, ""from_floor"": 0, ""to_floor"": 0}",,,,0.0,,,False,,,{}
AMR-B-1,GEN_WASTE_D44_00001,corridor,2026-01-01 21:03:20,2026-01-01 21:03:29,C0-10,C0-78,,,151.906,-103.332,0,151.853,-93.062,0,completed,57800.472,2026-01-01 21:03:20,segment_corridor,Clinical Waste Bin,Clinical_Waste_Bin-shared_OPD_SET_1-000001,,[],[],[],0,0,,C0-10,C0-78,,8.558,0.0,10.27,0.0,0.0,"{""type"": ""corridor"", ""from"": ""C0-10"", ""to"": ""C0-78"", ""duration"": 8.558447297196428, ""distance_m"": 10.270136756635713, ""speed_factor"": 1.0, ""congestion_count"": 0, ""from_x"": 151.906, ""from_y"": -103.332, ""to_x"": 151.853, ""to_y"": -93.062, ""from_floor"": 0, ""to_floor"": 0}",,,,0.0,,,False,,,{}
AMR-B-1,GEN_WASTE_D44_00001,corridor,2026-01-01 21:03:29,2026-01-01 21:03:36,C0-78,C0-9,,,151.853,-93.062,0,151.815,-84.679,0,completed,57809.031,2026-01-01 21:03:29,segment_corridor,Clinical Waste Bin,Clinical_Waste_Bin-shared_OPD_SET_1-000001,,[],[],[],0,0,,C0-78,C0-9,,6.986,0.0,8.383,0.0,0.0,"{""type"": ""corridor"", ""from"": ""C0-78"", ""to"": ""C0-9"", ""duration"": 6.9859051052021055, ""distance_m"": 8.383086126242526, ""speed_factor"": 1.0, ""congestion_count"": 0, ""from_x"": 151.853, ""from_y"": -93.062, ""to_x"": 151.815, ""to_y"": -84.679, ""from_floor"": 0, ""to_floor"": 0}",,,,0.0,,,False,,,{}
AMR-B-1,GEN_WASTE_D44_00001,corridor,2026-01-01 21:03:36,2026-01-01 21:03:43,C0-9,C0-8,,,151.815,-84.679,0,151.852,-75.529,0,completed,57816.017,2026-01-01 21:03:36,segment_corridor,Clinical Waste Bin,Clinical_Waste_Bin-shared_OPD_SET_1-000001,,[],[],[],0,0,,C0-9,C0-8,,7.625,0.0,9.15,0.0,0.0,"{""type"": ""corridor"", ""from"": ""C0-9"", ""to"": ""C0-8"", ""duration"": 7.625062340364472, ""distance_m"": 9.150074808437367, ""speed_factor"": 1.0, ""congestion_count"": 0, ""from_x"": 151.815, ""from_y"": -84.679, ""to_x"": 151.852, ""to_y"": -75.529, ""from_floor"": 0, ""to_floor"": 0}",,,,0.0,,,False,,,{}
AMR-B-1,GEN_WASTE_D44_00001,corridor,2026-01-01 21:03:43,2026-01-01 21:04:01,C0-8,C0-105,,,151.852,-75.529,0,172.881,-75.288,0,completed,57823.642,2026-01-01 21:03:43,segment_corridor,Clinical Waste Bin,Clinical_Waste_Bin-shared_OPD_SET_1-000001,,[],[],[],0,0,,C0-8,C0-105,,17.525,0.0,21.03,0.0,0.0,"{""type"": ""corridor"", ""from"": ""C0-8"", ""to"": ""C0-105"", ""duration"": 17.525317440459926, ""distance_m"": 21.03038092855191, ""speed_factor"": 1.0, ""congestion_count"": 0, ""from_x"": 151.852, ""from_y"": -75.529, ""to_x"": 172.881, ""to_y"": -75.288, ""from_floor"": 0, ""to_floor"": 0}",,,,0.0,,,False,,,{}
AMR-B-1,GEN_WASTE_D44_00001,corridor,2026-01-01 21:04:01,2026-01-01 21:04:08,C0-105,C0-6,,,172.881,-75.288,0,181.948,-75.288,0,completed,57841.167,2026-01-01 21:04:01,segment_corridor,Clinical Waste Bin,Clinical_Waste_Bin-shared_OPD_SET_1-000001,,[],[],[],0,0,,C0-105,C0-6,,7.556,0.0,9.067,0.0,0.0,"{""type"": ""corridor"", ""from"": ""C0-105"", ""to"": ""C0-6"", ""duration"": 7.555833333333339, ""distance_m"": 9.067000000000007, ""speed_factor"": 1.0, ""congestion_count"": 0, ""from_x"": 172.881, ""from_y"": -75.288, ""to_x"": 181.948, ""to_y"": -75.288, ""from_floor"": 0, ""to_floor"": 0}",,,,0.0,,,False,,,{}
AMR-B-1,GEN_WASTE_D44_00001,corridor,2026-01-01 21:04:08,2026-01-01 21:04:18,C0-6,C0-5,,,181.948,-75.288,0,181.917,-63.981,0,completed,57848.723,2026-01-01 21:04:08,segment_corridor,Clinical Waste Bin,Clinical_Waste_Bin-shared_OPD_SET_1-000001,,[],[],[],0,0,,C0-6,C0-5,,9.423,0.0,11.307,0.0,0.0,"{""type"": ""corridor"", ""from"": ""C0-6"", ""to"": ""C0-5"", ""duration"": 9.422535413099334, ""distance_m"": 11.3070424957192, ""speed_factor"": 1.0, ""congestion_count"": 0, ""from_x"": 181.948, ""from_y"": -75.288, ""to_x"": 181.917, ""to_y"": -63.981, ""from_floor"": 0, ""to_floor"": 0}",,,,0.0,,,False,,,{}
AMR-B-1,GEN_WASTE_D44_00001,corridor,2026-01-01 21:04:18,2026-01-01 21:04:32,C0-5,C0-104,,,181.917,-63.981,0,181.881,-46.498,0,completed,57858.145,2026-01-01 21:04:18,segment_corridor,Clinical Waste Bin,Clinical_Waste_Bin-shared_OPD_SET_1-000001,,[],[],[],0,0,,C0-5,C0-104,,14.569,0.0,17.483,0.0,0.0,"{""type"": ""corridor"", ""from"": ""C0-5"", ""to"": ""C0-104"", ""duration"": 14.569197553781445, ""distance_m"": 17.483037064537733, ""speed_factor"": 1.0, ""congestion_count"": 0, ""from_x"": 181.917, ""from_y"": -63.981, ""to_x"": 181.881, ""to_y"": -46.498, ""from_floor"": 0, ""to_floor"": 0}",,,,0.0,,,False,,,{}
AMR-B-1,GEN_WASTE_D44_00001,corridor,2026-01-01 21:04:32,2026-01-01 21:04:36,C0-104,C0-4,,,181.881,-46.498,0,181.948,-41.989,0,completed,57872.715,2026-01-01 21:04:32,segment_corridor,Clinical Waste Bin,Clinical_Waste_Bin-shared_OPD_SET_1-000001,,[],[],[],0,0,,C0-104,C0-4,,3.758,0.0,4.509,0.0,0.0,"{""type"": ""corridor"", ""from"": ""C0-104"", ""to"": ""C0-4"", ""duration"": 3.757914795616196, ""distance_m"": 4.509497754739435, ""speed_factor"": 1.0, ""congestion_count"": 0, ""from_x"": 181.881, ""from_y"": -46.498, ""to_x"": 181.948, ""to_y"": -41.989, ""from_floor"": 0, ""to_floor"": 0}",,,,0.0,,,False,,,{}
AMR-B-1,GEN_WASTE_D44_00001,corridor,2026-01-01 21:04:36,2026-01-01 21:04:39,C0-4,C0-46,,,181.948,-41.989,0,181.989,-38.315,0,completed,57876.473,2026-01-01 21:04:36,segment_corridor,Clinical Waste Bin,Clinical_Waste_Bin-shared_OPD_SET_1-000001,,[],[],[],0,0,,C0-4,C0-46,,3.062,0.0,3.674,0.0,0.0,"{""type"": ""corridor"", ""from"": ""C0-4"", ""to"": ""C0-46"", ""duration"": 3.0618573021760644, ""distance_m"": 3.674228762611277, ""speed_factor"": 1.0, ""congestion_count"": 0, ""from_x"": 181.948, ""from_y"": -41.989, ""to_x"": 181.989, ""to_y"": -38.315, ""from_floor"": 0, ""to_floor"": 0}",,,,0.0,,,False,,,{}
AMR-B-1,GEN_WASTE_D44_00001,corridor,2026-01-01 21:04:39,2026-01-01 21:05:13,C0-46,C0-47,,,181.989,-38.315,0,182.032,2.94,0,completed,57879.534,2026-01-01 21:04:39,segment_corridor,Clinical Waste Bin,Clinical_Waste_Bin-shared_OPD_SET_1-000001,,[],[],[],0,0,,C0-46,C0-47,,34.379,0.0,41.255,0.0,0.0,"{""type"": ""corridor"", ""from"": ""C0-46"", ""to"": ""C0-47"", ""duration"": 34.37918534116569, ""distance_m"": 41.255022409398826, ""speed_factor"": 1.0, ""congestion_count"": 0, ""from_x"": 181.989, ""from_y"": -38.315, ""to_x"": 182.032, ""to_y"": 2.94, ""from_floor"": 0, ""to_floor"": 0}",,,,0.0,,,False,,,{}
AMR-B-1,GEN_WASTE_D44_00001,corridor,2026-01-01 21:05:13,2026-01-01 21:05:21,C0-47,C0-48,,,182.032,2.94,0,182.055,11.583,0,completed,57913.914,2026-01-01 21:05:13,segment_corridor,Clinical Waste Bin,Clinical_Waste_Bin-shared_OPD_SET_1-000001,,[],[],[],0,0,,C0-47,C0-48,,7.203,0.0,8.643,0.0,0.0,"{""type"": ""corridor"", ""from"": ""C0-47"", ""to"": ""C0-48"", ""duration"": 7.202525502288148, ""distance_m"": 8.643030602745776, ""speed_factor"": 1.0, ""congestion_count"": 0, ""from_x"": 182.032, ""from_y"": 2.94, ""to_x"": 182.055, ""to_y"": 11.583, ""from_floor"": 0, ""to_floor"": 0}",,,,0.0,,,False,,,{}
AMR-B-1,GEN_WASTE_D44_00001,corridor,2026-01-01 21:05:21,2026-01-01 21:05:26,C0-48,D47-WASTE,,,182.055,11.583,0,176.0,12.0,0,completed,57921.116,2026-01-01 21:05:21,segment_corridor,Clinical Waste Bin,Clinical_Waste_Bin-shared_OPD_SET_1-000001,,[],[],[],0,0,,C0-48,D47-WASTE,,5.058,0.0,6.069,0.0,0.0,"{""type"": ""corridor"", ""from"": ""C0-48"", ""to"": ""D47-WASTE"", ""duration"": 5.057785115816788, ""distance_m"": 6.069342138980145, ""speed_factor"": 1.0, ""congestion_count"": 0, ""from_x"": 182.055, ""from_y"": 11.583, ""to_x"": 176.0, ""to_y"": 12.0, ""from_floor"": 0, ""to_floor"": 0}",,,,0.0,,,False,,,{}
AMR-B-1,GEN_WASTE_D44_00001,dropoff,2026-01-01 21:05:26,2026-01-01 21:05:46,,,,,,,,,,,completed,57926.174,2026-01-01 21:05:26,segment_dropoff,Clinical Waste Bin,Clinical_Waste_Bin-shared_OPD_SET_1-000001,,[],[],[],0,0,,D4-WASTE,D47-WASTE,,20.0,0.0,0.0,0.0,0.0,"{""type"": ""dropoff"", ""location"": ""D47-WASTE"", ""duration"": 20.0, ""inventory_space"": ""Clinical Waste Bin space 1"", ""from_x"": null, ""from_y"": null, ""to_x"": null, ""to_y"": null, ""from_floor"": null, ""to_floor"": null}",,,,0.0,,,False,,,{}
AMR-B-1,GEN_WASTE_D44_00001,,2026-01-01 21:05:46,2026-01-01 21:05:46,,,,,,,,,,,finish,57946.174,2026-01-01 21:05:46,task_complete,Clinical Waste Bin,Clinical_Waste_Bin-shared_OPD_SET_1-000001,,[],[],[],0,0,,D4-WASTE,D47-WASTE,,0.0,0.0,0.0,0.0,0.0,Task GEN_WASTE_D44_00001 completed,department_waste,D44,Clinical,0.616,Clinical Waste Bin,,False,,,{}
,RETURN-GEN_WASTE_D44_00001-1,,2026-01-01 21:05:46,2026-01-01 21:05:46,D47-WASTE,D4-WASTE,,,176.0,12.0,0,139.696,-153.083,0,generated,57946.174,2026-01-01 21:05:46,return_task_generated,Clinical Waste Bin,,,[],[],[],0,0,,D47-WASTE,D4-WASTE,,0.0,0.0,0.0,0.0,0.0,Generated delayed return for GEN_WASTE_D44_00001,task_generation_return,D44,,0.0,Clinical Waste Bin,,False,,,{}
,,,2026-01-01 21:05:46,2026-01-01 21:15:00,,,,,,,,,,,waiting,57946.174,2026-01-01 21:05:46,task_wait,,,,[],[],[],0,0,,,,,553.826,0.0,0.0,0.0,0.0,No AMRs currently available,,,,0.0,,,False,,,{}
,,,2026-01-01 21:15:00,2026-01-01 21:30:00,,,,,,,,,,,waiting,58500.0,2026-01-01 21:15:00,task_wait,,,,[],[],[],0,0,,,,,900.0,0.0,0.0,0.0,0.0,No AMRs currently available,,,,0.0,,,False,,,{}
,,,2026-01-01 21:30:00,2026-01-01 21:45:00,,,,,,,,,,,waiting,59400.0,2026-01-01 21:30:00,task_wait,,,,[],[],[],0,0,,,,,900.0,0.0,0.0,0.0,0.0,No AMRs currently available,,,,0.0,,,False,,,{}
,,,2026-01-01 21:45:00,2026-01-01 22:00:00,,,,,,,,,,,waiting,60300.0,2026-01-01 21:45:00,task_wait,,,,[],[],[],0,0,,,,,900.0,0.0,0.0,0.0,0.0,No AMRs currently available,,,,0.0,,,False,,,{}
,,,2026-01-01 22:00:00,2026-01-01 22:15:00,,,,,,,,,,,waiting,61200.0,2026-01-01 22:00:00,task_wait,,,,[],[],[],0,0,,,,,900.0,0.0,0.0,0.0,0.0,No AMRs currently available,,,,0.0,,,False,,,{}
,,,2026-01-01 22:15:00,2026-01-01 22:30:00,,,,,,,,,,,waiting,62100.0,2026-01-01 22:15:00,task_wait,,,,[],[],[],0,0,,,,,900.0,0.0,0.0,0.0,0.0,No AMRs currently available,,,,0.0,,,False,,,{}
,,,2026-01-01 22:30:00,2026-01-01 22:45:00,,,,,,,,,,,waiting,63000.0,2026-01-01 22:30:00,task_wait,,,,[],[],[],0,0,,,,,900.0,0.0,0.0,0.0,0.0,No AMRs currently available,,,,0.0,,,False,,,{}
,,,2026-01-01 22:45:00,2026-01-01 23:00:00,,,,,,,,,,,waiting,63900.0,2026-01-01 22:45:00,task_wait,,,,[],[],[],0,0,,,,,900.0,0.0,0.0,0.0,0.0,No AMRs currently available,,,,0.0,,,False,,,{}
,,,2026-01-01 23:00:00,2026-01-01 23:15:00,,,,,,,,,,,waiting,64800.0,2026-01-01 23:00:00,task_wait,,,,[],[],[],0,0,,,,,900.0,0.0,0.0,0.0,0.0,No AMRs currently available,,,,0.0,,,False,,,{}
,,,2026-01-01 23:15:00,2026-01-01 23:30:00,,,,,,,,,,,waiting,65700.0,2026-01-01 23:15:00,task_wait,,,,[],[],[],0,0,,,,,900.0,0.0,0.0,0.0,0.0,No AMRs currently available,,,,0.0,,,False,,,{}
,,,2026-01-01 23:30:00,2026-01-01 23:45:00,,,,,,,,,,,waiting,66600.0,2026-01-01 23:30:00,task_wait,,,,[],[],[],0,0,,,,,900.0,0.0,0.0,0.0,0.0,No AMRs currently available,,,,0.0,,,False,,,{}
,,,2026-01-01 23:45:00,2026-01-02 00:00:00,,,,,,,,,,,waiting,67500.0,2026-01-01 23:45:00,task_wait,,,,[],[],[],0,0,,,,,900.0,0.0,0.0,0.0,0.0,No AMRs currently available,,,,0.0,,,False,,,{}
,,,2026-01-02 00:00:00,2026-01-02 00:15:00,,,,,,,,,,,waiting,68400.0,2026-01-02 00:00:00,task_wait,,,,[],[],[],0,0,,,,,900.0,0.0,0.0,0.0,0.0,No AMRs currently available,,,,0.0,,,False,,,{}
,,,2026-01-02 00:15:00,2026-01-02 00:30:00,,,,,,,,,,,waiting,69300.0,2026-01-02 00:15:00,task_wait,,,,[],[],[],0,0,,,,,900.0,0.0,0.0,0.0,0.0,No AMRs currently available,,,,0.0,,,False,,,{}
,,,2026-01-02 00:30:00,2026-01-02 00:45:00,,,,,,,,,,,waiting,70200.0,2026-01-02 00:30:00,task_wait,,,,[],[],[],0,0,,,,,900.0,0.0,0.0,0.0,0.0,No AMRs currently available,,,,0.0,,,False,,,{}
,,,2026-01-02 00:45:00,2026-01-02 01:00:00,,,,,,,,,,,waiting,71100.0,2026-01-02 00:45:00,task_wait,,,,[],[],[],0,0,,,,,900.0,0.0,0.0,0.0,0.0,No AMRs currently available,,,,0.0,,,False,,,{}
,,,2026-01-02 01:00:00,2026-01-02 01:15:00,,,,,,,,,,,waiting,72000.0,2026-01-02 01:00:00,task_wait,,,,[],[],[],0,0,,,,,900.0,0.0,0.0,0.0,0.0,No AMRs currently available,,,,0.0,,,False,,,{}
,,,2026-01-02 01:15:00,2026-01-02 01:30:00,,,,,,,,,,,waiting,72900.0,2026-01-02 01:15:00,task_wait,,,,[],[],[],0,0,,,,,900.0,0.0,0.0,0.0,0.0,No AMRs currently available,,,,0.0,,,False,,,{}
,,,2026-01-02 01:30:00,2026-01-02 01:45:00,,,,,,,,,,,waiting,73800.0,2026-01-02 01:30:00,task_wait,,,,[],[],[],0,0,,,,,900.0,0.0,0.0,0.0,0.0,No AMRs currently available,,,,0.0,,,False,,,{}
,,,2026-01-02 01:45:00,2026-01-02 02:00:00,,,,,,,,,,,waiting,74700.0,2026-01-02 01:45:00,task_wait,,,,[],[],[],0,0,,,,,900.0,0.0,0.0,0.0,0.0,No AMRs currently available,,,,0.0,,,False,,,{}
,,,2026-01-02 02:00:00,2026-01-02 02:15:00,,,,,,,,,,,waiting,75600.0,2026-01-02 02:00:00,task_wait,,,,[],[],[],0,0,,,,,900.0,0.0,0.0,0.0,0.0,No AMRs currently available,,,,0.0,,,False,,,{}
,,,2026-01-02 02:15:00,2026-01-02 02:30:00,,,,,,,,,,,waiting,76500.0,2026-01-02 02:15:00,task_wait,,,,[],[],[],0,0,,,,,900.0,0.0,0.0,0.0,0.0,No AMRs currently available,,,,0.0,,,False,,,{}
,,,2026-01-02 02:30:00,2026-01-02 02:45:00,,,,,,,,,,,waiting,77400.0,2026-01-02 02:30:00,task_wait,,,,[],[],[],0,0,,,,,900.0,0.0,0.0,0.0,0.0,No AMRs currently available,,,,0.0,,,False,,,{}
,,,2026-01-02 02:45:00,2026-01-02 03:00:00,,,,,,,,,,,waiting,78300.0,2026-01-02 02:45:00,task_wait,,,,[],[],[],0,0,,,,,900.0,0.0,0.0,0.0,0.0,No AMRs currently available,,,,0.0,,,False,,,{}
,,,2026-01-02 03:00:00,2026-01-02 03:15:00,,,,,,,,,,,waiting,79200.0,2026-01-02 03:00:00,task_wait,,,,[],[],[],0,0,,,,,900.0,0.0,0.0,0.0,0.0,No AMRs currently available,,,,0.0,,,False,,,{}
,,,2026-01-02 03:15:00,2026-01-02 03:30:00,,,,,,,,,,,waiting,80100.0,2026-01-02 03:15:00,task_wait,,,,[],[],[],0,0,,,,,900.0,0.0,0.0,0.0,0.0,No AMRs currently available,,,,0.0,,,False,,,{}
,,,2026-01-02 03:30:00,2026-01-02 03:45:00,,,,,,,,,,,waiting,81000.0,2026-01-02 03:30:00,task_wait,,,,[],[],[],0,0,,,,,900.0,0.0,0.0,0.0,0.0,No AMRs currently available,,,,0.0,,,False,,,{}
,,,2026-01-02 03:45:00,2026-01-02 04:00:00,,,,,,,,,,,waiting,81900.0,2026-01-02 03:45:00,task_wait,,,,[],[],[],0,0,,,,,900.0,0.0,0.0,0.0,0.0,No AMRs currently available,,,,0.0,,,False,,,{}
,,,2026-01-02 04:00:00,2026-01-02 04:15:00,,,,,,,,,,,waiting,82800.0,2026-01-02 04:00:00,task_wait,,,,[],[],[],0,0,,,,,900.0,0.0,0.0,0.0,0.0,No AMRs currently available,,,,0.0,,,False,,,{}
,,,2026-01-02 04:15:00,2026-01-02 04:30:00,,,,,,,,,,,waiting,83700.0,2026-01-02 04:15:00,task_wait,,,,[],[],[],0,0,,,,,900.0,0.0,0.0,0.0,0.0,No AMRs currently available,,,,0.0,,,False,,,{}
,,,2026-01-02 04:30:00,2026-01-02 04:45:00,,,,,,,,,,,waiting,84600.0,2026-01-02 04:30:00,task_wait,,,,[],[],[],0,0,,,,,900.0,0.0,0.0,0.0,0.0,No AMRs currently available,,,,0.0,,,False,,,{}
,,,2026-01-02 04:45:00,2026-01-02 05:00:00,,,,,,,,,,,waiting,85500.0,2026-01-02 04:45:00,task_wait,,,,[],[],[],0,0,,,,,900.0,0.0,0.0,0.0,0.0,No AMRs currently available,,,,0.0,,,False,,,{}
,,,2026-01-02 05:00:00,2026-01-02 05:15:00,,,,,,,,,,,waiting,86400.0,2026-01-02 05:00:00,task_wait,,,,[],[],[],0,0,,,,,900.0,0.0,0.0,0.0,0.0,No AMRs currently available,,,,0.0,,,False,,,{}
,,,2026-01-02 05:15:00,2026-01-02 05:30:00,,,,,,,,,,,waiting,87300.0,2026-01-02 05:15:00,task_wait,,,,[],[],[],0,0,,,,,900.0,0.0,0.0,0.0,0.0,No AMRs currently available,,,,0.0,,,False,,,{}
,,,2026-01-02 05:30:00,2026-01-02 05:45:00,,,,,,,,,,,waiting,88200.0,2026-01-02 05:30:00,task_wait,,,,[],[],[],0,0,,,,,900.0,0.0,0.0,0.0,0.0,No AMRs currently available,,,,0.0,,,False,,,{}
,,,2026-01-02 05:45:00,2026-01-02 06:00:00,,,,,,,,,,,waiting,89100.0,2026-01-02 05:45:00,task_wait,,,,[],[],[],0,0,,,,,900.0,0.0,0.0,0.0,0.0,No AMRs currently available,,,,0.0,,,False,,,{}
,,,2026-01-02 06:00:00,2026-01-02 06:15:00,,,,,,,,,,,waiting,90000.0,2026-01-02 06:00:00,task_wait,,,,[],[],[],0,0,,,,,900.0,0.0,0.0,0.0,0.0,No AMRs currently available,,,,0.0,,,False,,,{}
,,,2026-01-02 06:15:00,2026-01-02 06:30:00,,,,,,,,,,,waiting,90900.0,2026-01-02 06:15:00,task_wait,,,,[],[],[],0,0,,,,,900.0,0.0,0.0,0.0,0.0,No AMRs currently available,,,,0.0,,,False,,,{}
,,,2026-01-02 06:30:00,2026-01-02 06:45:00,,,,,,,,,,,waiting,91800.0,2026-01-02 06:30:00,task_wait,,,,[],[],[],0,0,,,,,900.0,0.0,0.0,0.0,0.0,No AMRs currently available,,,,0.0,,,False,,,{}
,,,2026-01-02 06:45:00,2026-01-02 07:00:00,,,,,,,,,,,waiting,92700.0,2026-01-02 06:45:00,task_wait,,,,[],[],[],0,0,,,,,900.0,0.0,0.0,0.0,0.0,No AMRs currently available,,,,0.0,,,False,,,{}
,,,2026-01-02 07:00:00,2026-01-02 07:15:00,,,,,,,,,,,waiting,93600.0,2026-01-02 07:00:00,task_wait,,,,[],[],[],0,0,,,,,900.0,0.0,0.0,0.0,0.0,No AMRs currently available,,,,0.0,,,False,,,{}
,,,2026-01-02 07:15:00,2026-01-02 07:30:00,,,,,,,,,,,waiting,94500.0,2026-01-02 07:15:00,task_wait,,,,[],[],[],0,0,,,,,900.0,0.0,0.0,0.0,0.0,No AMRs currently available,,,,0.0,,,False,,,{}
,,,2026-01-02 07:30:00,2026-01-02 07:45:00,,,,,,,,,,,waiting,95400.0,2026-01-02 07:30:00,task_wait,,,,[],[],[],0,0,,,,,900.0,0.0,0.0,0.0,0.0,No AMRs currently available,,,,0.0,,,False,,,{}
,,,2026-01-02 07:45:00,2026-01-02 08:00:00,,,,,,,,,,,waiting,96300.0,2026-01-02 07:45:00,task_wait,,,,[],[],[],0,0,,,,,900.0,0.0,0.0,0.0,0.0,No AMRs currently available,,,,0.0,,,False,,,{}
,,,2026-01-02 08:00:00,2026-01-02 08:15:00,,,,,,,,,,,waiting,97200.0,2026-01-02 08:00:00,task_wait,,,,[],[],[],0,0,,,,,900.0,0.0,0.0,0.0,0.0,No AMRs currently available,,,,0.0,,,False,,,{}
,,,2026-01-02 08:15:00,2026-01-02 08:30:00,,,,,,,,,,,waiting,98100.0,2026-01-02 08:15:00,task_wait,,,,[],[],[],0,0,,,,,900.0,0.0,0.0,0.0,0.0,No AMRs currently available,,,,0.0,,,False,,,{}
,,,2026-01-02 08:30:00,2026-01-02 08:45:00,,,,,,,,,,,waiting,99000.0,2026-01-02 08:30:00,task_wait,,,,[],[],[],0,0,,,,,900.0,0.0,0.0,0.0,0.0,No AMRs currently available,,,,0.0,,,False,,,{}
,,,2026-01-02 08:45:00,2026-01-02 09:00:00,,,,,,,,,,,waiting,99900.0,2026-01-02 08:45:00,task_wait,,,,[],[],[],0,0,,,,,900.0,0.0,0.0,0.0,0.0,No AMRs currently available,,,,0.0,,,False,,,{}
,,,2026-01-02 09:00:00,2026-01-02 09:15:00,,,,,,,,,,,waiting,100800.0,2026-01-02 09:00:00,task_wait,,,,[],[],[],0,0,,,,,900.0,0.0,0.0,0.0,0.0,No AMRs currently available,,,,0.0,,,False,,,{}
,,,2026-01-02 09:15:00,2026-01-02 09:30:00,,,,,,,,,,,waiting,101700.0,2026-01-02 09:15:00,task_wait,,,,[],[],[],0,0,,,,,900.0,0.0,0.0,0.0,0.0,No AMRs currently available,,,,0.0,,,False,,,{}
,,,2026-01-02 09:30:00,2026-01-02 09:45:00,,,,,,,,,,,waiting,102600.0,2026-01-02 09:30:00,task_wait,,,,[],[],[],0,0,,,,,900.0,0.0,0.0,0.0,0.0,No AMRs currently available,,,,0.0,,,False,,,{}
,,,2026-01-02 09:45:00,2026-01-02 10:00:00,,,,,,,,,,,waiting,103500.0,2026-01-02 09:45:00,task_wait,,,,[],[],[],0,0,,,,,900.0,0.0,0.0,0.0,0.0,No AMRs currently available,,,,0.0,,,False,,,{}
,,,2026-01-02 10:00:00,2026-01-02 10:15:00,,,,,,,,,,,waiting,104400.0,2026-01-02 10:00:00,task_wait,,,,[],[],[],0,0,,,,,900.0,0.0,0.0,0.0,0.0,No AMRs currently available,,,,0.0,,,False,,,{}
,,,2026-01-02 10:15:00,2026-01-02 10:30:00,,,,,,,,,,,waiting,105300.0,2026-01-02 10:15:00,task_wait,,,,[],[],[],0,0,,,,,900.0,0.0,0.0,0.0,0.0,No AMRs currently available,,,,0.0,,,False,,,{}
,,,2026-01-02 10:30:00,2026-01-02 10:45:00,,,,,,,,,,,waiting,106200.0,2026-01-02 10:30:00,task_wait,,,,[],[],[],0,0,,,,,900.0,0.0,0.0,0.0,0.0,No AMRs currently available,,,,0.0,,,False,,,{}
,,,2026-01-02 10:45:00,2026-01-02 11:00:00,,,,,,,,,,,waiting,107100.0,2026-01-02 10:45:00,task_wait,,,,[],[],[],0,0,,,,,900.0,0.0,0.0,0.0,0.0,No AMRs currently available,,,,0.0,,,False,,,{}
,,,2026-01-02 11:00:00,2026-01-02 11:15:00,,,,,,,,,,,waiting,108000.0,2026-01-02 11:00:00,task_wait,,,,[],[],[],0,0,,,,,900.0,0.0,0.0,0.0,0.0,No AMRs currently available,,,,0.0,,,False,,,{}
,,,2026-01-02 11:15:00,2026-01-02 11:30:00,,,,,,,,,,,waiting,108900.0,2026-01-02 11:15:00,task_wait,,,,[],[],[],0,0,,,,,900.0,0.0,0.0,0.0,0.0,No AMRs currently available,,,,0.0,,,False,,,{}
,,,2026-01-02 11:30:00,2026-01-02 11:45:00,,,,,,,,,,,waiting,109800.0,2026-01-02 11:30:00,task_wait,,,,[],[],[],0,0,,,,,900.0,0.0,0.0,0.0,0.0,No AMRs currently available,,,,0.0,,,False,,,{}
,,,2026-01-02 11:45:00,2026-01-02 12:00:00,,,,,,,,,,,waiting,110700.0,2026-01-02 11:45:00,task_wait,,,,[],[],[],0,0,,,,,900.0,0.0,0.0,0.0,0.0,No AMRs currently available,,,,0.0,,,False,,,{}
,,,2026-01-02 12:00:00,2026-01-02 12:15:00,,,,,,,,,,,waiting,111600.0,2026-01-02 12:00:00,task_wait,,,,[],[],[],0,0,,,,,900.0,0.0,0.0,0.0,0.0,No AMRs currently available,,,,0.0,,,False,,,{}
,,,2026-01-02 12:15:00,2026-01-02 12:30:00,,,,,,,,,,,waiting,112500.0,2026-01-02 12:15:00,task_wait,,,,[],[],[],0,0,,,,,900.0,0.0,0.0,0.0,0.0,No AMRs currently available,,,,0.0,,,False,,,{}
,,,2026-01-02 12:30:00,2026-01-02 12:45:00,,,,,,,,,,,waiting,113400.0,2026-01-02 12:30:00,task_wait,,,,[],[],[],0,0,,,,,900.0,0.0,0.0,0.0,0.0,No AMRs currently available,,,,0.0,,,False,,,{}
,GEN_WASTE_D44_00002,,2026-01-02 13:00:00,2026-01-02 13:00:00,D44-WASTE,D47-WASTE,,,138.881,-195.141,0,176.0,12.0,0,generated,115200.0,2026-01-02 13:00:00,task_generated,Clinical Waste Bin,,,[],[],[],0,0,,D44-WASTE,D47-WASTE,,0.0,0.0,0.0,0.0,0.0,Generated threshold waste task,department_waste,D44,Clinical,0.616,Clinical Waste Bin,,False,,,{}
,,,2026-01-02 12:45:00,2026-01-02 13:00:00,,,,,,,,,,,waiting,114300.0,2026-01-02 12:45:00,task_wait,,,,[],[],[],0,0,,,,,900.0,0.0,0.0,0.0,0.0,No AMRs currently available,,,,0.0,,,False,,,{}
,,,2026-01-02 13:00:00,2026-01-02 13:15:00,,,,,,,,,,,waiting,115200.0,2026-01-02 13:00:00,task_wait,,,,[],[],[],0,0,,,,,900.0,0.0,0.0,0.0,0.0,No AMRs currently available,,,,0.0,,,False,,,{}
,,,2026-01-02 13:15:00,2026-01-02 13:30:00,,,,,,,,,,,waiting,116100.0,2026-01-02 13:15:00,task_wait,,,,[],[],[],0,0,,,,,900.0,0.0,0.0,0.0,0.0,No AMRs currently available,,,,0.0,,,False,,,{}
,,,2026-01-02 13:30:00,2026-01-02 13:45:00,,,,,,,,,,,waiting,117000.0,2026-01-02 13:30:00,task_wait,,,,[],[],[],0,0,,,,,900.0,0.0,0.0,0.0,0.0,No AMRs currently available,,,,0.0,,,False,,,{}
,,,2026-01-02 13:45:00,2026-01-02 14:00:00,,,,,,,,,,,waiting,117900.0,2026-01-02 13:45:00,task_wait,,,,[],[],[],0,0,,,,,900.0,0.0,0.0,0.0,0.0,No AMRs currently available,,,,0.0,,,False,,,{}
,,,2026-01-02 14:00:00,2026-01-02 14:15:00,,,,,,,,,,,waiting,118800.0,2026-01-02 14:00:00,task_wait,,,,[],[],[],0,0,,,,,900.0,0.0,0.0,0.0,0.0,No AMRs currently available,,,,0.0,,,False,,,{}
,,,2026-01-02 14:15:00,2026-01-02 14:30:00,,,,,,,,,,,waiting,119700.0,2026-01-02 14:15:00,task_wait,,,,[],[],[],0,0,,,,,900.0,0.0,0.0,0.0,0.0,No AMRs currently available,,,,0.0,,,False,,,{}
,,,2026-01-02 14:30:00,2026-01-02 14:45:00,,,,,,,,,,,waiting,120600.0,2026-01-02 14:30:00,task_wait,,,,[],[],[],0,0,,,,,900.0,0.0,0.0,0.0,0.0,No AMRs currently available,,,,0.0,,,False,,,{}
,,,2026-01-02 14:45:00,2026-01-02 15:00:00,,,,,,,,,,,waiting,121500.0,2026-01-02 14:45:00,task_wait,,,,[],[],[],0,0,,,,,900.0,0.0,0.0,0.0,0.0,No AMRs currently available,,,,0.0,,,False,,,{}
,,,2026-01-02 15:00:00,2026-01-02 15:15:00,,,,,,,,,,,waiting,122400.0,2026-01-02 15:00:00,task_wait,,,,[],[],[],0,0,,,,,900.0,0.0,0.0,0.0,0.0,No AMRs currently available,,,,0.0,,,False,,,{}
,,,2026-01-02 15:15:00,2026-01-02 15:30:00,,,,,,,,,,,waiting,123300.0,2026-01-02 15:15:00,task_wait,,,,[],[],[],0,0,,,,,900.0,0.0,0.0,0.0,0.0,No AMRs currently available,,,,0.0,,,False,,,{}
,,,2026-01-02 15:30:00,2026-01-02 15:45:00,,,,,,,,,,,waiting,124200.0,2026-01-02 15:30:00,task_wait,,,,[],[],[],0,0,,,,,900.0,0.0,0.0,0.0,0.0,No AMRs currently available,,,,0.0,,,False,,,{}
,,,2026-01-02 15:45:00,2026-01-02 16:00:00,,,,,,,,,,,waiting,125100.0,2026-01-02 15:45:00,task_wait,,,,[],[],[],0,0,,,,,900.0,0.0,0.0,0.0,0.0,No AMRs currently available,,,,0.0,,,False,,,{}
,,,2026-01-02 16:00:00,2026-01-02 16:15:00,,,,,,,,,,,waiting,126000.0,2026-01-02 16:00:00,task_wait,,,,[],[],[],0,0,,,,,900.0,0.0,0.0,0.0,0.0,No AMRs currently available,,,,0.0,,,False,,,{}
,,,2026-01-02 16:15:00,2026-01-02 16:30:00,,,,,,,,,,,waiting,126900.0,2026-01-02 16:15:00,task_wait,,,,[],[],[],0,0,,,,,900.0,0.0,0.0,0.0,0.0,No AMRs currently available,,,,0.0,,,False,,,{}
,,,2026-01-02 16:30:00,2026-01-02 16:45:00,,,,,,,,,,,waiting,127800.0,2026-01-02 16:30:00,task_wait,,,,[],[],[],0,0,,,,,900.0,0.0,0.0,0.0,0.0,No AMRs currently available,,,,0.0,,,False,,,{}
,,,2026-01-02 16:45:00,2026-01-02 17:00:00,,,,,,,,,,,waiting,128700.0,2026-01-02 16:45:00,task_wait,,,,[],[],[],0,0,,,,,900.0,0.0,0.0,0.0,0.0,No AMRs currently available,,,,0.0,,,False,,,{}
,,,2026-01-02 17:00:00,2026-01-02 17:15:00,,,,,,,,,,,waiting,129600.0,2026-01-02 17:00:00,task_wait,,,,[],[],[],0,0,,,,,900.0,0.0,0.0,0.0,0.0,No AMRs currently available,,,,0.0,,,False,,,{}
,,,2026-01-02 17:15:00,2026-01-02 17:30:00,,,,,,,,,,,waiting,130500.0,2026-01-02 17:15:00,task_wait,,,,[],[],[],0,0,,,,,900.0,0.0,0.0,0.0,0.0,No AMRs currently available,,,,0.0,,,False,,,{}
,,,2026-01-02 17:30:00,2026-01-02 17:45:00,,,,,,,,,,,waiting,131400.0,2026-01-02 17:30:00,task_wait,,,,[],[],[],0,0,,,,,900.0,0.0,0.0,0.0,0.0,No AMRs currently available,,,,0.0,,,False,,,{}
,,,2026-01-02 17:45:00,2026-01-02 18:00:00,,,,,,,,,,,waiting,132300.0,2026-01-02 17:45:00,task_wait,,,,[],[],[],0,0,,,,,900.0,0.0,0.0,0.0,0.0,No AMRs currently available,,,,0.0,,,False,,,{}
,,,2026-01-02 18:00:00,2026-01-02 18:15:00,,,,,,,,,,,waiting,133200.0,2026-01-02 18:00:00,task_wait,,,,[],[],[],0,0,,,,,900.0,0.0,0.0,0.0,0.0,No AMRs currently available,,,,0.0,,,False,,,{}
,,,2026-01-02 18:15:00,2026-01-02 18:30:00,,,,,,,,,,,waiting,134100.0,2026-01-02 18:15:00,task_wait,,,,[],[],[],0,0,,,,,900.0,0.0,0.0,0.0,0.0,No AMRs currently available,,,,0.0,,,False,,,{}
,,,2026-01-02 18:30:00,2026-01-02 18:45:00,,,,,,,,,,,waiting,135000.0,2026-01-02 18:30:00,task_wait,,,,[],[],[],0,0,,,,,900.0,0.0,0.0,0.0,0.0,No AMRs currently available,,,,0.0,,,False,,,{}
,,,2026-01-02 18:45:00,2026-01-02 19:00:00,,,,,,,,,,,waiting,135900.0,2026-01-02 18:45:00,task_wait,,,,[],[],[],0,0,,,,,900.0,0.0,0.0,0.0,0.0,No AMRs currently available,,,,0.0,,,False,,,{}
,,,2026-01-02 19:00:00,2026-01-02 19:15:00,,,,,,,,,,,waiting,136800.0,2026-01-02 19:00:00,task_wait,,,,[],[],[],0,0,,,,,900.0,0.0,0.0,0.0,0.0,No AMRs currently available,,,,0.0,,,False,,,{}
,,,2026-01-02 19:15:00,2026-01-02 19:30:00,,,,,,,,,,,waiting,137700.0,2026-01-02 19:15:00,task_wait,,,,[],[],[],0,0,,,,,900.0,0.0,0.0,0.0,0.0,No AMRs currently available,,,,0.0,,,False,,,{}
,,,2026-01-02 19:30:00,2026-01-02 19:45:00,,,,,,,,,,,waiting,138600.0,2026-01-02 19:30:00,task_wait,,,,[],[],[],0,0,,,,,900.0,0.0,0.0,0.0,0.0,No AMRs currently available,,,,0.0,,,False,,,{}
,,,2026-01-02 19:45:00,2026-01-02 20:00:00,,,,,,,,,,,waiting,139500.0,2026-01-02 19:45:00,task_wait,,,,[],[],[],0,0,,,,,900.0,0.0,0.0,0.0,0.0,No AMRs currently available,,,,0.0,,,False,,,{}
,,,2026-01-02 20:00:00,2026-01-02 20:15:00,,,,,,,,,,,waiting,140400.0,2026-01-02 20:00:00,task_wait,,,,[],[],[],0,0,,,,,900.0,0.0,0.0,0.0,0.0,No AMRs currently available,,,,0.0,,,False,,,{}
,,,2026-01-02 20:15:00,2026-01-02 20:30:00,,,,,,,,,,,waiting,141300.0,2026-01-02 20:15:00,task_wait,,,,[],[],[],0,0,,,,,900.0,0.0,0.0,0.0,0.0,No AMRs currently available,,,,0.0,,,False,,,{}
,,,2026-01-02 20:30:00,2026-01-02 20:45:00,,,,,,,,,,,waiting,142200.0,2026-01-02 20:30:00,task_wait,,,,[],[],[],0,0,,,,,900.0,0.0,0.0,0.0,0.0,No AMRs currently available,,,,0.0,,,False,,,{}
,,,2026-01-02 20:45:00,2026-01-02 21:00:00,,,,,,,,,,,waiting,143100.0,2026-01-02 20:45:00,task_wait,,,,[],[],[],0,0,,,,,900.0,0.0,0.0,0.0,0.0,No AMRs currently available,,,,0.0,,,False,,,{}
,,,2026-01-02 21:00:00,2026-01-02 21:15:00,,,,,,,,,,,waiting,144000.0,2026-01-02 21:00:00,task_wait,,,,[],[],[],0,0,,,,,900.0,0.0,0.0,0.0,0.0,No AMRs currently available,,,,0.0,,,False,,,{}
,,,2026-01-02 21:15:00,2026-01-02 21:30:00,,,,,,,,,,,waiting,144900.0,2026-01-02 21:15:00,task_wait,,,,[],[],[],0,0,,,,,900.0,0.0,0.0,0.0,0.0,No AMRs currently available,,,,0.0,,,False,,,{}
,,,2026-01-02 21:30:00,2026-01-02 21:45:00,,,,,,,,,,,waiting,145800.0,2026-01-02 21:30:00,task_wait,,,,[],[],[],0,0,,,,,900.0,0.0,0.0,0.0,0.0,No AMRs currently available,,,,0.0,,,False,,,{}
,,,2026-01-02 21:45:00,2026-01-02 22:00:00,,,,,,,,,,,waiting,146700.0,2026-01-02 21:45:00,task_wait,,,,[],[],[],0,0,,,,,900.0,0.0,0.0,0.0,0.0,No AMRs currently available,,,,0.0,,,False,,,{}
,,,2026-01-02 22:00:00,2026-01-02 22:15:00,,,,,,,,,,,waiting,147600.0,2026-01-02 22:00:00,task_wait,,,,[],[],[],0,0,,,,,900.0,0.0,0.0,0.0,0.0,No AMRs currently available,,,,0.0,,,False,,,{}
,,,2026-01-02 22:15:00,2026-01-02 22:30:00,,,,,,,,,,,waiting,148500.0,2026-01-02 22:15:00,task_wait,,,,[],[],[],0,0,,,,,900.0,0.0,0.0,0.0,0.0,No AMRs currently available,,,,0.0,,,False,,,{}
,,,2026-01-02 22:30:00,2026-01-02 22:45:00,,,,,,,,,,,waiting,149400.0,2026-01-02 22:30:00,task_wait,,,,[],[],[],0,0,,,,,900.0,0.0,0.0,0.0,0.0,No AMRs currently available,,,,0.0,,,False,,,{}
,,,2026-01-02 22:45:00,2026-01-02 23:00:00,,,,,,,,,,,waiting,150300.0,2026-01-02 22:45:00,task_wait,,,,[],[],[],0,0,,,,,900.0,0.0,0.0,0.0,0.0,No AMRs currently available,,,,0.0,,,False,,,{}
,,,2026-01-02 23:00:00,2026-01-02 23:15:00,,,,,,,,,,,waiting,151200.0,2026-01-02 23:00:00,task_wait,,,,[],[],[],0,0,,,,,900.0,0.0,0.0,0.0,0.0,No AMRs currently available,,,,0.0,,,False,,,{}
,,,2026-01-02 23:15:00,2026-01-02 23:30:00,,,,,,,,,,,waiting,152100.0,2026-01-02 23:15:00,task_wait,,,,[],[],[],0,0,,,,,900.0,0.0,0.0,0.0,0.0,No AMRs currently available,,,,0.0,,,False,,,{}
,,,2026-01-02 23:30:00,2026-01-02 23:45:00,,,,,,,,,,,waiting,153000.0,2026-01-02 23:30:00,task_wait,,,,[],[],[],0,0,,,,,900.0,0.0,0.0,0.0,0.0,No AMRs currently available,,,,0.0,,,False,,,{}
,,,2026-01-02 23:45:00,2026-01-03 00:00:00,,,,,,,,,,,waiting,153900.0,2026-01-02 23:45:00,task_wait,,,,[],[],[],0,0,,,,,900.0,0.0,0.0,0.0,0.0,No AMRs currently available,,,,0.0,,,False,,,{}
,,,2026-01-03 00:00:00,2026-01-03 00:15:00,,,,,,,,,,,waiting,154800.0,2026-01-03 00:00:00,task_wait,,,,[],[],[],0,0,,,,,900.0,0.0,0.0,0.0,0.0,No AMRs currently available,,,,0.0,,,False,,,{}
,,,2026-01-03 00:15:00,2026-01-03 00:30:00,,,,,,,,,,,waiting,155700.0,2026-01-03 00:15:00,task_wait,,,,[],[],[],0,0,,,,,900.0,0.0,0.0,0.0,0.0,No AMRs currently available,,,,0.0,,,False,,,{}
,,,2026-01-03 00:30:00,2026-01-03 00:45:00,,,,,,,,,,,waiting,156600.0,2026-01-03 00:30:00,task_wait,,,,[],[],[],0,0,,,,,900.0,0.0,0.0,0.0,0.0,No AMRs currently available,,,,0.0,,,False,,,{}
,,,2026-01-03 00:45:00,2026-01-03 01:00:00,,,,,,,,,,,waiting,157500.0,2026-01-03 00:45:00,task_wait,,,,[],[],[],0,0,,,,,900.0,0.0,0.0,0.0,0.0,No AMRs currently available,,,,0.0,,,False,,,{}
,,,2026-01-03 01:00:00,2026-01-03 01:15:00,,,,,,,,,,,waiting,158400.0,2026-01-03 01:00:00,task_wait,,,,[],[],[],0,0,,,,,900.0,0.0,0.0,0.0,0.0,No AMRs currently available,,,,0.0,,,False,,,{}
,,,2026-01-03 01:15:00,2026-01-03 01:30:00,,,,,,,,,,,waiting,159300.0,2026-01-03 01:15:00,task_wait,,,,[],[],[],0,0,,,,,900.0,0.0,0.0,0.0,0.0,No AMRs currently available,,,,0.0,,,False,,,{}
,,,2026-01-03 01:30:00,2026-01-03 01:45:00,,,,,,,,,,,waiting,160200.0,2026-01-03 01:30:00,task_wait,,,,[],[],[],0,0,,,,,900.0,0.0,0.0,0.0,0.0,No AMRs currently available,,,,0.0,,,False,,,{}
,,,2026-01-03 01:45:00,2026-01-03 02:00:00,,,,,,,,,,,waiting,161100.0,2026-01-03 01:45:00,task_wait,,,,[],[],[],0,0,,,,,900.0,0.0,0.0,0.0,0.0,No AMRs currently available,,,,0.0,,,False,,,{}
,,,2026-01-03 02:00:00,2026-01-03 02:15:00,,,,,,,,,,,waiting,162000.0,2026-01-03 02:00:00,task_wait,,,,[],[],[],0,0,,,,,900.0,0.0,0.0,0.0,0.0,No AMRs currently available,,,,0.0,,,False,,,{}
,,,2026-01-03 02:15:00,2026-01-03 02:30:00,,,,,,,,,,,waiting,162900.0,2026-01-03 02:15:00,task_wait,,,,[],[],[],0,0,,,,,900.0,0.0,0.0,0.0,0.0,No AMRs currently available,,,,0.0,,,False,,,{}
,,,2026-01-03 02:30:00,2026-01-03 02:45:00,,,,,,,,,,,waiting,163800.0,2026-01-03 02:30:00,task_wait,,,,[],[],[],0,0,,,,,900.0,0.0,0.0,0.0,0.0,No AMRs currently available,,,,0.0,,,False,,,{}
,,,2026-01-03 02:45:00,2026-01-03 03:00:00,,,,,,,,,,,waiting,164700.0,2026-01-03 02:45:00,task_wait,,,,[],[],[],0,0,,,,,900.0,0.0,0.0,0.0,0.0,No AMRs currently available,,,,0.0,,,False,,,{}
,,,2026-01-03 03:00:00,2026-01-03 03:15:00,,,,,,,,,,,waiting,165600.0,2026-01-03 03:00:00,task_wait,,,,[],[],[],0,0,,,,,900.0,0.0,0.0,0.0,0.0,No AMRs currently available,,,,0.0,,,False,,,{}
,,,2026-01-03 03:15:00,2026-01-03 03:30:00,,,,,,,,,,,waiting,166500.0,2026-01-03 03:15:00,task_wait,,,,[],[],[],0,0,,,,,900.0,0.0,0.0,0.0,0.0,No AMRs currently available,,,,0.0,,,False,,,{}
,,,2026-01-03 03:30:00,2026-01-03 03:45:00,,,,,,,,,,,waiting,167400.0,2026-01-03 03:30:00,task_wait,,,,[],[],[],0,0,,,,,900.0,0.0,0.0,0.0,0.0,No AMRs currently available,,,,0.0,,,False,,,{}
,,,2026-01-03 03:45:00,2026-01-03 04:00:00,,,,,,,,,,,waiting,168300.0,2026-01-03 03:45:00,task_wait,,,,[],[],[],0,0,,,,,900.0,0.0,0.0,0.0,0.0,No AMRs currently available,,,,0.0,,,False,,,{}
,,,2026-01-03 04:00:00,2026-01-03 04:15:00,,,,,,,,,,,waiting,169200.0,2026-01-03 04:00:00,task_wait,,,,[],[],[],0,0,,,,,900.0,0.0,0.0,0.0,0.0,No AMRs currently available,,,,0.0,,,False,,,{}
,,,2026-01-03 04:15:00,2026-01-03 04:30:00,,,,,,,,,,,waiting,170100.0,2026-01-03 04:15:00,task_wait,,,,[],[],[],0,0,,,,,900.0,0.0,0.0,0.0,0.0,No AMRs currently available,,,,0.0,,,False,,,{}
,,,2026-01-03 04:30:00,2026-01-03 04:45:00,,,,,,,,,,,waiting,171000.0,2026-01-03 04:30:00,task_wait,,,,[],[],[],0,0,,,,,900.0,0.0,0.0,0.0,0.0,No AMRs currently available,,,,0.0,,,False,,,{}
,,,2026-01-03 04:45:00,2026-01-03 05:00:00,,,,,,,,,,,waiting,171900.0,2026-01-03 04:45:00,task_wait,,,,[],[],[],0,0,,,,,900.0,0.0,0.0,0.0,0.0,No AMRs currently available,,,,0.0,,,False,,,{}
,,,2026-01-03 05:00:00,2026-01-03 05:15:00,,,,,,,,,,,waiting,172800.0,2026-01-03 05:00:00,task_wait,,,,[],[],[],0,0,,,,,900.0,0.0,0.0,0.0,0.0,No AMRs currently available,,,,0.0,,,False,,,{}
,,,2026-01-03 05:15:00,2026-01-03 05:30:00,,,,,,,,,,,waiting,173700.0,2026-01-03 05:15:00,task_wait,,,,[],[],[],0,0,,,,,900.0,0.0,0.0,0.0,0.0,No AMRs currently available,,,,0.0,,,False,,,{}
,,,2026-01-03 05:30:00,2026-01-03 05:45:00,,,,,,,,,,,waiting,174600.0,2026-01-03 05:30:00,task_wait,,,,[],[],[],0,0,,,,,900.0,0.0,0.0,0.0,0.0,No AMRs currently available,,,,0.0,,,False,,,{}
,,,2026-01-03 05:45:00,2026-01-03 06:00:00,,,,,,,,,,,waiting,175500.0,2026-01-03 05:45:00,task_wait,,,,[],[],[],0,0,,,,,900.0,0.0,0.0,0.0,0.0,No AMRs currently available,,,,0.0,,,False,,,{}
,,,2026-01-03 06:00:00,2026-01-03 06:15:00,,,,,,,,,,,waiting,176400.0,2026-01-03 06:00:00,task_wait,,,,[],[],[],0,0,,,,,900.0,0.0,0.0,0.0,0.0,No AMRs currently available,,,,0.0,,,False,,,{}
,,,2026-01-03 06:15:00,2026-01-03 06:30:00,,,,,,,,,,,waiting,177300.0,2026-01-03 06:15:00,task_wait,,,,[],[],[],0,0,,,,,900.0,0.0,0.0,0.0,0.0,No AMRs currently available,,,,0.0,,,False,,,{}
,,,2026-01-03 06:30:00,2026-01-03 06:45:00,,,,,,,,,,,waiting,178200.0,2026-01-03 06:30:00,task_wait,,,,[],[],[],0,0,,,,,900.0,0.0,0.0,0.0,0.0,No AMRs currently available,,,,0.0,,,False,,,{}
,,,2026-01-03 06:45:00,2026-01-03 07:00:00,,,,,,,,,,,waiting,179100.0,2026-01-03 06:45:00,task_wait,,,,[],[],[],0,0,,,,,900.0,0.0,0.0,0.0,0.0,No AMRs currently available,,,,0.0,,,False,,,{}
,,,2026-01-03 07:00:00,2026-01-03 07:15:00,,,,,,,,,,,waiting,180000.0,2026-01-03 07:00:00,task_wait,,,,[],[],[],0,0,,,,,900.0,0.0,0.0,0.0,0.0,No AMRs currently available,,,,0.0,,,False,,,{}
,,,2026-01-03 07:15:00,2026-01-03 07:30:00,,,,,,,,,,,waiting,180900.0,2026-01-03 07:15:00,task_wait,,,,[],[],[],0,0,,,,,900.0,0.0,0.0,0.0,0.0,No AMRs currently available,,,,0.0,,,False,,,{}
,,,2026-01-03 07:30:00,2026-01-03 07:45:00,,,,,,,,,,,waiting,181800.0,2026-01-03 07:30:00,task_wait,,,,[],[],[],0,0,,,,,900.0,0.0,0.0,0.0,0.0,No AMRs currently available,,,,0.0,,,False,,,{}
,,,2026-01-03 07:45:00,2026-01-03 08:00:00,,,,,,,,,,,waiting,182700.0,2026-01-03 07:45:00,task_wait,,,,[],[],[],0,0,,,,,900.0,0.0,0.0,0.0,0.0,No AMRs currently available,,,,0.0,,,False,,,{}
,,,2026-01-03 08:00:00,2026-01-03 08:15:00,,,,,,,,,,,waiting,183600.0,2026-01-03 08:00:00,task_wait,,,,[],[],[],0,0,,,,,900.0,0.0,0.0,0.0,0.0,No AMRs currently available,,,,0.0,,,False,,,{}
,,,2026-01-03 08:15:00,2026-01-03 08:30:00,,,,,,,,,,,waiting,184500.0,2026-01-03 08:15:00,task_wait,,,,[],[],[],0,0,,,,,900.0,0.0,0.0,0.0,0.0,No AMRs currently available,,,,0.0,,,False,,,{}
,,,2026-01-03 08:30:00,2026-01-03 08:45:00,,,,,,,,,,,waiting,185400.0,2026-01-03 08:30:00,task_wait,,,,[],[],[],0,0,,,,,900.0,0.0,0.0,0.0,0.0,No AMRs currently available,,,,0.0,,,False,,,{}
,,,2026-01-03 08:45:00,2026-01-03 09:00:00,,,,,,,,,,,waiting,186300.0,2026-01-03 08:45:00,task_wait,,,,[],[],[],0,0,,,,,900.0,0.0,0.0,0.0,0.0,No AMRs currently available,,,,0.0,,,False,,,{}
,,,2026-01-03 09:00:00,2026-01-03 09:15:00,,,,,,,,,,,waiting,187200.0,2026-01-03 09:00:00,task_wait,,,,[],[],[],0,0,,,,,900.0,0.0,0.0,0.0,0.0,No AMRs currently available,,,,0.0,,,False,,,{}
,,,2026-01-03 09:15:00,2026-01-03 09:30:00,,,,,,,,,,,waiting,188100.0,2026-01-03 09:15:00,task_wait,,,,[],[],[],0,0,,,,,900.0,0.0,0.0,0.0,0.0,No AMRs currently available,,,,0.0,,,False,,,{}
,,,2026-01-03 09:30:00,2026-01-03 09:45:00,,,,,,,,,,,waiting,189000.0,2026-01-03 09:30:00,task_wait,,,,[],[],[],0,0,,,,,900.0,0.0,0.0,0.0,0.0,No AMRs currently available,,,,0.0,,,False,,,{}
,,,2026-01-03 09:45:00,2026-01-03 10:00:00,,,,,,,,,,,waiting,189900.0,2026-01-03 09:45:00,task_wait,,,,[],[],[],0,0,,,,,900.0,0.0,0.0,0.0,0.0,No AMRs currently available,,,,0.0,,,False,,,{}
,,,2026-01-03 10:00:00,2026-01-03 10:15:00,,,,,,,,,,,waiting,190800.0,2026-01-03 10:00:00,task_wait,,,,[],[],[],0,0,,,,,900.0,0.0,0.0,0.0,0.0,No AMRs currently available,,,,0.0,,,False,,,{}
,,,2026-01-03 10:15:00,2026-01-03 10:30:00,,,,,,,,,,,waiting,191700.0,2026-01-03 10:15:00,task_wait,,,,[],[],[],0,0,,,,,900.0,0.0,0.0,0.0,0.0,No AMRs currently available,,,,0.0,,,False,,,{}
,,,2026-01-03 10:30:00,2026-01-03 10:45:00,,,,,,,,,,,waiting,192600.0,2026-01-03 10:30:00,task_wait,,,,[],[],[],0,0,,,,,900.0,0.0,0.0,0.0,0.0,No AMRs currently available,,,,0.0,,,False,,,{}
,,,2026-01-03 10:45:00,2026-01-03 11:00:00,,,,,,,,,,,waiting,193500.0,2026-01-03 10:45:00,task_wait,,,,[],[],[],0,0,,,,,900.0,0.0,0.0,0.0,0.0,No AMRs currently available,,,,0.0,,,False,,,{}
,,,2026-01-03 11:00:00,2026-01-03 11:15:00,,,,,,,,,,,waiting,194400.0,2026-01-03 11:00:00,task_wait,,,,[],[],[],0,0,,,,,900.0,0.0,0.0,0.0,0.0,No AMRs currently available,,,,0.0,,,False,,,{}
,,,2026-01-03 11:15:00,2026-01-03 11:30:00,,,,,,,,,,,waiting,195300.0,2026-01-03 11:15:00,task_wait,,,,[],[],[],0,0,,,,,900.0,0.0,0.0,0.0,0.0,No AMRs currently available,,,,0.0,,,False,,,{}
,,,2026-01-03 11:30:00,2026-01-03 11:45:00,,,,,,,,,,,waiting,196200.0,2026-01-03 11:30:00,task_wait,,,,[],[],[],0,0,,,,,900.0,0.0,0.0,0.0,0.0,No AMRs currently available,,,,0.0,,,False,,,{}
,,,2026-01-03 11:45:00,2026-01-03 12:00:00,,,,,,,,,,,waiting,197100.0,2026-01-03 11:45:00,task_wait,,,,[],[],[],0,0,,,,,900.0,0.0,0.0,0.0,0.0,No AMRs currently available,,,,0.0,,,False,,,{}
,,,2026-01-03 12:00:00,2026-01-03 12:15:00,,,,,,,,,,,waiting,198000.0,2026-01-03 12:00:00,task_wait,,,,[],[],[],0,0,,,,,900.0,0.0,0.0,0.0,0.0,No AMRs currently available,,,,0.0,,,False,,,{}
,,,2026-01-03 12:15:00,2026-01-03 12:30:00,,,,,,,,,,,waiting,198900.0,2026-01-03 12:15:00,task_wait,,,,[],[],[],0,0,,,,,900.0,0.0,0.0,0.0,0.0,No AMRs currently available,,,,0.0,,,False,,,{}
,,,2026-01-03 12:30:00,2026-01-03 12:45:00,,,,,,,,,,,waiting,199800.0,2026-01-03 12:30:00,task_wait,,,,[],[],[],0,0,,,,,900.0,0.0,0.0,0.0,0.0,No AMRs currently available,,,,0.0,,,False,,,{}
,,,2026-01-03 12:45:00,2026-01-03 13:00:00,,,,,,,,,,,waiting,200700.0,2026-01-03 12:45:00,task_wait,,,,[],[],[],0,0,,,,,900.0,0.0,0.0,0.0,0.0,No AMRs currently available,,,,0.0,,,False,,,{}
,,,2026-01-03 13:00:00,2026-01-03 13:15:00,,,,,,,,,,,waiting,201600.0,2026-01-03 13:00:00,task_wait,,,,[],[],[],0,0,,,,,900.0,0.0,0.0,0.0,0.0,No AMRs currently available,,,,0.0,,,False,,,{}
,,,2026-01-03 13:15:00,2026-01-03 13:30:00,,,,,,,,,,,waiting,202500.0,2026-01-03 13:15:00,task_wait,,,,[],[],[],0,0,,,,,900.0,0.0,0.0,0.0,0.0,No AMRs currently available,,,,0.0,,,False,,,{}
,,,2026-01-03 13:30:00,2026-01-03 13:45:00,,,,,,,,,,,waiting,203400.0,2026-01-03 13:30:00,task_wait,,,,[],[],[],0,0,,,,,900.0,0.0,0.0,0.0,0.0,No AMRs currently available,,,,0.0,,,False,,,{}
,,,2026-01-03 13:45:00,2026-01-03 14:00:00,,,,,,,,,,,waiting,204300.0,2026-01-03 13:45:00,task_wait,,,,[],[],[],0,0,,,,,900.0,0.0,0.0,0.0,0.0,No AMRs currently available,,,,0.0,,,False,,,{}
,,,2026-01-03 14:00:00,2026-01-03 14:15:00,,,,,,,,,,,waiting,205200.0,2026-01-03 14:00:00,task_wait,,,,[],[],[],0,0,,,,,900.0,0.0,0.0,0.0,0.0,No AMRs currently available,,,,0.0,,,False,,,{}
,,,2026-01-03 14:15:00,2026-01-03 14:30:00,,,,,,,,,,,waiting,206100.0,2026-01-03 14:15:00,task_wait,,,,[],[],[],0,0,,,,,900.0,0.0,0.0,0.0,0.0,No AMRs currently available,,,,0.0,,,False,,,{}
,,,2026-01-03 14:30:00,2026-01-03 14:45:00,,,,,,,,,,,waiting,207000.0,2026-01-03 14:30:00,task_wait,,,,[],[],[],0,0,,,,,900.0,0.0,0.0,0.0,0.0,No AMRs currently available,,,,0.0,,,False,,,{}
,,,2026-01-03 14:45:00,2026-01-03 15:00:00,,,,,,,,,,,waiting,207900.0,2026-01-03 14:45:00,task_wait,,,,[],[],[],0,0,,,,,900.0,0.0,0.0,0.0,0.0,No AMRs currently available,,,,0.0,,,False,,,{}
,,,2026-01-03 15:00:00,2026-01-03 15:15:00,,,,,,,,,,,waiting,208800.0,2026-01-03 15:00:00,task_wait,,,,[],[],[],0,0,,,,,900.0,0.0,0.0,0.0,0.0,No AMRs currently available,,,,0.0,,,False,,,{}
,,,2026-01-03 15:15:00,2026-01-03 15:30:00,,,,,,,,,,,waiting,209700.0,2026-01-03 15:15:00,task_wait,,,,[],[],[],0,0,,,,,900.0,0.0,0.0,0.0,0.0,No AMRs currently available,,,,0.0,,,False,,,{}
,,,2026-01-03 15:30:00,2026-01-03 15:45:00,,,,,,,,,,,waiting,210600.0,2026-01-03 15:30:00,task_wait,,,,[],[],[],0,0,,,,,900.0,0.0,0.0,0.0,0.0,No AMRs currently available,,,,0.0,,,False,,,{}
,,,2026-01-03 15:45:00,2026-01-03 16:00:00,,,,,,,,,,,waiting,211500.0,2026-01-03 15:45:00,task_wait,,,,[],[],[],0,0,,,,,900.0,0.0,0.0,0.0,0.0,No AMRs currently available,,,,0.0,,,False,,,{}
,,,2026-01-03 16:00:00,2026-01-03 16:15:00,,,,,,,,,,,waiting,212400.0,2026-01-03 16:00:00,task_wait,,,,[],[],[],0,0,,,,,900.0,0.0,0.0,0.0,0.0,No AMRs currently available,,,,0.0,,,False,,,{}
,,,2026-01-03 16:15:00,2026-01-03 16:30:00,,,,,,,,,,,waiting,213300.0,2026-01-03 16:15:00,task_wait,,,,[],[],[],0,0,,,,,900.0,0.0,0.0,0.0,0.0,No AMRs currently available,,,,0.0,,,False,,,{}
,,,2026-01-03 16:30:00,2026-01-03 16:45:00,,,,,,,,,,,waiting,214200.0,2026-01-03 16:30:00,task_wait,,,,[],[],[],0,0,,,,,900.0,0.0,0.0,0.0,0.0,No AMRs currently available,,,,0.0,,,False,,,{}
,,,2026-01-03 16:45:00,2026-01-03 17:00:00,,,,,,,,,,,waiting,215100.0,2026-01-03 16:45:00,task_wait,,,,[],[],[],0,0,,,,,900.0,0.0,0.0,0.0,0.0,No AMRs currently available,,,,0.0,,,False,,,{}
,,,2026-01-03 17:00:00,2026-01-03 17:15:00,,,,,,,,,,,waiting,216000.0,2026-01-03 17:00:00,task_wait,,,,[],[],[],0,0,,,,,900.0,0.0,0.0,0.0,0.0,No AMRs currently available,,,,0.0,,,False,,,{}
,,,2026-01-03 17:15:00,2026-01-03 17:30:00,,,,,,,,,,,waiting,216900.0,2026-01-03 17:15:00,task_wait,,,,[],[],[],0,0,,,,,900.0,0.0,0.0,0.0,0.0,No AMRs currently available,,,,0.0,,,False,,,{}
,,,2026-01-03 17:30:00,2026-01-03 17:45:00,,,,,,,,,,,waiting,217800.0,2026-01-03 17:30:00,task_wait,,,,[],[],[],0,0,,,,,900.0,0.0,0.0,0.0,0.0,No AMRs currently available,,,,0.0,,,False,,,{}
,,,2026-01-03 17:45:00,2026-01-03 18:00:00,,,,,,,,,,,waiting,218700.0,2026-01-03 17:45:00,task_wait,,,,[],[],[],0,0,,,,,900.0,0.0,0.0,0.0,0.0,No AMRs currently available,,,,0.0,,,False,,,{}
,,,2026-01-03 18:00:00,2026-01-03 18:15:00,,,,,,,,,,,waiting,219600.0,2026-01-03 18:00:00,task_wait,,,,[],[],[],0,0,,,,,900.0,0.0,0.0,0.0,0.0,No AMRs currently available,,,,0.0,,,False,,,{}
,,,2026-01-03 18:15:00,2026-01-03 18:30:00,,,,,,,,,,,waiting,220500.0,2026-01-03 18:15:00,task_wait,,,,[],[],[],0,0,,,,,900.0,0.0,0.0,0.0,0.0,No AMRs currently available,,,,0.0,,,False,,,{}
,,,2026-01-03 18:30:00,2026-01-03 18:45:00,,,,,,,,,,,waiting,221400.0,2026-01-03 18:30:00,task_wait,,,,[],[],[],0,0,,,,,900.0,0.0,0.0,0.0,0.0,No AMRs currently available,,,,0.0,,,False,,,{}
,,,2026-01-01 05:00:00,2026-01-01 05:00:00,,,,,,,,,,,completed,223200.0,2026-01-03 19:00:00,mass_collection_visit,Clinical Waste Bin,Clinical_Waste_Bin-MASS_COLLECTION_1_empty_equivalent-000029,,[],[],[],0,0,,D47-WASTE,D47-WASTE,,0.0,0.0,0.0,0.0,0.0,Mass collection MASS-COLLECTION-1 collected 1 used/full payload(s) from D47-WASTE and delivered 1 empty equivalent(s); trigger=scheduled; collected=['Clinical_Waste_Bin-shared_OPD_SET_1-000001']; replacements=['Clinical_Waste_Bin-MASS_COLLECTION_1_empty_equivalent-000029'],third_party_mass_collection,,,0.0,,,False,,,{}
AMR-B-1,RETURN-GEN_WASTE_D44_00001-1,,2026-01-03 19:00:00,2026-01-03 19:00:01,,,D47-WASTE,D4-WASTE,,,,,,,start,223200.0,2026-01-03 19:00:00,task_assigned,Clinical Waste Bin,Clinical_Waste_Bin-MASS_COLLECTION_1_empty_equivalent-000029,,[],[],[],0,0,,D47-WASTE,D4-WASTE,,0.0,0.0,0.0,0.0,217.584,Assigned task to AMR-B-1,task_generation_return,D44,Clinical,0.0,Clinical Waste Bin,,False,,,{}
AMR-B-1,RETURN-GEN_WASTE_D44_00001-1,pickup,2026-01-03 19:00:00,2026-01-03 19:00:20,,,,,,,,,,,completed,223200.0,2026-01-03 19:00:00,segment_pickup,Clinical Waste Bin,Clinical_Waste_Bin-MASS_COLLECTION_1_empty_equivalent-000029,,[],[],[],0,0,,D47-WASTE,D4-WASTE,,20.0,0.0,0.0,0.0,0.0,"{""type"": ""pickup"", ""location"": ""D47-WASTE"", ""duration"": 20.0, ""from_x"": null, ""from_y"": null, ""to_x"": null, ""to_y"": null, ""from_floor"": null, ""to_floor"": null}",,,,0.0,,,False,,,{}
AMR-B-1,RETURN-GEN_WASTE_D44_00001-1,corridor,2026-01-03 19:00:20,2026-01-03 19:00:25,D47-WASTE,C0-48,,,176.0,12.0,0,182.055,11.583,0,completed,223220.0,2026-01-03 19:00:20,segment_corridor,Clinical Waste Bin,Clinical_Waste_Bin-MASS_COLLECTION_1_empty_equivalent-000029,,[],[],[],0,0,,D47-WASTE,C0-48,,5.058,0.0,6.069,0.0,0.0,"{""type"": ""corridor"", ""from"": ""D47-WASTE"", ""to"": ""C0-48"", ""duration"": 5.057785115816788, ""distance_m"": 6.069342138980145, ""speed_factor"": 1.0, ""congestion_count"": 0, ""from_x"": 176.0, ""from_y"": 12.0, ""to_x"": 182.055, ""to_y"": 11.583, ""from_floor"": 0, ""to_floor"": 0}",,,,0.0,,,False,,,{}
AMR-B-1,RETURN-GEN_WASTE_D44_00001-1,corridor,2026-01-03 19:00:25,2026-01-03 19:00:32,C0-48,C0-47,,,182.055,11.583,0,182.032,2.94,0,completed,223225.058,2026-01-03 19:00:25,segment_corridor,Clinical Waste Bin,Clinical_Waste_Bin-MASS_COLLECTION_1_empty_equivalent-000029,,[],[],[],0,0,,C0-48,C0-47,,7.203,0.0,8.643,0.0,0.0,"{""type"": ""corridor"", ""from"": ""C0-48"", ""to"": ""C0-47"", ""duration"": 7.202525502288148, ""distance_m"": 8.643030602745776, ""speed_factor"": 1.0, ""congestion_count"": 0, ""from_x"": 182.055, ""from_y"": 11.583, ""to_x"": 182.032, ""to_y"": 2.94, ""from_floor"": 0, ""to_floor"": 0}",,,,0.0,,,False,,,{}
AMR-B-1,RETURN-GEN_WASTE_D44_00001-1,corridor,2026-01-03 19:00:32,2026-01-03 19:01:06,C0-47,C0-46,,,182.032,2.94,0,181.989,-38.315,0,completed,223232.26,2026-01-03 19:00:32,segment_corridor,Clinical Waste Bin,Clinical_Waste_Bin-MASS_COLLECTION_1_empty_equivalent-000029,,[],[],[],0,0,,C0-47,C0-46,,34.379,0.0,41.255,0.0,0.0,"{""type"": ""corridor"", ""from"": ""C0-47"", ""to"": ""C0-46"", ""duration"": 34.37918534116569, ""distance_m"": 41.255022409398826, ""speed_factor"": 1.0, ""congestion_count"": 0, ""from_x"": 182.032, ""from_y"": 2.94, ""to_x"": 181.989, ""to_y"": -38.315, ""from_floor"": 0, ""to_floor"": 0}",,,,0.0,,,False,,,{}
AMR-B-1,RETURN-GEN_WASTE_D44_00001-1,corridor,2026-01-03 19:01:06,2026-01-03 19:01:09,C0-46,C0-4,,,181.989,-38.315,0,181.948,-41.989,0,completed,223266.639,2026-01-03 19:01:06,segment_corridor,Clinical Waste Bin,Clinical_Waste_Bin-MASS_COLLECTION_1_empty_equivalent-000029,,[],[],[],0,0,,C0-46,C0-4,,3.062,0.0,3.674,0.0,0.0,"{""type"": ""corridor"", ""from"": ""C0-46"", ""to"": ""C0-4"", ""duration"": 3.0618573021760644, ""distance_m"": 3.674228762611277, ""speed_factor"": 1.0, ""congestion_count"": 0, ""from_x"": 181.989, ""from_y"": -38.315, ""to_x"": 181.948, ""to_y"": -41.989, ""from_floor"": 0, ""to_floor"": 0}",,,,0.0,,,False,,,{}
AMR-B-1,RETURN-GEN_WASTE_D44_00001-1,corridor,2026-01-03 19:01:09,2026-01-03 19:01:13,C0-4,C0-104,,,181.948,-41.989,0,181.881,-46.498,0,completed,223269.701,2026-01-03 19:01:09,segment_corridor,Clinical Waste Bin,Clinical_Waste_Bin-MASS_COLLECTION_1_empty_equivalent-000029,,[],[],[],0,0,,C0-4,C0-104,,3.758,0.0,4.509,0.0,0.0,"{""type"": ""corridor"", ""from"": ""C0-4"", ""to"": ""C0-104"", ""duration"": 3.757914795616196, ""distance_m"": 4.509497754739435, ""speed_factor"": 1.0, ""congestion_count"": 0, ""from_x"": 181.948, ""from_y"": -41.989, ""to_x"": 181.881, ""to_y"": -46.498, ""from_floor"": 0, ""to_floor"": 0}",,,,0.0,,,False,,,{}
AMR-B-1,RETURN-GEN_WASTE_D44_00001-1,corridor,2026-01-03 19:01:13,2026-01-03 19:01:28,C0-104,C0-5,,,181.881,-46.498,0,181.917,-63.981,0,completed,223273.459,2026-01-03 19:01:13,segment_corridor,Clinical Waste Bin,Clinical_Waste_Bin-MASS_COLLECTION_1_empty_equivalent-000029,,[],[],[],0,0,,C0-104,C0-5,,14.569,0.0,17.483,0.0,0.0,"{""type"": ""corridor"", ""from"": ""C0-104"", ""to"": ""C0-5"", ""duration"": 14.569197553781445, ""distance_m"": 17.483037064537733, ""speed_factor"": 1.0, ""congestion_count"": 0, ""from_x"": 181.881, ""from_y"": -46.498, ""to_x"": 181.917, ""to_y"": -63.981, ""from_floor"": 0, ""to_floor"": 0}",,,,0.0,,,False,,,{}
AMR-B-1,RETURN-GEN_WASTE_D44_00001-1,corridor,2026-01-03 19:01:28,2026-01-03 19:01:37,C0-5,C0-6,,,181.917,-63.981,0,181.948,-75.288,0,completed,223288.028,2026-01-03 19:01:28,segment_corridor,Clinical Waste Bin,Clinical_Waste_Bin-MASS_COLLECTION_1_empty_equivalent-000029,,[],[],[],0,0,,C0-5,C0-6,,9.423,0.0,11.307,0.0,0.0,"{""type"": ""corridor"", ""from"": ""C0-5"", ""to"": ""C0-6"", ""duration"": 9.422535413099334, ""distance_m"": 11.3070424957192, ""speed_factor"": 1.0, ""congestion_count"": 0, ""from_x"": 181.917, ""from_y"": -63.981, ""to_x"": 181.948, ""to_y"": -75.288, ""from_floor"": 0, ""to_floor"": 0}",,,,0.0,,,False,,,{}
AMR-B-1,RETURN-GEN_WASTE_D44_00001-1,corridor,2026-01-03 19:01:37,2026-01-03 19:01:45,C0-6,C0-105,,,181.948,-75.288,0,172.881,-75.288,0,completed,223297.451,2026-01-03 19:01:37,segment_corridor,Clinical Waste Bin,Clinical_Waste_Bin-MASS_COLLECTION_1_empty_equivalent-000029,,[],[],[],0,0,,C0-6,C0-105,,7.556,0.0,9.067,0.0,0.0,"{""type"": ""corridor"", ""from"": ""C0-6"", ""to"": ""C0-105"", ""duration"": 7.555833333333339, ""distance_m"": 9.067000000000007, ""speed_factor"": 1.0, ""congestion_count"": 0, ""from_x"": 181.948, ""from_y"": -75.288, ""to_x"": 172.881, ""to_y"": -75.288, ""from_floor"": 0, ""to_floor"": 0}",,,,0.0,,,False,,,{}
AMR-B-1,RETURN-GEN_WASTE_D44_00001-1,corridor,2026-01-03 19:01:45,2026-01-03 19:02:02,C0-105,C0-8,,,172.881,-75.288,0,151.852,-75.529,0,completed,223305.007,2026-01-03 19:01:45,segment_corridor,Clinical Waste Bin,Clinical_Waste_Bin-MASS_COLLECTION_1_empty_equivalent-000029,,[],[],[],0,0,,C0-105,C0-8,,17.525,0.0,21.03,0.0,0.0,"{""type"": ""corridor"", ""from"": ""C0-105"", ""to"": ""C0-8"", ""duration"": 17.525317440459926, ""distance_m"": 21.03038092855191, ""speed_factor"": 1.0, ""congestion_count"": 0, ""from_x"": 172.881, ""from_y"": -75.288, ""to_x"": 151.852, ""to_y"": -75.529, ""from_floor"": 0, ""to_floor"": 0}",,,,0.0,,,False,,,{}
AMR-B-1,RETURN-GEN_WASTE_D44_00001-1,corridor,2026-01-03 19:02:02,2026-01-03 19:02:10,C0-8,C0-9,,,151.852,-75.529,0,151.815,-84.679,0,completed,223322.532,2026-01-03 19:02:02,segment_corridor,Clinical Waste Bin,Clinical_Waste_Bin-MASS_COLLECTION_1_empty_equivalent-000029,,[],[],[],0,0,,C0-8,C0-9,,7.625,0.0,9.15,0.0,0.0,"{""type"": ""corridor"", ""from"": ""C0-8"", ""to"": ""C0-9"", ""duration"": 7.625062340364472, ""distance_m"": 9.150074808437367, ""speed_factor"": 1.0, ""congestion_count"": 0, ""from_x"": 151.852, ""from_y"": -75.529, ""to_x"": 151.815, ""to_y"": -84.679, ""from_floor"": 0, ""to_floor"": 0}",,,,0.0,,,False,,,{}
AMR-B-1,RETURN-GEN_WASTE_D44_00001-1,corridor,2026-01-03 19:02:10,2026-01-03 19:02:17,C0-9,C0-78,,,151.815,-84.679,0,151.853,-93.062,0,completed,223330.157,2026-01-03 19:02:10,segment_corridor,Clinical Waste Bin,Clinical_Waste_Bin-MASS_COLLECTION_1_empty_equivalent-000029,,[],[],[],0,0,,C0-9,C0-78,,6.986,0.0,8.383,0.0,0.0,"{""type"": ""corridor"", ""from"": ""C0-9"", ""to"": ""C0-78"", ""duration"": 6.9859051052021055, ""distance_m"": 8.383086126242526, ""speed_factor"": 1.0, ""congestion_count"": 0, ""from_x"": 151.815, ""from_y"": -84.679, ""to_x"": 151.853, ""to_y"": -93.062, ""from_floor"": 0, ""to_floor"": 0}",,,,0.0,,,False,,,{}
AMR-B-1,RETURN-GEN_WASTE_D44_00001-1,corridor,2026-01-03 19:02:17,2026-01-03 19:02:25,C0-78,C0-10,,,151.853,-93.062,0,151.906,-103.332,0,completed,223337.143,2026-01-03 19:02:17,segment_corridor,Clinical Waste Bin,Clinical_Waste_Bin-MASS_COLLECTION_1_empty_equivalent-000029,,[],[],[],0,0,,C0-78,C0-10,,8.558,0.0,10.27,0.0,0.0,"{""type"": ""corridor"", ""from"": ""C0-78"", ""to"": ""C0-10"", ""duration"": 8.558447297196428, ""distance_m"": 10.270136756635713, ""speed_factor"": 1.0, ""congestion_count"": 0, ""from_x"": 151.853, ""from_y"": -93.062, ""to_x"": 151.906, ""to_y"": -103.332, ""from_floor"": 0, ""to_floor"": 0}",,,,0.0,,,False,,,{}
AMR-B-1,RETURN-GEN_WASTE_D44_00001-1,corridor,2026-01-03 19:02:25,2026-01-03 19:02:31,C0-10,C0-107,,,151.906,-103.332,0,151.875,-110.231,0,completed,223345.702,2026-01-03 19:02:25,segment_corridor,Clinical Waste Bin,Clinical_Waste_Bin-MASS_COLLECTION_1_empty_equivalent-000029,,[],[],[],0,0,,C0-10,C0-107,,5.749,0.0,6.899,0.0,0.0,"{""type"": ""corridor"", ""from"": ""C0-10"", ""to"": ""C0-107"", ""duration"": 5.749224706186238, ""distance_m"": 6.899069647423485, ""speed_factor"": 1.0, ""congestion_count"": 0, ""from_x"": 151.906, ""from_y"": -103.332, ""to_x"": 151.875, ""to_y"": -110.231, ""from_floor"": 0, ""to_floor"": 0}",,,,0.0,,,False,,,{}
AMR-B-1,RETURN-GEN_WASTE_D44_00001-1,corridor,2026-01-03 19:02:31,2026-01-03 19:02:38,C0-107,C0-82,,,151.875,-110.231,0,151.957,-118.723,0,completed,223351.451,2026-01-03 19:02:31,segment_corridor,Clinical Waste Bin,Clinical_Waste_Bin-MASS_COLLECTION_1_empty_equivalent-000029,,[],[],[],0,0,,C0-107,C0-82,,7.077,0.0,8.492,0.0,0.0,"{""type"": ""corridor"", ""from"": ""C0-107"", ""to"": ""C0-82"", ""duration"": 7.076996577331065, ""distance_m"": 8.492395892797278, ""speed_factor"": 1.0, ""congestion_count"": 0, ""from_x"": 151.875, ""from_y"": -110.231, ""to_x"": 151.957, ""to_y"": -118.723, ""from_floor"": 0, ""to_floor"": 0}",,,,0.0,,,False,,,{}
AMR-B-1,RETURN-GEN_WASTE_D44_00001-1,corridor,2026-01-03 19:02:38,2026-01-03 19:02:41,C0-82,C0-12,,,151.957,-118.723,0,151.969,-122.524,0,completed,223358.528,2026-01-03 19:02:38,segment_corridor,Clinical Waste Bin,Clinical_Waste_Bin-MASS_COLLECTION_1_empty_equivalent-000029,,[],[],[],0,0,,C0-82,C0-12,,3.168,0.0,3.801,0.0,0.0,"{""type"": ""corridor"", ""from"": ""C0-82"", ""to"": ""C0-12"", ""duration"": 3.167515785280321, ""distance_m"": 3.8010189423363854, ""speed_factor"": 1.0, ""congestion_count"": 0, ""from_x"": 151.957, ""from_y"": -118.723, ""to_x"": 151.969, ""to_y"": -122.524, ""from_floor"": 0, ""to_floor"": 0}",,,,0.0,,,False,,,{}
AMR-B-1,RETURN-GEN_WASTE_D44_00001-1,corridor,2026-01-03 19:02:41,2026-01-03 19:02:49,C0-12,C0-13,,,151.969,-122.524,0,151.939,-132.199,0,completed,223361.695,2026-01-03 19:02:41,segment_corridor,Clinical Waste Bin,Clinical_Waste_Bin-MASS_COLLECTION_1_empty_equivalent-000029,,[],[],[],0,0,,C0-12,C0-13,,8.063,0.0,9.675,0.0,0.0,"{""type"": ""corridor"", ""from"": ""C0-12"", ""to"": ""C0-13"", ""duration"": 8.062538759596766, ""distance_m"": 9.675046511516118, ""speed_factor"": 1.0, ""congestion_count"": 0, ""from_x"": 151.969, ""from_y"": -122.524, ""to_x"": 151.939, ""to_y"": -132.199, ""from_floor"": 0, ""to_floor"": 0}",,,,0.0,,,False,,,{}
AMR-B-1,RETURN-GEN_WASTE_D44_00001-1,corridor,2026-01-03 19:02:49,2026-01-03 19:02:57,C0-13,C0-14,,,151.939,-132.199,0,142.333,-132.392,0,completed,223369.758,2026-01-03 19:02:49,segment_corridor,Clinical Waste Bin,Clinical_Waste_Bin-MASS_COLLECTION_1_empty_equivalent-000029,,[],[],[],0,0,,C0-13,C0-14,,8.007,0.0,9.608,0.0,0.0,"{""type"": ""corridor"", ""from"": ""C0-13"", ""to"": ""C0-14"", ""duration"": 8.006615537236133, ""distance_m"": 9.607938644683358, ""speed_factor"": 1.0, ""congestion_count"": 0, ""from_x"": 151.939, ""from_y"": -132.199, ""to_x"": 142.333, ""to_y"": -132.392, ""from_floor"": 0, ""to_floor"": 0}",,,,0.0,,,False,,,{}
AMR-B-1,RETURN-GEN_WASTE_D44_00001-1,corridor,2026-01-03 19:02:57,2026-01-03 19:03:00,C0-14,C0-15,,,142.333,-132.392,0,142.311,-135.582,0,completed,223377.764,2026-01-03 19:02:57,segment_corridor,Clinical Waste Bin,Clinical_Waste_Bin-MASS_COLLECTION_1_empty_equivalent-000029,,[],[],[],0,0,,C0-14,C0-15,,2.658,0.0,3.19,0.0,0.0,"{""type"": ""corridor"", ""from"": ""C0-14"", ""to"": ""C0-15"", ""duration"": 2.6583965509724488, ""distance_m"": 3.1900758611669384, ""speed_factor"": 1.0, ""congestion_count"": 0, ""from_x"": 142.333, ""from_y"": -132.392, ""to_x"": 142.311, ""to_y"": -135.582, ""from_floor"": 0, ""to_floor"": 0}",,,,0.0,,,False,,,{}
AMR-B-1,RETURN-GEN_WASTE_D44_00001-1,corridor,2026-01-03 19:03:00,2026-01-03 19:03:03,C0-15,C0-44,,,142.311,-135.582,0,142.385,-138.767,0,completed,223380.423,2026-01-03 19:03:00,segment_corridor,Clinical Waste Bin,Clinical_Waste_Bin-MASS_COLLECTION_1_empty_equivalent-000029,,[],[],[],0,0,,C0-15,C0-44,,2.655,0.0,3.186,0.0,0.0,"{""type"": ""corridor"", ""from"": ""C0-15"", ""to"": ""C0-44"", ""duration"": 2.6548829488740613, ""distance_m"": 3.1858595386488733, ""speed_factor"": 1.0, ""congestion_count"": 0, ""from_x"": 142.311, ""from_y"": -135.582, ""to_x"": 142.385, ""to_y"": -138.767, ""from_floor"": 0, ""to_floor"": 0}",,,,0.0,,,False,,,{}
AMR-B-1,RETURN-GEN_WASTE_D44_00001-1,corridor,2026-01-03 19:03:03,2026-01-03 19:03:09,C0-44,C0-45,,,142.385,-138.767,0,142.637,-146.743,0,completed,223383.078,2026-01-03 19:03:03,segment_corridor,Clinical Waste Bin,Clinical_Waste_Bin-MASS_COLLECTION_1_empty_equivalent-000029,,[],[],[],0,0,,C0-44,C0-45,,6.65,0.0,7.98,0.0,0.0,"{""type"": ""corridor"", ""from"": ""C0-44"", ""to"": ""C0-45"", ""duration"": 6.649983291541249, ""distance_m"": 7.979979949849498, ""speed_factor"": 1.0, ""congestion_count"": 0, ""from_x"": 142.385, ""from_y"": -138.767, ""to_x"": 142.637, ""to_y"": -146.743, ""from_floor"": 0, ""to_floor"": 0}",,,,0.0,,,False,,,{}
AMR-B-1,RETURN-GEN_WASTE_D44_00001-1,corridor,2026-01-03 19:03:09,2026-01-03 19:03:12,C0-45,C0-16,,,142.637,-146.743,0,142.744,-150.046,0,completed,223389.728,2026-01-03 19:03:09,segment_corridor,Clinical Waste Bin,Clinical_Waste_Bin-MASS_COLLECTION_1_empty_equivalent-000029,,[],[],[],0,0,,C0-45,C0-16,,2.754,0.0,3.305,0.0,0.0,"{""type"": ""corridor"", ""from"": ""C0-45"", ""to"": ""C0-16"", ""duration"": 2.7539438891241836, ""distance_m"": 3.30473266694902, ""speed_factor"": 1.0, ""congestion_count"": 0, ""from_x"": 142.637, ""from_y"": -146.743, ""to_x"": 142.744, ""to_y"": -150.046, ""from_floor"": 0, ""to_floor"": 0}",,,,0.0,,,False,,,{}
AMR-B-1,RETURN-GEN_WASTE_D44_00001-1,corridor,2026-01-03 19:03:12,2026-01-03 19:03:15,C0-16,C0-17,,,142.744,-150.046,0,139.652,-150.053,0,completed,223392.482,2026-01-03 19:03:12,segment_corridor,Clinical Waste Bin,Clinical_Waste_Bin-MASS_COLLECTION_1_empty_equivalent-000029,,[],[],[],0,0,,C0-16,C0-17,,2.577,0.0,3.092,0.0,0.0,"{""type"": ""corridor"", ""from"": ""C0-16"", ""to"": ""C0-17"", ""duration"": 2.5766732697198815, ""distance_m"": 3.0920079236638576, ""speed_factor"": 1.0, ""congestion_count"": 0, ""from_x"": 142.744, ""from_y"": -150.046, ""to_x"": 139.652, ""to_y"": -150.053, ""from_floor"": 0, ""to_floor"": 0}",,,,0.0,,,False,,,{}
AMR-B-1,RETURN-GEN_WASTE_D44_00001-1,corridor,2026-01-03 19:03:15,2026-01-03 19:03:17,C0-17,D4-WASTE,,,139.652,-150.053,0,139.696,-153.083,0,completed,223395.058,2026-01-03 19:03:15,segment_corridor,Clinical Waste Bin,Clinical_Waste_Bin-MASS_COLLECTION_1_empty_equivalent-000029,,[],[],[],0,0,,C0-17,D4-WASTE,,2.525,0.0,3.03,0.0,0.0,"{""type"": ""corridor"", ""from"": ""C0-17"", ""to"": ""D4-WASTE"", ""duration"": 2.5252662125891696, ""distance_m"": 3.0303194551070036, ""speed_factor"": 1.0, ""congestion_count"": 0, ""from_x"": 139.652, ""from_y"": -150.053, ""to_x"": 139.696, ""to_y"": -153.083, ""from_floor"": 0, ""to_floor"": 0}",,,,0.0,,,False,,,{}
AMR-B-1,RETURN-GEN_WASTE_D44_00001-1,dropoff,2026-01-03 19:03:17,2026-01-03 19:03:37,,,,,,,,,,,completed,223397.584,2026-01-03 19:03:17,segment_dropoff,Clinical Waste Bin,Clinical_Waste_Bin-MASS_COLLECTION_1_empty_equivalent-000029,,[],[],[],0,0,,D47-WASTE,D4-WASTE,,20.0,0.0,0.0,0.0,0.0,"{""type"": ""dropoff"", ""location"": ""D4-WASTE"", ""duration"": 20.0, ""inventory_space"": ""Clinical Waste Bin space 1"", ""from_x"": null, ""from_y"": null, ""to_x"": null, ""to_y"": null, ""from_floor"": null, ""to_floor"": null}",,,,0.0,,,False,,,{}
,,,2026-01-03 18:45:00,2026-01-03 19:00:00,,,,,,,,,,,waiting,222300.0,2026-01-03 18:45:00,task_wait,,,,[],[],[],0,0,,,,,900.0,0.0,0.0,0.0,0.0,No AMRs currently available,,,,0.0,,,False,,,{}
AMR-B-1,RETURN-GEN_WASTE_D44_00001-1,,2026-01-03 19:03:37,2026-01-03 19:03:37,,,,,,,,,,,finish,223417.584,2026-01-03 19:03:37,task_complete,Clinical Waste Bin,Clinical_Waste_Bin-MASS_COLLECTION_1_empty_equivalent-000029,,[],[],[],0,0,,D47-WASTE,D4-WASTE,,0.0,0.0,0.0,0.0,0.0,Task RETURN-GEN_WASTE_D44_00001-1 completed,task_generation_return,D44,Clinical,0.0,Clinical Waste Bin,,False,,,{}
AMR-B-1,GEN_WASTE_D44_00002,,2026-01-03 19:03:37,2026-01-03 19:03:38,,,D4-WASTE,D47-WASTE,,,,,,,start,223417.584,2026-01-03 19:03:37,task_assigned,Clinical Waste Bin,Clinical_Waste_Bin-MASS_COLLECTION_1_empty_equivalent-000029,,[],[],[],0,0,,D4-WASTE,D47-WASTE,,0.0,0.0,0.0,0.0,217.584,Assigned task to AMR-B-1,department_waste,D44,Clinical,0.616,Clinical Waste Bin,,False,,,{}
AMR-B-1,GEN_WASTE_D44_00002,pickup,2026-01-03 19:03:37,2026-01-03 19:03:57,,,,,,,,,,,completed,223417.584,2026-01-03 19:03:37,segment_pickup,Clinical Waste Bin,Clinical_Waste_Bin-MASS_COLLECTION_1_empty_equivalent-000029,,[],[],[],0,0,,D4-WASTE,D47-WASTE,,20.0,0.0,0.0,0.0,0.0,"{""type"": ""pickup"", ""location"": ""D4-WASTE"", ""duration"": 20.0, ""from_x"": null, ""from_y"": null, ""to_x"": null, ""to_y"": null, ""from_floor"": null, ""to_floor"": null}",,,,0.0,,,False,,,{}
AMR-B-1,GEN_WASTE_D44_00002,corridor,2026-01-03 19:03:57,2026-01-03 19:04:00,D4-WASTE,C0-17,,,139.696,-153.083,0,139.652,-150.053,0,completed,223437.584,2026-01-03 19:03:57,segment_corridor,Clinical Waste Bin,Clinical_Waste_Bin-MASS_COLLECTION_1_empty_equivalent-000029,,[],[],[],0,0,,D4-WASTE,C0-17,,2.525,0.0,3.03,0.0,0.0,"{""type"": ""corridor"", ""from"": ""D4-WASTE"", ""to"": ""C0-17"", ""duration"": 2.5252662125891696, ""distance_m"": 3.0303194551070036, ""speed_factor"": 1.0, ""congestion_count"": 0, ""from_x"": 139.696, ""from_y"": -153.083, ""to_x"": 139.652, ""to_y"": -150.053, ""from_floor"": 0, ""to_floor"": 0}",,,,0.0,,,False,,,{}
AMR-B-1,GEN_WASTE_D44_00002,corridor,2026-01-03 19:04:00,2026-01-03 19:04:02,C0-17,C0-16,,,139.652,-150.053,0,142.744,-150.046,0,completed,223440.109,2026-01-03 19:04:00,segment_corridor,Clinical Waste Bin,Clinical_Waste_Bin-MASS_COLLECTION_1_empty_equivalent-000029,,[],[],[],0,0,,C0-17,C0-16,,2.577,0.0,3.092,0.0,0.0,"{""type"": ""corridor"", ""from"": ""C0-17"", ""to"": ""C0-16"", ""duration"": 2.5766732697198815, ""distance_m"": 3.0920079236638576, ""speed_factor"": 1.0, ""congestion_count"": 0, ""from_x"": 139.652, ""from_y"": -150.053, ""to_x"": 142.744, ""to_y"": -150.046, ""from_floor"": 0, ""to_floor"": 0}",,,,0.0,,,False,,,{}
AMR-B-1,GEN_WASTE_D44_00002,corridor,2026-01-03 19:04:02,2026-01-03 19:04:05,C0-16,C0-45,,,142.744,-150.046,0,142.637,-146.743,0,completed,223442.686,2026-01-03 19:04:02,segment_corridor,Clinical Waste Bin,Clinical_Waste_Bin-MASS_COLLECTION_1_empty_equivalent-000029,,[],[],[],0,0,,C0-16,C0-45,,2.754,0.0,3.305,0.0,0.0,"{""type"": ""corridor"", ""from"": ""C0-16"", ""to"": ""C0-45"", ""duration"": 2.7539438891241836, ""distance_m"": 3.30473266694902, ""speed_factor"": 1.0, ""congestion_count"": 0, ""from_x"": 142.744, ""from_y"": -150.046, ""to_x"": 142.637, ""to_y"": -146.743, ""from_floor"": 0, ""to_floor"": 0}",,,,0.0,,,False,,,{}
AMR-B-1,GEN_WASTE_D44_00002,corridor,2026-01-03 19:04:05,2026-01-03 19:04:12,C0-45,C0-44,,,142.637,-146.743,0,142.385,-138.767,0,completed,223445.439,2026-01-03 19:04:05,segment_corridor,Clinical Waste Bin,Clinical_Waste_Bin-MASS_COLLECTION_1_empty_equivalent-000029,,[],[],[],0,0,,C0-45,C0-44,,6.65,0.0,7.98,0.0,0.0,"{""type"": ""corridor"", ""from"": ""C0-45"", ""to"": ""C0-44"", ""duration"": 6.649983291541249, ""distance_m"": 7.979979949849498, ""speed_factor"": 1.0, ""congestion_count"": 0, ""from_x"": 142.637, ""from_y"": -146.743, ""to_x"": 142.385, ""to_y"": -138.767, ""from_floor"": 0, ""to_floor"": 0}",,,,0.0,,,False,,,{}
AMR-B-1,GEN_WASTE_D44_00002,corridor,2026-01-03 19:04:12,2026-01-03 19:04:14,C0-44,C0-15,,,142.385,-138.767,0,142.311,-135.582,0,completed,223452.089,2026-01-03 19:04:12,segment_corridor,Clinical Waste Bin,Clinical_Waste_Bin-MASS_COLLECTION_1_empty_equivalent-000029,,[],[],[],0,0,,C0-44,C0-15,,2.655,0.0,3.186,0.0,0.0,"{""type"": ""corridor"", ""from"": ""C0-44"", ""to"": ""C0-15"", ""duration"": 2.6548829488740613, ""distance_m"": 3.1858595386488733, ""speed_factor"": 1.0, ""congestion_count"": 0, ""from_x"": 142.385, ""from_y"": -138.767, ""to_x"": 142.311, ""to_y"": -135.582, ""from_floor"": 0, ""to_floor"": 0}",,,,0.0,,,False,,,{}
AMR-B-1,GEN_WASTE_D44_00002,corridor,2026-01-03 19:04:14,2026-01-03 19:04:17,C0-15,C0-14,,,142.311,-135.582,0,142.333,-132.392,0,completed,223454.744,2026-01-03 19:04:14,segment_corridor,Clinical Waste Bin,Clinical_Waste_Bin-MASS_COLLECTION_1_empty_equivalent-000029,,[],[],[],0,0,,C0-15,C0-14,,2.658,0.0,3.19,0.0,0.0,"{""type"": ""corridor"", ""from"": ""C0-15"", ""to"": ""C0-14"", ""duration"": 2.6583965509724488, ""distance_m"": 3.1900758611669384, ""speed_factor"": 1.0, ""congestion_count"": 0, ""from_x"": 142.311, ""from_y"": -135.582, ""to_x"": 142.333, ""to_y"": -132.392, ""from_floor"": 0, ""to_floor"": 0}",,,,0.0,,,False,,,{}
AMR-B-1,GEN_WASTE_D44_00002,corridor,2026-01-03 19:04:17,2026-01-03 19:04:25,C0-14,C0-13,,,142.333,-132.392,0,151.939,-132.199,0,completed,223457.403,2026-01-03 19:04:17,segment_corridor,Clinical Waste Bin,Clinical_Waste_Bin-MASS_COLLECTION_1_empty_equivalent-000029,,[],[],[],0,0,,C0-14,C0-13,,8.007,0.0,9.608,0.0,0.0,"{""type"": ""corridor"", ""from"": ""C0-14"", ""to"": ""C0-13"", ""duration"": 8.006615537236133, ""distance_m"": 9.607938644683358, ""speed_factor"": 1.0, ""congestion_count"": 0, ""from_x"": 142.333, ""from_y"": -132.392, ""to_x"": 151.939, ""to_y"": -132.199, ""from_floor"": 0, ""to_floor"": 0}",,,,0.0,,,False,,,{}
AMR-B-1,GEN_WASTE_D44_00002,corridor,2026-01-03 19:04:25,2026-01-03 19:04:33,C0-13,C0-12,,,151.939,-132.199,0,151.969,-122.524,0,completed,223465.409,2026-01-03 19:04:25,segment_corridor,Clinical Waste Bin,Clinical_Waste_Bin-MASS_COLLECTION_1_empty_equivalent-000029,,[],[],[],0,0,,C0-13,C0-12,,8.063,0.0,9.675,0.0,0.0,"{""type"": ""corridor"", ""from"": ""C0-13"", ""to"": ""C0-12"", ""duration"": 8.062538759596766, ""distance_m"": 9.675046511516118, ""speed_factor"": 1.0, ""congestion_count"": 0, ""from_x"": 151.939, ""from_y"": -132.199, ""to_x"": 151.969, ""to_y"": -122.524, ""from_floor"": 0, ""to_floor"": 0}",,,,0.0,,,False,,,{}
AMR-B-1,GEN_WASTE_D44_00002,corridor,2026-01-03 19:04:33,2026-01-03 19:04:36,C0-12,C0-82,,,151.969,-122.524,0,151.957,-118.723,0,completed,223473.472,2026-01-03 19:04:33,segment_corridor,Clinical Waste Bin,Clinical_Waste_Bin-MASS_COLLECTION_1_empty_equivalent-000029,,[],[],[],0,0,,C0-12,C0-82,,3.168,0.0,3.801,0.0,0.0,"{""type"": ""corridor"", ""from"": ""C0-12"", ""to"": ""C0-82"", ""duration"": 3.167515785280321, ""distance_m"": 3.8010189423363854, ""speed_factor"": 1.0, ""congestion_count"": 0, ""from_x"": 151.969, ""from_y"": -122.524, ""to_x"": 151.957, ""to_y"": -118.723, ""from_floor"": 0, ""to_floor"": 0}",,,,0.0,,,False,,,{}
AMR-B-1,GEN_WASTE_D44_00002,corridor,2026-01-03 19:04:36,2026-01-03 19:04:43,C0-82,C0-107,,,151.957,-118.723,0,151.875,-110.231,0,completed,223476.639,2026-01-03 19:04:36,segment_corridor,Clinical Waste Bin,Clinical_Waste_Bin-MASS_COLLECTION_1_empty_equivalent-000029,,[],[],[],0,0,,C0-82,C0-107,,7.077,0.0,8.492,0.0,0.0,"{""type"": ""corridor"", ""from"": ""C0-82"", ""to"": ""C0-107"", ""duration"": 7.076996577331065, ""distance_m"": 8.492395892797278, ""speed_factor"": 1.0, ""congestion_count"": 0, ""from_x"": 151.957, ""from_y"": -118.723, ""to_x"": 151.875, ""to_y"": -110.231, ""from_floor"": 0, ""to_floor"": 0}",,,,0.0,,,False,,,{}
AMR-B-1,GEN_WASTE_D44_00002,corridor,2026-01-03 19:04:43,2026-01-03 19:04:49,C0-107,C0-10,,,151.875,-110.231,0,151.906,-103.332,0,completed,223483.716,2026-01-03 19:04:43,segment_corridor,Clinical Waste Bin,Clinical_Waste_Bin-MASS_COLLECTION_1_empty_equivalent-000029,,[],[],[],0,0,,C0-107,C0-10,,5.749,0.0,6.899,0.0,0.0,"{""type"": ""corridor"", ""from"": ""C0-107"", ""to"": ""C0-10"", ""duration"": 5.749224706186238, ""distance_m"": 6.899069647423485, ""speed_factor"": 1.0, ""congestion_count"": 0, ""from_x"": 151.875, ""from_y"": -110.231, ""to_x"": 151.906, ""to_y"": -103.332, ""from_floor"": 0, ""to_floor"": 0}",,,,0.0,,,False,,,{}
AMR-B-1,GEN_WASTE_D44_00002,corridor,2026-01-03 19:04:49,2026-01-03 19:04:58,C0-10,C0-78,,,151.906,-103.332,0,151.853,-93.062,0,completed,223489.466,2026-01-03 19:04:49,segment_corridor,Clinical Waste Bin,Clinical_Waste_Bin-MASS_COLLECTION_1_empty_equivalent-000029,,[],[],[],0,0,,C0-10,C0-78,,8.558,0.0,10.27,0.0,0.0,"{""type"": ""corridor"", ""from"": ""C0-10"", ""to"": ""C0-78"", ""duration"": 8.558447297196428, ""distance_m"": 10.270136756635713, ""speed_factor"": 1.0, ""congestion_count"": 0, ""from_x"": 151.906, ""from_y"": -103.332, ""to_x"": 151.853, ""to_y"": -93.062, ""from_floor"": 0, ""to_floor"": 0}",,,,0.0,,,False,,,{}
AMR-B-1,GEN_WASTE_D44_00002,corridor,2026-01-03 19:04:58,2026-01-03 19:05:05,C0-78,C0-9,,,151.853,-93.062,0,151.815,-84.679,0,completed,223498.024,2026-01-03 19:04:58,segment_corridor,Clinical Waste Bin,Clinical_Waste_Bin-MASS_COLLECTION_1_empty_equivalent-000029,,[],[],[],0,0,,C0-78,C0-9,,6.986,0.0,8.383,0.0,0.0,"{""type"": ""corridor"", ""from"": ""C0-78"", ""to"": ""C0-9"", ""duration"": 6.9859051052021055, ""distance_m"": 8.383086126242526, ""speed_factor"": 1.0, ""congestion_count"": 0, ""from_x"": 151.853, ""from_y"": -93.062, ""to_x"": 151.815, ""to_y"": -84.679, ""from_floor"": 0, ""to_floor"": 0}",,,,0.0,,,False,,,{}
AMR-B-1,GEN_WASTE_D44_00002,corridor,2026-01-03 19:05:05,2026-01-03 19:05:12,C0-9,C0-8,,,151.815,-84.679,0,151.852,-75.529,0,completed,223505.01,2026-01-03 19:05:05,segment_corridor,Clinical Waste Bin,Clinical_Waste_Bin-MASS_COLLECTION_1_empty_equivalent-000029,,[],[],[],0,0,,C0-9,C0-8,,7.625,0.0,9.15,0.0,0.0,"{""type"": ""corridor"", ""from"": ""C0-9"", ""to"": ""C0-8"", ""duration"": 7.625062340364472, ""distance_m"": 9.150074808437367, ""speed_factor"": 1.0, ""congestion_count"": 0, ""from_x"": 151.815, ""from_y"": -84.679, ""to_x"": 151.852, ""to_y"": -75.529, ""from_floor"": 0, ""to_floor"": 0}",,,,0.0,,,False,,,{}
AMR-B-1,GEN_WASTE_D44_00002,corridor,2026-01-03 19:05:12,2026-01-03 19:05:30,C0-8,C0-105,,,151.852,-75.529,0,172.881,-75.288,0,completed,223512.635,2026-01-03 19:05:12,segment_corridor,Clinical Waste Bin,Clinical_Waste_Bin-MASS_COLLECTION_1_empty_equivalent-000029,,[],[],[],0,0,,C0-8,C0-105,,17.525,0.0,21.03,0.0,0.0,"{""type"": ""corridor"", ""from"": ""C0-8"", ""to"": ""C0-105"", ""duration"": 17.525317440459926, ""distance_m"": 21.03038092855191, ""speed_factor"": 1.0, ""congestion_count"": 0, ""from_x"": 151.852, ""from_y"": -75.529, ""to_x"": 172.881, ""to_y"": -75.288, ""from_floor"": 0, ""to_floor"": 0}",,,,0.0,,,False,,,{}
AMR-B-1,GEN_WASTE_D44_00002,corridor,2026-01-03 19:05:30,2026-01-03 19:05:37,C0-105,C0-6,,,172.881,-75.288,0,181.948,-75.288,0,completed,223530.16,2026-01-03 19:05:30,segment_corridor,Clinical Waste Bin,Clinical_Waste_Bin-MASS_COLLECTION_1_empty_equivalent-000029,,[],[],[],0,0,,C0-105,C0-6,,7.556,0.0,9.067,0.0,0.0,"{""type"": ""corridor"", ""from"": ""C0-105"", ""to"": ""C0-6"", ""duration"": 7.555833333333339, ""distance_m"": 9.067000000000007, ""speed_factor"": 1.0, ""congestion_count"": 0, ""from_x"": 172.881, ""from_y"": -75.288, ""to_x"": 181.948, ""to_y"": -75.288, ""from_floor"": 0, ""to_floor"": 0}",,,,0.0,,,False,,,{}
AMR-B-1,GEN_WASTE_D44_00002,corridor,2026-01-03 19:05:37,2026-01-03 19:05:47,C0-6,C0-5,,,181.948,-75.288,0,181.917,-63.981,0,completed,223537.716,2026-01-03 19:05:37,segment_corridor,Clinical Waste Bin,Clinical_Waste_Bin-MASS_COLLECTION_1_empty_equivalent-000029,,[],[],[],0,0,,C0-6,C0-5,,9.423,0.0,11.307,0.0,0.0,"{""type"": ""corridor"", ""from"": ""C0-6"", ""to"": ""C0-5"", ""duration"": 9.422535413099334, ""distance_m"": 11.3070424957192, ""speed_factor"": 1.0, ""congestion_count"": 0, ""from_x"": 181.948, ""from_y"": -75.288, ""to_x"": 181.917, ""to_y"": -63.981, ""from_floor"": 0, ""to_floor"": 0}",,,,0.0,,,False,,,{}
AMR-B-1,GEN_WASTE_D44_00002,corridor,2026-01-03 19:05:47,2026-01-03 19:06:01,C0-5,C0-104,,,181.917,-63.981,0,181.881,-46.498,0,completed,223547.139,2026-01-03 19:05:47,segment_corridor,Clinical Waste Bin,Clinical_Waste_Bin-MASS_COLLECTION_1_empty_equivalent-000029,,[],[],[],0,0,,C0-5,C0-104,,14.569,0.0,17.483,0.0,0.0,"{""type"": ""corridor"", ""from"": ""C0-5"", ""to"": ""C0-104"", ""duration"": 14.569197553781445, ""distance_m"": 17.483037064537733, ""speed_factor"": 1.0, ""congestion_count"": 0, ""from_x"": 181.917, ""from_y"": -63.981, ""to_x"": 181.881, ""to_y"": -46.498, ""from_floor"": 0, ""to_floor"": 0}",,,,0.0,,,False,,,{}
AMR-B-1,GEN_WASTE_D44_00002,corridor,2026-01-03 19:06:01,2026-01-03 19:06:05,C0-104,C0-4,,,181.881,-46.498,0,181.948,-41.989,0,completed,223561.708,2026-01-03 19:06:01,segment_corridor,Clinical Waste Bin,Clinical_Waste_Bin-MASS_COLLECTION_1_empty_equivalent-000029,,[],[],[],0,0,,C0-104,C0-4,,3.758,0.0,4.509,0.0,0.0,"{""type"": ""corridor"", ""from"": ""C0-104"", ""to"": ""C0-4"", ""duration"": 3.757914795616196, ""distance_m"": 4.509497754739435, ""speed_factor"": 1.0, ""congestion_count"": 0, ""from_x"": 181.881, ""from_y"": -46.498, ""to_x"": 181.948, ""to_y"": -41.989, ""from_floor"": 0, ""to_floor"": 0}",,,,0.0,,,False,,,{}
AMR-B-1,GEN_WASTE_D44_00002,corridor,2026-01-03 19:06:05,2026-01-03 19:06:08,C0-4,C0-46,,,181.948,-41.989,0,181.989,-38.315,0,completed,223565.466,2026-01-03 19:06:05,segment_corridor,Clinical Waste Bin,Clinical_Waste_Bin-MASS_COLLECTION_1_empty_equivalent-000029,,[],[],[],0,0,,C0-4,C0-46,,3.062,0.0,3.674,0.0,0.0,"{""type"": ""corridor"", ""from"": ""C0-4"", ""to"": ""C0-46"", ""duration"": 3.0618573021760644, ""distance_m"": 3.674228762611277, ""speed_factor"": 1.0, ""congestion_count"": 0, ""from_x"": 181.948, ""from_y"": -41.989, ""to_x"": 181.989, ""to_y"": -38.315, ""from_floor"": 0, ""to_floor"": 0}",,,,0.0,,,False,,,{}
AMR-B-1,GEN_WASTE_D44_00002,corridor,2026-01-03 19:06:08,2026-01-03 19:06:42,C0-46,C0-47,,,181.989,-38.315,0,182.032,2.94,0,completed,223568.528,2026-01-03 19:06:08,segment_corridor,Clinical Waste Bin,Clinical_Waste_Bin-MASS_COLLECTION_1_empty_equivalent-000029,,[],[],[],0,0,,C0-46,C0-47,,34.379,0.0,41.255,0.0,0.0,"{""type"": ""corridor"", ""from"": ""C0-46"", ""to"": ""C0-47"", ""duration"": 34.37918534116569, ""distance_m"": 41.255022409398826, ""speed_factor"": 1.0, ""congestion_count"": 0, ""from_x"": 181.989, ""from_y"": -38.315, ""to_x"": 182.032, ""to_y"": 2.94, ""from_floor"": 0, ""to_floor"": 0}",,,,0.0,,,False,,,{}
AMR-B-1,GEN_WASTE_D44_00002,corridor,2026-01-03 19:06:42,2026-01-03 19:06:50,C0-47,C0-48,,,182.032,2.94,0,182.055,11.583,0,completed,223602.907,2026-01-03 19:06:42,segment_corridor,Clinical Waste Bin,Clinical_Waste_Bin-MASS_COLLECTION_1_empty_equivalent-000029,,[],[],[],0,0,,C0-47,C0-48,,7.203,0.0,8.643,0.0,0.0,"{""type"": ""corridor"", ""from"": ""C0-47"", ""to"": ""C0-48"", ""duration"": 7.202525502288148, ""distance_m"": 8.643030602745776, ""speed_factor"": 1.0, ""congestion_count"": 0, ""from_x"": 182.032, ""from_y"": 2.94, ""to_x"": 182.055, ""to_y"": 11.583, ""from_floor"": 0, ""to_floor"": 0}",,,,0.0,,,False,,,{}
AMR-B-1,GEN_WASTE_D44_00002,corridor,2026-01-03 19:06:50,2026-01-03 19:06:55,C0-48,D47-WASTE,,,182.055,11.583,0,176.0,12.0,0,completed,223610.109,2026-01-03 19:06:50,segment_corridor,Clinical Waste Bin,Clinical_Waste_Bin-MASS_COLLECTION_1_empty_equivalent-000029,,[],[],[],0,0,,C0-48,D47-WASTE,,5.058,0.0,6.069,0.0,0.0,"{""type"": ""corridor"", ""from"": ""C0-48"", ""to"": ""D47-WASTE"", ""duration"": 5.057785115816788, ""distance_m"": 6.069342138980145, ""speed_factor"": 1.0, ""congestion_count"": 0, ""from_x"": 182.055, ""from_y"": 11.583, ""to_x"": 176.0, ""to_y"": 12.0, ""from_floor"": 0, ""to_floor"": 0}",,,,0.0,,,False,,,{}
AMR-B-1,GEN_WASTE_D44_00002,dropoff,2026-01-03 19:06:55,2026-01-03 19:07:15,,,,,,,,,,,completed,223615.167,2026-01-03 19:06:55,segment_dropoff,Clinical Waste Bin,Clinical_Waste_Bin-MASS_COLLECTION_1_empty_equivalent-000029,,[],[],[],0,0,,D4-WASTE,D47-WASTE,,20.0,0.0,0.0,0.0,0.0,"{""type"": ""dropoff"", ""location"": ""D47-WASTE"", ""duration"": 20.0, ""inventory_space"": ""Clinical Waste Bin space 1"", ""from_x"": null, ""from_y"": null, ""to_x"": null, ""to_y"": null, ""from_floor"": null, ""to_floor"": null}",,,,0.0,,,False,,,{}
,,,2026-01-03 19:00:00,2026-01-03 19:03:37,,,,,,,,,,,waiting,223200.0,2026-01-03 19:00:00,task_wait,,,,[],[],[],0,0,,,,,217.584,0.0,0.0,0.0,0.0,No AMRs currently available,,,,0.0,,,False,,,{}
AMR-B-1,GEN_WASTE_D44_00002,,2026-01-03 19:07:15,2026-01-03 19:07:15,,,,,,,,,,,finish,223635.167,2026-01-03 19:07:15,task_complete,Clinical Waste Bin,Clinical_Waste_Bin-MASS_COLLECTION_1_empty_equivalent-000029,,[],[],[],0,0,,D4-WASTE,D47-WASTE,,0.0,0.0,0.0,0.0,0.0,Task GEN_WASTE_D44_00002 completed,department_waste,D44,Clinical,0.616,Clinical Waste Bin,,False,,,{}
AMR-B-1,RETURN-AMR-B-1-2,,2026-01-03 19:07:15,2026-01-03 19:07:16,,,D47-WASTE,AMR-CENTRE,,,,,,,start,223635.167,2026-01-03 19:07:15,task_assigned,,,,[],[],[],0,0,,D47-WASTE,AMR-CENTRE,,0.0,0.0,0.0,0.0,205.976,Assigned task to AMR-B-1,,,,0.0,,,False,,,{}
AMR-B-1,RETURN-AMR-B-1-2,pickup,2026-01-03 19:07:15,2026-01-03 19:07:35,,,,,,,,,,,completed,223635.167,2026-01-03 19:07:15,segment_pickup,,,,[],[],[],0,0,,D47-WASTE,AMR-CENTRE,,20.0,0.0,0.0,0.0,0.0,"{""type"": ""pickup"", ""location"": ""D47-WASTE"", ""duration"": 20.0, ""from_x"": null, ""from_y"": null, ""to_x"": null, ""to_y"": null, ""from_floor"": null, ""to_floor"": null}",,,,0.0,,,False,,,{}
AMR-B-1,RETURN-AMR-B-1-2,corridor,2026-01-03 19:07:35,2026-01-03 19:07:40,D47-WASTE,C0-48,,,176.0,12.0,0,182.055,11.583,0,completed,223655.167,2026-01-03 19:07:35,segment_corridor,,,,[],[],[],0,0,,D47-WASTE,C0-48,,5.058,0.0,6.069,0.0,0.0,"{""type"": ""corridor"", ""from"": ""D47-WASTE"", ""to"": ""C0-48"", ""duration"": 5.057785115816788, ""distance_m"": 6.069342138980145, ""speed_factor"": 1.0, ""congestion_count"": 0, ""from_x"": 176.0, ""from_y"": 12.0, ""to_x"": 182.055, ""to_y"": 11.583, ""from_floor"": 0, ""to_floor"": 0}",,,,0.0,,,False,,,{}
AMR-B-1,RETURN-AMR-B-1-2,corridor,2026-01-03 19:07:40,2026-01-03 19:07:47,C0-48,C0-47,,,182.055,11.583,0,182.032,2.94,0,completed,223660.225,2026-01-03 19:07:40,segment_corridor,,,,[],[],[],0,0,,C0-48,C0-47,,7.203,0.0,8.643,0.0,0.0,"{""type"": ""corridor"", ""from"": ""C0-48"", ""to"": ""C0-47"", ""duration"": 7.202525502288148, ""distance_m"": 8.643030602745776, ""speed_factor"": 1.0, ""congestion_count"": 0, ""from_x"": 182.055, ""from_y"": 11.583, ""to_x"": 182.032, ""to_y"": 2.94, ""from_floor"": 0, ""to_floor"": 0}",,,,0.0,,,False,,,{}
AMR-B-1,RETURN-AMR-B-1-2,corridor,2026-01-03 19:07:47,2026-01-03 19:08:21,C0-47,C0-46,,,182.032,2.94,0,181.989,-38.315,0,completed,223667.428,2026-01-03 19:07:47,segment_corridor,,,,[],[],[],0,0,,C0-47,C0-46,,34.379,0.0,41.255,0.0,0.0,"{""type"": ""corridor"", ""from"": ""C0-47"", ""to"": ""C0-46"", ""duration"": 34.37918534116569, ""distance_m"": 41.255022409398826, ""speed_factor"": 1.0, ""congestion_count"": 0, ""from_x"": 182.032, ""from_y"": 2.94, ""to_x"": 181.989, ""to_y"": -38.315, ""from_floor"": 0, ""to_floor"": 0}",,,,0.0,,,False,,,{}
AMR-B-1,RETURN-AMR-B-1-2,corridor,2026-01-03 19:08:21,2026-01-03 19:08:24,C0-46,C0-4,,,181.989,-38.315,0,181.948,-41.989,0,completed,223701.807,2026-01-03 19:08:21,segment_corridor,,,,[],[],[],0,0,,C0-46,C0-4,,3.062,0.0,3.674,0.0,0.0,"{""type"": ""corridor"", ""from"": ""C0-46"", ""to"": ""C0-4"", ""duration"": 3.0618573021760644, ""distance_m"": 3.674228762611277, ""speed_factor"": 1.0, ""congestion_count"": 0, ""from_x"": 181.989, ""from_y"": -38.315, ""to_x"": 181.948, ""to_y"": -41.989, ""from_floor"": 0, ""to_floor"": 0}",,,,0.0,,,False,,,{}
AMR-B-1,RETURN-AMR-B-1-2,corridor,2026-01-03 19:08:24,2026-01-03 19:08:28,C0-4,C0-104,,,181.948,-41.989,0,181.881,-46.498,0,completed,223704.869,2026-01-03 19:08:24,segment_corridor,,,,[],[],[],0,0,,C0-4,C0-104,,3.758,0.0,4.509,0.0,0.0,"{""type"": ""corridor"", ""from"": ""C0-4"", ""to"": ""C0-104"", ""duration"": 3.757914795616196, ""distance_m"": 4.509497754739435, ""speed_factor"": 1.0, ""congestion_count"": 0, ""from_x"": 181.948, ""from_y"": -41.989, ""to_x"": 181.881, ""to_y"": -46.498, ""from_floor"": 0, ""to_floor"": 0}",,,,0.0,,,False,,,{}
AMR-B-1,RETURN-AMR-B-1-2,corridor,2026-01-03 19:08:28,2026-01-03 19:08:43,C0-104,C0-5,,,181.881,-46.498,0,181.917,-63.981,0,completed,223708.626,2026-01-03 19:08:28,segment_corridor,,,,[],[],[],0,0,,C0-104,C0-5,,14.569,0.0,17.483,0.0,0.0,"{""type"": ""corridor"", ""from"": ""C0-104"", ""to"": ""C0-5"", ""duration"": 14.569197553781445, ""distance_m"": 17.483037064537733, ""speed_factor"": 1.0, ""congestion_count"": 0, ""from_x"": 181.881, ""from_y"": -46.498, ""to_x"": 181.917, ""to_y"": -63.981, ""from_floor"": 0, ""to_floor"": 0}",,,,0.0,,,False,,,{}
AMR-B-1,RETURN-AMR-B-1-2,corridor,2026-01-03 19:08:43,2026-01-03 19:08:52,C0-5,C0-6,,,181.917,-63.981,0,181.948,-75.288,0,completed,223723.196,2026-01-03 19:08:43,segment_corridor,,,,[],[],[],0,0,,C0-5,C0-6,,9.423,0.0,11.307,0.0,0.0,"{""type"": ""corridor"", ""from"": ""C0-5"", ""to"": ""C0-6"", ""duration"": 9.422535413099334, ""distance_m"": 11.3070424957192, ""speed_factor"": 1.0, ""congestion_count"": 0, ""from_x"": 181.917, ""from_y"": -63.981, ""to_x"": 181.948, ""to_y"": -75.288, ""from_floor"": 0, ""to_floor"": 0}",,,,0.0,,,False,,,{}
AMR-B-1,RETURN-AMR-B-1-2,corridor,2026-01-03 19:08:52,2026-01-03 19:09:00,C0-6,C0-105,,,181.948,-75.288,0,172.881,-75.288,0,completed,223732.618,2026-01-03 19:08:52,segment_corridor,,,,[],[],[],0,0,,C0-6,C0-105,,7.556,0.0,9.067,0.0,0.0,"{""type"": ""corridor"", ""from"": ""C0-6"", ""to"": ""C0-105"", ""duration"": 7.555833333333339, ""distance_m"": 9.067000000000007, ""speed_factor"": 1.0, ""congestion_count"": 0, ""from_x"": 181.948, ""from_y"": -75.288, ""to_x"": 172.881, ""to_y"": -75.288, ""from_floor"": 0, ""to_floor"": 0}",,,,0.0,,,False,,,{}
AMR-B-1,RETURN-AMR-B-1-2,corridor,2026-01-03 19:09:00,2026-01-03 19:09:17,C0-105,C0-8,,,172.881,-75.288,0,151.852,-75.529,0,completed,223740.174,2026-01-03 19:09:00,segment_corridor,,,,[],[],[],0,0,,C0-105,C0-8,,17.525,0.0,21.03,0.0,0.0,"{""type"": ""corridor"", ""from"": ""C0-105"", ""to"": ""C0-8"", ""duration"": 17.525317440459926, ""distance_m"": 21.03038092855191, ""speed_factor"": 1.0, ""congestion_count"": 0, ""from_x"": 172.881, ""from_y"": -75.288, ""to_x"": 151.852, ""to_y"": -75.529, ""from_floor"": 0, ""to_floor"": 0}",,,,0.0,,,False,,,{}
AMR-B-1,RETURN-AMR-B-1-2,corridor,2026-01-03 19:09:17,2026-01-03 19:09:25,C0-8,C0-9,,,151.852,-75.529,0,151.815,-84.679,0,completed,223757.699,2026-01-03 19:09:17,segment_corridor,,,,[],[],[],0,0,,C0-8,C0-9,,7.625,0.0,9.15,0.0,0.0,"{""type"": ""corridor"", ""from"": ""C0-8"", ""to"": ""C0-9"", ""duration"": 7.625062340364472, ""distance_m"": 9.150074808437367, ""speed_factor"": 1.0, ""congestion_count"": 0, ""from_x"": 151.852, ""from_y"": -75.529, ""to_x"": 151.815, ""to_y"": -84.679, ""from_floor"": 0, ""to_floor"": 0}",,,,0.0,,,False,,,{}
AMR-B-1,RETURN-AMR-B-1-2,corridor,2026-01-03 19:09:25,2026-01-03 19:09:34,C0-9,C0-23,,,151.815,-84.679,0,140.608,-84.673,0,completed,223765.324,2026-01-03 19:09:25,segment_corridor,,,,[],[],[],0,0,,C0-9,C0-23,,9.339,0.0,11.207,0.0,0.0,"{""type"": ""corridor"", ""from"": ""C0-9"", ""to"": ""C0-23"", ""duration"": 9.33916800511575, ""distance_m"": 11.207001606138899, ""speed_factor"": 1.0, ""congestion_count"": 0, ""from_x"": 151.815, ""from_y"": -84.679, ""to_x"": 140.608, ""to_y"": -84.673, ""from_floor"": 0, ""to_floor"": 0}",,,,0.0,,,False,,,{}
AMR-B-1,RETURN-AMR-B-1-2,corridor,2026-01-03 19:09:34,2026-01-03 19:09:37,C0-23,Lift-2-F0,,,140.608,-84.673,0,140.476,-81.715,0,completed,223774.664,2026-01-03 19:09:34,segment_corridor,,,,[],[],[],0,0,,C0-23,Lift-2-F0,,2.467,0.0,2.961,0.0,0.0,"{""type"": ""corridor"", ""from"": ""C0-23"", ""to"": ""Lift-2-F0"", ""duration"": 2.4674531403858504, ""distance_m"": 2.96094376846302, ""speed_factor"": 1.0, ""congestion_count"": 0, ""from_x"": 140.608, ""from_y"": -84.673, ""to_x"": 140.476, ""to_y"": -81.715, ""from_floor"": 0, ""to_floor"": 0}",,,,0.0,,,False,,,{}
AMR-B-1,RETURN-AMR-B-1-2,lift_transfer,2026-01-03 19:09:37,2026-01-03 19:10:01,Lift-2-F0,Lift-2-F2,,,140.476,-81.715,0,140.476,-81.715,2,completed,223777.131,2026-01-03 19:09:37,segment_lift_transfer,,,,[],[],[],0,0,,Lift-2-F0,Lift-2-F2,Lift-2,24.444,0.0,8.0,0.021564102564102565,0.0,"{""type"": ""lift_transfer"", ""lift_id"": ""Lift-2"", ""from"": ""Lift-2-F0"", ""to"": ""Lift-2-F2"", ""from_floor"": 0, ""to_floor"": 2, ""wait_time"": 0.0, ""duration"": 24.444444444437977, ""distance_m"": 8.0, ""vertical_distance_m"": 8.0, ""energy_kwh"": 0.021564102564102565, ""from_x"": 140.476, ""from_y"": -81.715, ""to_x"": 140.476, ""to_y"": -81.715}",,,,0.0,,,False,,,{}
AMR-B-1,RETURN-AMR-B-1-2,corridor,2026-01-03 19:10:01,2026-01-03 19:10:04,Lift-2-F2,C2-12,,,140.476,-81.715,2,140.54,-85.162,2,completed,223801.575,2026-01-03 19:10:01,segment_corridor,,,,[],[],[],0,0,,Lift-2-F2,C2-12,,2.873,0.0,3.448,0.0,0.0,"{""type"": ""corridor"", ""from"": ""Lift-2-F2"", ""to"": ""C2-12"", ""duration"": 2.8729950738635908, ""distance_m"": 3.4475940886363086, ""speed_factor"": 1.0, ""congestion_count"": 0, ""from_x"": 140.476, ""from_y"": -81.715, ""to_x"": 140.54, ""to_y"": -85.162, ""from_floor"": 2, ""to_floor"": 2}",,,,0.0,,,False,,,{}
AMR-B-1,RETURN-AMR-B-1-2,corridor,2026-01-03 19:10:04,2026-01-03 19:10:09,C2-12,C2-22,,,140.54,-85.162,2,146.298,-84.823,2,completed,223804.448,2026-01-03 19:10:04,segment_corridor,,,,[],[],[],0,0,,C2-12,C2-22,,4.807,0.0,5.768,0.0,0.0,"{""type"": ""corridor"", ""from"": ""C2-12"", ""to"": ""C2-22"", ""duration"": 4.806642178046736, ""distance_m"": 5.767970613656082, ""speed_factor"": 1.0, ""congestion_count"": 0, ""from_x"": 140.54, ""from_y"": -85.162, ""to_x"": 146.298, ""to_y"": -84.823, ""from_floor"": 2, ""to_floor"": 2}",,,,0.0,,,False,,,{}
AMR-B-1,RETURN-AMR-B-1-2,corridor,2026-01-03 19:10:09,2026-01-03 19:10:13,C2-22,C2-10,,,146.298,-84.823,2,151.747,-84.823,2,completed,223809.255,2026-01-03 19:10:09,segment_corridor,,,,[],[],[],0,0,,C2-22,C2-10,,4.541,0.0,5.449,0.0,0.0,"{""type"": ""corridor"", ""from"": ""C2-22"", ""to"": ""C2-10"", ""duration"": 4.540833333333344, ""distance_m"": 5.449000000000012, ""speed_factor"": 1.0, ""congestion_count"": 0, ""from_x"": 146.298, ""from_y"": -84.823, ""to_x"": 151.747, ""to_y"": -84.823, ""from_floor"": 2, ""to_floor"": 2}",,,,0.0,,,False,,,{}
AMR-B-1,RETURN-AMR-B-1-2,corridor,2026-01-03 19:10:13,2026-01-03 19:10:18,C2-10,C2-11,,,151.747,-84.823,2,157.38,-84.803,2,completed,223813.796,2026-01-03 19:10:13,segment_corridor,,,,[],[],[],0,0,,C2-10,C2-11,,4.694,0.0,5.633,0.0,0.0,"{""type"": ""corridor"", ""from"": ""C2-10"", ""to"": ""C2-11"", ""duration"": 4.694196254122965, ""distance_m"": 5.633035504947558, ""speed_factor"": 1.0, ""congestion_count"": 0, ""from_x"": 151.747, ""from_y"": -84.823, ""to_x"": 157.38, ""to_y"": -84.803, ""from_floor"": 2, ""to_floor"": 2}",,,,0.0,,,False,,,{}
AMR-B-1,RETURN-AMR-B-1-2,corridor,2026-01-03 19:10:18,2026-01-03 19:10:21,C2-11,AMR-CENTRE,,,157.38,-84.803,2,157.36,-81.619,2,completed,223818.49,2026-01-03 19:10:18,segment_corridor,,,,[],[],[],0,0,,C2-11,AMR-CENTRE,,2.653,0.0,3.184,0.0,0.0,"{""type"": ""corridor"", ""from"": ""C2-11"", ""to"": ""AMR-CENTRE"", ""duration"": 2.6533856778756353, ""distance_m"": 3.1840628134507623, ""speed_factor"": 1.0, ""congestion_count"": 0, ""from_x"": 157.38, ""from_y"": -84.803, ""to_x"": 157.36, ""to_y"": -81.619, ""from_floor"": 2, ""to_floor"": 2}",,,,0.0,,,False,,,{}
AMR-B-1,RETURN-AMR-B-1-2,dropoff,2026-01-03 19:10:21,2026-01-03 19:10:41,,,,,,,,,,,completed,223821.144,2026-01-03 19:10:21,segment_dropoff,,,,[],[],[],0,0,,D47-WASTE,AMR-CENTRE,,20.0,0.0,0.0,0.0,0.0,"{""type"": ""dropoff"", ""location"": ""AMR-CENTRE"", ""duration"": 20.0, ""inventory_space"": """", ""from_x"": null, ""from_y"": null, ""to_x"": null, ""to_y"": null, ""from_floor"": null, ""to_floor"": null}",,,,0.0,,,False,,,{}
AMR-B-1,RETURN-AMR-B-1-2,,2026-01-03 19:10:41,2026-01-03 19:10:41,,,,,,,,,,,finish,223841.144,2026-01-03 19:10:41,task_complete,,,,[],[],[],0,0,,D47-WASTE,AMR-CENTRE,,0.0,0.0,0.0,0.0,0.0,Task RETURN-AMR-B-1-2 completed,,,,0.0,,,False,,,{}
,GEN_WASTE_D44_00003,,2026-01-05 05:00:00,2026-01-05 05:00:00,D44-WASTE,D47-WASTE,,,138.881,-195.141,0,176.0,12.0,0,generated,345600.0,2026-01-05 05:00:00,task_generated,Clinical Waste Bin,,,[],[],[],0,0,,D44-WASTE,D47-WASTE,,0.0,0.0,0.0,0.0,0.0,Generated threshold waste task,department_waste,D44,Clinical,0.616,Clinical Waste Bin,,False,,,{}
,,,2026-01-05 05:00:00,2026-01-05 05:15:00,,,,,,,,,,,waiting,345600.0,2026-01-05 05:00:00,task_wait,,,,[],[],[],0,0,,,,,900.0,0.0,0.0,0.0,0.0,No AMRs currently available,,,,0.0,,,False,,,{}
,,,2026-01-05 05:15:00,2026-01-05 05:30:00,,,,,,,,,,,waiting,346500.0,2026-01-05 05:15:00,task_wait,,,,[],[],[],0,0,,,,,900.0,0.0,0.0,0.0,0.0,No AMRs currently available,,,,0.0,,,False,,,{}
,,,2026-01-05 05:30:00,2026-01-05 05:45:00,,,,,,,,,,,waiting,347400.0,2026-01-05 05:30:00,task_wait,,,,[],[],[],0,0,,,,,900.0,0.0,0.0,0.0,0.0,No AMRs currently available,,,,0.0,,,False,,,{}
,,,2026-01-05 05:45:00,2026-01-05 06:00:00,,,,,,,,,,,waiting,348300.0,2026-01-05 05:45:00,task_wait,,,,[],[],[],0,0,,,,,900.0,0.0,0.0,0.0,0.0,No AMRs currently available,,,,0.0,,,False,,,{}
,,,2026-01-05 06:00:00,2026-01-05 06:15:00,,,,,,,,,,,waiting,349200.0,2026-01-05 06:00:00,task_wait,,,,[],[],[],0,0,,,,,900.0,0.0,0.0,0.0,0.0,No AMRs currently available,,,,0.0,,,False,,,{}
,,,2026-01-05 06:15:00,2026-01-05 06:30:00,,,,,,,,,,,waiting,350100.0,2026-01-05 06:15:00,task_wait,,,,[],[],[],0,0,,,,,900.0,0.0,0.0,0.0,0.0,No AMRs currently available,,,,0.0,,,False,,,{}
,,,2026-01-05 06:30:00,2026-01-05 06:45:00,,,,,,,,,,,waiting,351000.0,2026-01-05 06:30:00,task_wait,,,,[],[],[],0,0,,,,,900.0,0.0,0.0,0.0,0.0,No AMRs currently available,,,,0.0,,,False,,,{}
,,,2026-01-05 06:45:00,2026-01-05 07:00:00,,,,,,,,,,,waiting,351900.0,2026-01-05 06:45:00,task_wait,,,,[],[],[],0,0,,,,,900.0,0.0,0.0,0.0,0.0,No AMRs currently available,,,,0.0,,,False,,,{}
,,,2026-01-05 07:00:00,2026-01-05 07:15:00,,,,,,,,,,,waiting,352800.0,2026-01-05 07:00:00,task_wait,,,,[],[],[],0,0,,,,,900.0,0.0,0.0,0.0,0.0,No AMRs currently available,,,,0.0,,,False,,,{}
,,,2026-01-05 07:15:00,2026-01-05 07:30:00,,,,,,,,,,,waiting,353700.0,2026-01-05 07:15:00,task_wait,,,,[],[],[],0,0,,,,,900.0,0.0,0.0,0.0,0.0,No AMRs currently available,,,,0.0,,,False,,,{}
,,,2026-01-05 07:30:00,2026-01-05 07:45:00,,,,,,,,,,,waiting,354600.0,2026-01-05 07:30:00,task_wait,,,,[],[],[],0,0,,,,,900.0,0.0,0.0,0.0,0.0,No AMRs currently available,,,,0.0,,,False,,,{}
,,,2026-01-05 07:45:00,2026-01-05 08:00:00,,,,,,,,,,,waiting,355500.0,2026-01-05 07:45:00,task_wait,,,,[],[],[],0,0,,,,,900.0,0.0,0.0,0.0,0.0,No AMRs currently available,,,,0.0,,,False,,,{}
,,,2026-01-05 08:00:00,2026-01-05 08:15:00,,,,,,,,,,,waiting,356400.0,2026-01-05 08:00:00,task_wait,,,,[],[],[],0,0,,,,,900.0,0.0,0.0,0.0,0.0,No AMRs currently available,,,,0.0,,,False,,,{}
,,,2026-01-05 08:15:00,2026-01-05 08:30:00,,,,,,,,,,,waiting,357300.0,2026-01-05 08:15:00,task_wait,,,,[],[],[],0,0,,,,,900.0,0.0,0.0,0.0,0.0,No AMRs currently available,,,,0.0,,,False,,,{}
,,,2026-01-05 08:30:00,2026-01-05 08:45:00,,,,,,,,,,,waiting,358200.0,2026-01-05 08:30:00,task_wait,,,,[],[],[],0,0,,,,,900.0,0.0,0.0,0.0,0.0,No AMRs currently available,,,,0.0,,,False,,,{}
,,,2026-01-05 08:45:00,2026-01-05 09:00:00,,,,,,,,,,,waiting,359100.0,2026-01-05 08:45:00,task_wait,,,,[],[],[],0,0,,,,,900.0,0.0,0.0,0.0,0.0,No AMRs currently available,,,,0.0,,,False,,,{}
,,,2026-01-05 09:00:00,2026-01-05 09:15:00,,,,,,,,,,,waiting,360000.0,2026-01-05 09:00:00,task_wait,,,,[],[],[],0,0,,,,,900.0,0.0,0.0,0.0,0.0,No AMRs currently available,,,,0.0,,,False,,,{}
,,,2026-01-05 09:15:00,2026-01-05 09:30:00,,,,,,,,,,,waiting,360900.0,2026-01-05 09:15:00,task_wait,,,,[],[],[],0,0,,,,,900.0,0.0,0.0,0.0,0.0,No AMRs currently available,,,,0.0,,,False,,,{}
,,,2026-01-05 09:30:00,2026-01-05 09:45:00,,,,,,,,,,,waiting,361800.0,2026-01-05 09:30:00,task_wait,,,,[],[],[],0,0,,,,,900.0,0.0,0.0,0.0,0.0,No AMRs currently available,,,,0.0,,,False,,,{}
,,,2026-01-05 09:45:00,2026-01-05 10:00:00,,,,,,,,,,,waiting,362700.0,2026-01-05 09:45:00,task_wait,,,,[],[],[],0,0,,,,,900.0,0.0,0.0,0.0,0.0,No AMRs currently available,,,,0.0,,,False,,,{}
,,,2026-01-05 10:00:00,2026-01-05 10:15:00,,,,,,,,,,,waiting,363600.0,2026-01-05 10:00:00,task_wait,,,,[],[],[],0,0,,,,,900.0,0.0,0.0,0.0,0.0,No AMRs currently available,,,,0.0,,,False,,,{}
,,,2026-01-05 10:15:00,2026-01-05 10:30:00,,,,,,,,,,,waiting,364500.0,2026-01-05 10:15:00,task_wait,,,,[],[],[],0,0,,,,,900.0,0.0,0.0,0.0,0.0,No AMRs currently available,,,,0.0,,,False,,,{}
,,,2026-01-05 10:30:00,2026-01-05 10:45:00,,,,,,,,,,,waiting,365400.0,2026-01-05 10:30:00,task_wait,,,,[],[],[],0,0,,,,,900.0,0.0,0.0,0.0,0.0,No AMRs currently available,,,,0.0,,,False,,,{}
,,,2026-01-05 10:45:00,2026-01-05 11:00:00,,,,,,,,,,,waiting,366300.0,2026-01-05 10:45:00,task_wait,,,,[],[],[],0,0,,,,,900.0,0.0,0.0,0.0,0.0,No AMRs currently available,,,,0.0,,,False,,,{}
,,,2026-01-05 11:00:00,2026-01-05 11:15:00,,,,,,,,,,,waiting,367200.0,2026-01-05 11:00:00,task_wait,,,,[],[],[],0,0,,,,,900.0,0.0,0.0,0.0,0.0,No AMRs currently available,,,,0.0,,,False,,,{}
,,,2026-01-05 11:15:00,2026-01-05 11:30:00,,,,,,,,,,,waiting,368100.0,2026-01-05 11:15:00,task_wait,,,,[],[],[],0,0,,,,,900.0,0.0,0.0,0.0,0.0,No AMRs currently available,,,,0.0,,,False,,,{}
,,,2026-01-05 11:30:00,2026-01-05 11:45:00,,,,,,,,,,,waiting,369000.0,2026-01-05 11:30:00,task_wait,,,,[],[],[],0,0,,,,,900.0,0.0,0.0,0.0,0.0,No AMRs currently available,,,,0.0,,,False,,,{}
,,,2026-01-05 11:45:00,2026-01-05 12:00:00,,,,,,,,,,,waiting,369900.0,2026-01-05 11:45:00,task_wait,,,,[],[],[],0,0,,,,,900.0,0.0,0.0,0.0,0.0,No AMRs currently available,,,,0.0,,,False,,,{}
,,,2026-01-05 12:00:00,2026-01-05 12:15:00,,,,,,,,,,,waiting,370800.0,2026-01-05 12:00:00,task_wait,,,,[],[],[],0,0,,,,,900.0,0.0,0.0,0.0,0.0,No AMRs currently available,,,,0.0,,,False,,,{}
,,,2026-01-05 12:15:00,2026-01-05 12:30:00,,,,,,,,,,,waiting,371700.0,2026-01-05 12:15:00,task_wait,,,,[],[],[],0,0,,,,,900.0,0.0,0.0,0.0,0.0,No AMRs currently available,,,,0.0,,,False,,,{}
,,,2026-01-05 12:30:00,2026-01-05 12:45:00,,,,,,,,,,,waiting,372600.0,2026-01-05 12:30:00,task_wait,,,,[],[],[],0,0,,,,,900.0,0.0,0.0,0.0,0.0,No AMRs currently available,,,,0.0,,,False,,,{}
,,,2026-01-05 12:45:00,2026-01-05 13:00:00,,,,,,,,,,,waiting,373500.0,2026-01-05 12:45:00,task_wait,,,,[],[],[],0,0,,,,,900.0,0.0,0.0,0.0,0.0,No AMRs currently available,,,,0.0,,,False,,,{}
,,,2026-01-05 13:00:00,2026-01-05 13:15:00,,,,,,,,,,,waiting,374400.0,2026-01-05 13:00:00,task_wait,,,,[],[],[],0,0,,,,,900.0,0.0,0.0,0.0,0.0,No AMRs currently available,,,,0.0,,,False,,,{}
,,,2026-01-05 13:15:00,2026-01-05 13:30:00,,,,,,,,,,,waiting,375300.0,2026-01-05 13:15:00,task_wait,,,,[],[],[],0,0,,,,,900.0,0.0,0.0,0.0,0.0,No AMRs currently available,,,,0.0,,,False,,,{}
,,,2026-01-05 13:30:00,2026-01-05 13:45:00,,,,,,,,,,,waiting,376200.0,2026-01-05 13:30:00,task_wait,,,,[],[],[],0,0,,,,,900.0,0.0,0.0,0.0,0.0,No AMRs currently available,,,,0.0,,,False,,,{}
,,,2026-01-05 13:45:00,2026-01-05 14:00:00,,,,,,,,,,,waiting,377100.0,2026-01-05 13:45:00,task_wait,,,,[],[],[],0,0,,,,,900.0,0.0,0.0,0.0,0.0,No AMRs currently available,,,,0.0,,,False,,,{}
,,,2026-01-05 14:00:00,2026-01-05 14:15:00,,,,,,,,,,,waiting,378000.0,2026-01-05 14:00:00,task_wait,,,,[],[],[],0,0,,,,,900.0,0.0,0.0,0.0,0.0,No AMRs currently available,,,,0.0,,,False,,,{}
,,,2026-01-05 14:15:00,2026-01-05 14:30:00,,,,,,,,,,,waiting,378900.0,2026-01-05 14:15:00,task_wait,,,,[],[],[],0,0,,,,,900.0,0.0,0.0,0.0,0.0,No AMRs currently available,,,,0.0,,,False,,,{}
,,,2026-01-05 14:30:00,2026-01-05 14:45:00,,,,,,,,,,,waiting,379800.0,2026-01-05 14:30:00,task_wait,,,,[],[],[],0,0,,,,,900.0,0.0,0.0,0.0,0.0,No AMRs currently available,,,,0.0,,,False,,,{}
,,,2026-01-05 14:45:00,2026-01-05 15:00:00,,,,,,,,,,,waiting,380700.0,2026-01-05 14:45:00,task_wait,,,,[],[],[],0,0,,,,,900.0,0.0,0.0,0.0,0.0,No AMRs currently available,,,,0.0,,,False,,,{}
,,,2026-01-05 15:00:00,2026-01-05 15:15:00,,,,,,,,,,,waiting,381600.0,2026-01-05 15:00:00,task_wait,,,,[],[],[],0,0,,,,,900.0,0.0,0.0,0.0,0.0,No AMRs currently available,,,,0.0,,,False,,,{}
,,,2026-01-05 15:15:00,2026-01-05 15:30:00,,,,,,,,,,,waiting,382500.0,2026-01-05 15:15:00,task_wait,,,,[],[],[],0,0,,,,,900.0,0.0,0.0,0.0,0.0,No AMRs currently available,,,,0.0,,,False,,,{}
,,,2026-01-05 15:30:00,2026-01-05 15:45:00,,,,,,,,,,,waiting,383400.0,2026-01-05 15:30:00,task_wait,,,,[],[],[],0,0,,,,,900.0,0.0,0.0,0.0,0.0,No AMRs currently available,,,,0.0,,,False,,,{}
,,,2026-01-05 15:45:00,2026-01-05 16:00:00,,,,,,,,,,,waiting,384300.0,2026-01-05 15:45:00,task_wait,,,,[],[],[],0,0,,,,,900.0,0.0,0.0,0.0,0.0,No AMRs currently available,,,,0.0,,,False,,,{}
,,,2026-01-05 16:00:00,2026-01-05 16:15:00,,,,,,,,,,,waiting,385200.0,2026-01-05 16:00:00,task_wait,,,,[],[],[],0,0,,,,,900.0,0.0,0.0,0.0,0.0,No AMRs currently available,,,,0.0,,,False,,,{}
,,,2026-01-05 16:15:00,2026-01-05 16:30:00,,,,,,,,,,,waiting,386100.0,2026-01-05 16:15:00,task_wait,,,,[],[],[],0,0,,,,,900.0,0.0,0.0,0.0,0.0,No AMRs currently available,,,,0.0,,,False,,,{}
,,,2026-01-05 16:30:00,2026-01-05 16:45:00,,,,,,,,,,,waiting,387000.0,2026-01-05 16:30:00,task_wait,,,,[],[],[],0,0,,,,,900.0,0.0,0.0,0.0,0.0,No AMRs currently available,,,,0.0,,,False,,,{}
,,,2026-01-05 16:45:00,2026-01-05 17:00:00,,,,,,,,,,,waiting,387900.0,2026-01-05 16:45:00,task_wait,,,,[],[],[],0,0,,,,,900.0,0.0,0.0,0.0,0.0,No AMRs currently available,,,,0.0,,,False,,,{}
,,,2026-01-05 17:00:00,2026-01-05 17:15:00,,,,,,,,,,,waiting,388800.0,2026-01-05 17:00:00,task_wait,,,,[],[],[],0,0,,,,,900.0,0.0,0.0,0.0,0.0,No AMRs currently available,,,,0.0,,,False,,,{}
,,,2026-01-05 17:15:00,2026-01-05 17:30:00,,,,,,,,,,,waiting,389700.0,2026-01-05 17:15:00,task_wait,,,,[],[],[],0,0,,,,,900.0,0.0,0.0,0.0,0.0,No AMRs currently available,,,,0.0,,,False,,,{}
,,,2026-01-05 17:30:00,2026-01-05 17:45:00,,,,,,,,,,,waiting,390600.0,2026-01-05 17:30:00,task_wait,,,,[],[],[],0,0,,,,,900.0,0.0,0.0,0.0,0.0,No AMRs currently available,,,,0.0,,,False,,,{}
,,,2026-01-05 17:45:00,2026-01-05 18:00:00,,,,,,,,,,,waiting,391500.0,2026-01-05 17:45:00,task_wait,,,,[],[],[],0,0,,,,,900.0,0.0,0.0,0.0,0.0,No AMRs currently available,,,,0.0,,,False,,,{}
,,,2026-01-05 18:00:00,2026-01-05 18:15:00,,,,,,,,,,,waiting,392400.0,2026-01-05 18:00:00,task_wait,,,,[],[],[],0,0,,,,,900.0,0.0,0.0,0.0,0.0,No AMRs currently available,,,,0.0,,,False,,,{}
,,,2026-01-05 18:15:00,2026-01-05 18:30:00,,,,,,,,,,,waiting,393300.0,2026-01-05 18:15:00,task_wait,,,,[],[],[],0,0,,,,,900.0,0.0,0.0,0.0,0.0,No AMRs currently available,,,,0.0,,,False,,,{}
,,,2026-01-05 18:30:00,2026-01-05 18:45:00,,,,,,,,,,,waiting,394200.0,2026-01-05 18:30:00,task_wait,,,,[],[],[],0,0,,,,,900.0,0.0,0.0,0.0,0.0,No AMRs currently available,,,,0.0,,,False,,,{}
,,,2026-01-05 18:45:00,2026-01-05 19:00:00,,,,,,,,,,,waiting,395100.0,2026-01-05 18:45:00,task_wait,,,,[],[],[],0,0,,,,,900.0,0.0,0.0,0.0,0.0,No AMRs currently available,,,,0.0,,,False,,,{}
,,,2026-01-05 19:00:00,2026-01-05 19:15:00,,,,,,,,,,,waiting,396000.0,2026-01-05 19:00:00,task_wait,,,,[],[],[],0,0,,,,,900.0,0.0,0.0,0.0,0.0,No AMRs currently available,,,,0.0,,,False,,,{}
,,,2026-01-05 19:15:00,2026-01-05 19:30:00,,,,,,,,,,,waiting,396900.0,2026-01-05 19:15:00,task_wait,,,,[],[],[],0,0,,,,,900.0,0.0,0.0,0.0,0.0,No AMRs currently available,,,,0.0,,,False,,,{}
,,,2026-01-05 19:30:00,2026-01-05 19:45:00,,,,,,,,,,,waiting,397800.0,2026-01-05 19:30:00,task_wait,,,,[],[],[],0,0,,,,,900.0,0.0,0.0,0.0,0.0,No AMRs currently available,,,,0.0,,,False,,,{}
,,,2026-01-05 19:45:00,2026-01-05 20:00:00,,,,,,,,,,,waiting,398700.0,2026-01-05 19:45:00,task_wait,,,,[],[],[],0,0,,,,,900.0,0.0,0.0,0.0,0.0,No AMRs currently available,,,,0.0,,,False,,,{}
,,,2026-01-05 20:00:00,2026-01-05 20:15:00,,,,,,,,,,,waiting,399600.0,2026-01-05 20:00:00,task_wait,,,,[],[],[],0,0,,,,,900.0,0.0,0.0,0.0,0.0,No AMRs currently available,,,,0.0,,,False,,,{}
,,,2026-01-05 20:15:00,2026-01-05 20:30:00,,,,,,,,,,,waiting,400500.0,2026-01-05 20:15:00,task_wait,,,,[],[],[],0,0,,,,,900.0,0.0,0.0,0.0,0.0,No AMRs currently available,,,,0.0,,,False,,,{}
,,,2026-01-05 20:30:00,2026-01-05 20:45:00,,,,,,,,,,,waiting,401400.0,2026-01-05 20:30:00,task_wait,,,,[],[],[],0,0,,,,,900.0,0.0,0.0,0.0,0.0,No AMRs currently available,,,,0.0,,,False,,,{}
,GEN_WASTE_D4_00004,,2026-01-05 21:00:00,2026-01-05 21:00:00,D4-WASTE,D47-WASTE,,,139.696,-153.083,0,176.0,12.0,0,generated,403200.0,2026-01-05 21:00:00,task_generated,Clinical Waste Bin,,,[],[],[],0,0,,D4-WASTE,D47-WASTE,,0.0,0.0,0.0,0.0,0.0,Generated threshold waste task,department_waste,D4,Clinical,0.616,Clinical Waste Bin,,False,,,{}
,,,2026-01-05 20:45:00,2026-01-05 21:00:00,,,,,,,,,,,waiting,402300.0,2026-01-05 20:45:00,task_wait,,,,[],[],[],0,0,,,,,900.0,0.0,0.0,0.0,0.0,No AMRs currently available,,,,0.0,,,False,,,{}
,,,2026-01-05 21:00:00,2026-01-05 21:15:00,,,,,,,,,,,waiting,403200.0,2026-01-05 21:00:00,task_wait,,,,[],[],[],0,0,,,,,900.0,0.0,0.0,0.0,0.0,No AMRs currently available,,,,0.0,,,False,,,{}
,,,2026-01-05 21:15:00,2026-01-05 21:30:00,,,,,,,,,,,waiting,404100.0,2026-01-05 21:15:00,task_wait,,,,[],[],[],0,0,,,,,900.0,0.0,0.0,0.0,0.0,No AMRs currently available,,,,0.0,,,False,,,{}
,,,2026-01-05 21:30:00,2026-01-05 21:45:00,,,,,,,,,,,waiting,405000.0,2026-01-05 21:30:00,task_wait,,,,[],[],[],0,0,,,,,900.0,0.0,0.0,0.0,0.0,No AMRs currently available,,,,0.0,,,False,,,{}
,,,2026-01-05 21:45:00,2026-01-05 22:00:00,,,,,,,,,,,waiting,405900.0,2026-01-05 21:45:00,task_wait,,,,[],[],[],0,0,,,,,900.0,0.0,0.0,0.0,0.0,No AMRs currently available,,,,0.0,,,False,,,{}
,,,2026-01-05 22:00:00,2026-01-05 22:15:00,,,,,,,,,,,waiting,406800.0,2026-01-05 22:00:00,task_wait,,,,[],[],[],0,0,,,,,900.0,0.0,0.0,0.0,0.0,No AMRs currently available,,,,0.0,,,False,,,{}
,,,2026-01-05 22:15:00,2026-01-05 22:30:00,,,,,,,,,,,waiting,407700.0,2026-01-05 22:15:00,task_wait,,,,[],[],[],0,0,,,,,900.0,0.0,0.0,0.0,0.0,No AMRs currently available,,,,0.0,,,False,,,{}
,,,2026-01-05 22:30:00,2026-01-05 22:45:00,,,,,,,,,,,waiting,408600.0,2026-01-05 22:30:00,task_wait,,,,[],[],[],0,0,,,,,900.0,0.0,0.0,0.0,0.0,No AMRs currently available,,,,0.0,,,False,,,{}
,,,2026-01-05 22:45:00,2026-01-05 23:00:00,,,,,,,,,,,waiting,409500.0,2026-01-05 22:45:00,task_wait,,,,[],[],[],0,0,,,,,900.0,0.0,0.0,0.0,0.0,No AMRs currently available,,,,0.0,,,False,,,{}
,,,2026-01-05 23:00:00,2026-01-05 23:15:00,,,,,,,,,,,waiting,410400.0,2026-01-05 23:00:00,task_wait,,,,[],[],[],0,0,,,,,900.0,0.0,0.0,0.0,0.0,No AMRs currently available,,,,0.0,,,False,,,{}
,,,2026-01-05 23:15:00,2026-01-05 23:30:00,,,,,,,,,,,waiting,411300.0,2026-01-05 23:15:00,task_wait,,,,[],[],[],0,0,,,,,900.0,0.0,0.0,0.0,0.0,No AMRs currently available,,,,0.0,,,False,,,{}
,,,2026-01-05 23:30:00,2026-01-05 23:45:00,,,,,,,,,,,waiting,412200.0,2026-01-05 23:30:00,task_wait,,,,[],[],[],0,0,,,,,900.0,0.0,0.0,0.0,0.0,No AMRs currently available,,,,0.0,,,False,,,{}
,,,2026-01-05 23:45:00,2026-01-06 00:00:00,,,,,,,,,,,waiting,413100.0,2026-01-05 23:45:00,task_wait,,,,[],[],[],0,0,,,,,900.0,0.0,0.0,0.0,0.0,No AMRs currently available,,,,0.0,,,False,,,{}
,,,2026-01-06 00:00:00,2026-01-06 00:15:00,,,,,,,,,,,waiting,414000.0,2026-01-06 00:00:00,task_wait,,,,[],[],[],0,0,,,,,900.0,0.0,0.0,0.0,0.0,No AMRs currently available,,,,0.0,,,False,,,{}
,,,2026-01-06 00:15:00,2026-01-06 00:30:00,,,,,,,,,,,waiting,414900.0,2026-01-06 00:15:00,task_wait,,,,[],[],[],0,0,,,,,900.0,0.0,0.0,0.0,0.0,No AMRs currently available,,,,0.0,,,False,,,{}
,,,2026-01-06 00:30:00,2026-01-06 00:45:00,,,,,,,,,,,waiting,415800.0,2026-01-06 00:30:00,task_wait,,,,[],[],[],0,0,,,,,900.0,0.0,0.0,0.0,0.0,No AMRs currently available,,,,0.0,,,False,,,{}
,,,2026-01-06 00:45:00,2026-01-06 01:00:00,,,,,,,,,,,waiting,416700.0,2026-01-06 00:45:00,task_wait,,,,[],[],[],0,0,,,,,900.0,0.0,0.0,0.0,0.0,No AMRs currently available,,,,0.0,,,False,,,{}
,,,2026-01-06 01:00:00,2026-01-06 01:15:00,,,,,,,,,,,waiting,417600.0,2026-01-06 01:00:00,task_wait,,,,[],[],[],0,0,,,,,900.0,0.0,0.0,0.0,0.0,No AMRs currently available,,,,0.0,,,False,,,{}
,,,2026-01-06 01:15:00,2026-01-06 01:30:00,,,,,,,,,,,waiting,418500.0,2026-01-06 01:15:00,task_wait,,,,[],[],[],0,0,,,,,900.0,0.0,0.0,0.0,0.0,No AMRs currently available,,,,0.0,,,False,,,{}
,,,2026-01-06 01:30:00,2026-01-06 01:45:00,,,,,,,,,,,waiting,419400.0,2026-01-06 01:30:00,task_wait,,,,[],[],[],0,0,,,,,900.0,0.0,0.0,0.0,0.0,No AMRs currently available,,,,0.0,,,False,,,{}
,,,2026-01-06 01:45:00,2026-01-06 02:00:00,,,,,,,,,,,waiting,420300.0,2026-01-06 01:45:00,task_wait,,,,[],[],[],0,0,,,,,900.0,0.0,0.0,0.0,0.0,No AMRs currently available,,,,0.0,,,False,,,{}
,,,2026-01-06 02:00:00,2026-01-06 02:15:00,,,,,,,,,,,waiting,421200.0,2026-01-06 02:00:00,task_wait,,,,[],[],[],0,0,,,,,900.0,0.0,0.0,0.0,0.0,No AMRs currently available,,,,0.0,,,False,,,{}
,,,2026-01-06 02:15:00,2026-01-06 02:30:00,,,,,,,,,,,waiting,422100.0,2026-01-06 02:15:00,task_wait,,,,[],[],[],0,0,,,,,900.0,0.0,0.0,0.0,0.0,No AMRs currently available,,,,0.0,,,False,,,{}
,,,2026-01-06 02:30:00,2026-01-06 02:45:00,,,,,,,,,,,waiting,423000.0,2026-01-06 02:30:00,task_wait,,,,[],[],[],0,0,,,,,900.0,0.0,0.0,0.0,0.0,No AMRs currently available,,,,0.0,,,False,,,{}
,,,2026-01-06 02:45:00,2026-01-06 03:00:00,,,,,,,,,,,waiting,423900.0,2026-01-06 02:45:00,task_wait,,,,[],[],[],0,0,,,,,900.0,0.0,0.0,0.0,0.0,No AMRs currently available,,,,0.0,,,False,,,{}
,,,2026-01-06 03:00:00,2026-01-06 03:15:00,,,,,,,,,,,waiting,424800.0,2026-01-06 03:00:00,task_wait,,,,[],[],[],0,0,,,,,900.0,0.0,0.0,0.0,0.0,No AMRs currently available,,,,0.0,,,False,,,{}
,,,2026-01-06 03:15:00,2026-01-06 03:30:00,,,,,,,,,,,waiting,425700.0,2026-01-06 03:15:00,task_wait,,,,[],[],[],0,0,,,,,900.0,0.0,0.0,0.0,0.0,No AMRs currently available,,,,0.0,,,False,,,{}
,,,2026-01-06 03:30:00,2026-01-06 03:45:00,,,,,,,,,,,waiting,426600.0,2026-01-06 03:30:00,task_wait,,,,[],[],[],0,0,,,,,900.0,0.0,0.0,0.0,0.0,No AMRs currently available,,,,0.0,,,False,,,{}
,,,2026-01-06 03:45:00,2026-01-06 04:00:00,,,,,,,,,,,waiting,427500.0,2026-01-06 03:45:00,task_wait,,,,[],[],[],0,0,,,,,900.0,0.0,0.0,0.0,0.0,No AMRs currently available,,,,0.0,,,False,,,{}
,,,2026-01-06 04:00:00,2026-01-06 04:15:00,,,,,,,,,,,waiting,428400.0,2026-01-06 04:00:00,task_wait,,,,[],[],[],0,0,,,,,900.0,0.0,0.0,0.0,0.0,No AMRs currently available,,,,0.0,,,False,,,{}
,,,2026-01-06 04:15:00,2026-01-06 04:30:00,,,,,,,,,,,waiting,429300.0,2026-01-06 04:15:00,task_wait,,,,[],[],[],0,0,,,,,900.0,0.0,0.0,0.0,0.0,No AMRs currently available,,,,0.0,,,False,,,{}
,,,2026-01-06 04:30:00,2026-01-06 04:45:00,,,,,,,,,,,waiting,430200.0,2026-01-06 04:30:00,task_wait,,,,[],[],[],0,0,,,,,900.0,0.0,0.0,0.0,0.0,No AMRs currently available,,,,0.0,,,False,,,{}
,,,2026-01-06 04:45:00,2026-01-06 05:00:00,,,,,,,,,,,waiting,431100.0,2026-01-06 04:45:00,task_wait,,,,[],[],[],0,0,,,,,900.0,0.0,0.0,0.0,0.0,No AMRs currently available,,,,0.0,,,False,,,{}
,,,2026-01-06 05:00:00,2026-01-06 05:15:00,,,,,,,,,,,waiting,432000.0,2026-01-06 05:00:00,task_wait,,,,[],[],[],0,0,,,,,900.0,0.0,0.0,0.0,0.0,No AMRs currently available,,,,0.0,,,False,,,{}
,,,2026-01-06 05:15:00,2026-01-06 05:30:00,,,,,,,,,,,waiting,432900.0,2026-01-06 05:15:00,task_wait,,,,[],[],[],0,0,,,,,900.0,0.0,0.0,0.0,0.0,No AMRs currently available,,,,0.0,,,False,,,{}
,,,2026-01-06 05:30:00,2026-01-06 05:45:00,,,,,,,,,,,waiting,433800.0,2026-01-06 05:30:00,task_wait,,,,[],[],[],0,0,,,,,900.0,0.0,0.0,0.0,0.0,No AMRs currently available,,,,0.0,,,False,,,{}
,,,2026-01-06 05:45:00,2026-01-06 06:00:00,,,,,,,,,,,waiting,434700.0,2026-01-06 05:45:00,task_wait,,,,[],[],[],0,0,,,,,900.0,0.0,0.0,0.0,0.0,No AMRs currently available,,,,0.0,,,False,,,{}
,,,2026-01-06 06:00:00,2026-01-06 06:15:00,,,,,,,,,,,waiting,435600.0,2026-01-06 06:00:00,task_wait,,,,[],[],[],0,0,,,,,900.0,0.0,0.0,0.0,0.0,No AMRs currently available,,,,0.0,,,False,,,{}
,,,2026-01-06 06:15:00,2026-01-06 06:30:00,,,,,,,,,,,waiting,436500.0,2026-01-06 06:15:00,task_wait,,,,[],[],[],0,0,,,,,900.0,0.0,0.0,0.0,0.0,No AMRs currently available,,,,0.0,,,False,,,{}
,,,2026-01-06 06:30:00,2026-01-06 06:45:00,,,,,,,,,,,waiting,437400.0,2026-01-06 06:30:00,task_wait,,,,[],[],[],0,0,,,,,900.0,0.0,0.0,0.0,0.0,No AMRs currently available,,,,0.0,,,False,,,{}
,,,2026-01-06 06:45:00,2026-01-06 07:00:00,,,,,,,,,,,waiting,438300.0,2026-01-06 06:45:00,task_wait,,,,[],[],[],0,0,,,,,900.0,0.0,0.0,0.0,0.0,No AMRs currently available,,,,0.0,,,False,,,{}
,,,2026-01-06 07:00:00,2026-01-06 07:15:00,,,,,,,,,,,waiting,439200.0,2026-01-06 07:00:00,task_wait,,,,[],[],[],0,0,,,,,900.0,0.0,0.0,0.0,0.0,No AMRs currently available,,,,0.0,,,False,,,{}
,,,2026-01-06 07:15:00,2026-01-06 07:30:00,,,,,,,,,,,waiting,440100.0,2026-01-06 07:15:00,task_wait,,,,[],[],[],0,0,,,,,900.0,0.0,0.0,0.0,0.0,No AMRs currently available,,,,0.0,,,False,,,{}
,,,2026-01-06 07:30:00,2026-01-06 07:45:00,,,,,,,,,,,waiting,441000.0,2026-01-06 07:30:00,task_wait,,,,[],[],[],0,0,,,,,900.0,0.0,0.0,0.0,0.0,No AMRs currently available,,,,0.0,,,False,,,{}
,,,2026-01-06 07:45:00,2026-01-06 08:00:00,,,,,,,,,,,waiting,441900.0,2026-01-06 07:45:00,task_wait,,,,[],[],[],0,0,,,,,900.0,0.0,0.0,0.0,0.0,No AMRs currently available,,,,0.0,,,False,,,{}
,,,2026-01-06 08:00:00,2026-01-06 08:15:00,,,,,,,,,,,waiting,442800.0,2026-01-06 08:00:00,task_wait,,,,[],[],[],0,0,,,,,900.0,0.0,0.0,0.0,0.0,No AMRs currently available,,,,0.0,,,False,,,{}
,,,2026-01-06 08:15:00,2026-01-06 08:30:00,,,,,,,,,,,waiting,443700.0,2026-01-06 08:15:00,task_wait,,,,[],[],[],0,0,,,,,900.0,0.0,0.0,0.0,0.0,No AMRs currently available,,,,0.0,,,False,,,{}
,,,2026-01-06 08:30:00,2026-01-06 08:45:00,,,,,,,,,,,waiting,444600.0,2026-01-06 08:30:00,task_wait,,,,[],[],[],0,0,,,,,900.0,0.0,0.0,0.0,0.0,No AMRs currently available,,,,0.0,,,False,,,{}
,,,2026-01-06 08:45:00,2026-01-06 09:00:00,,,,,,,,,,,waiting,445500.0,2026-01-06 08:45:00,task_wait,,,,[],[],[],0,0,,,,,900.0,0.0,0.0,0.0,0.0,No AMRs currently available,,,,0.0,,,False,,,{}
,,,2026-01-06 09:00:00,2026-01-06 09:15:00,,,,,,,,,,,waiting,446400.0,2026-01-06 09:00:00,task_wait,,,,[],[],[],0,0,,,,,900.0,0.0,0.0,0.0,0.0,No AMRs currently available,,,,0.0,,,False,,,{}
,,,2026-01-06 09:15:00,2026-01-06 09:30:00,,,,,,,,,,,waiting,447300.0,2026-01-06 09:15:00,task_wait,,,,[],[],[],0,0,,,,,900.0,0.0,0.0,0.0,0.0,No AMRs currently available,,,,0.0,,,False,,,{}
,,,2026-01-06 09:30:00,2026-01-06 09:45:00,,,,,,,,,,,waiting,448200.0,2026-01-06 09:30:00,task_wait,,,,[],[],[],0,0,,,,,900.0,0.0,0.0,0.0,0.0,No AMRs currently available,,,,0.0,,,False,,,{}
,,,2026-01-06 09:45:00,2026-01-06 10:00:00,,,,,,,,,,,waiting,449100.0,2026-01-06 09:45:00,task_wait,,,,[],[],[],0,0,,,,,900.0,0.0,0.0,0.0,0.0,No AMRs currently available,,,,0.0,,,False,,,{}
,,,2026-01-06 10:00:00,2026-01-06 10:15:00,,,,,,,,,,,waiting,450000.0,2026-01-06 10:00:00,task_wait,,,,[],[],[],0,0,,,,,900.0,0.0,0.0,0.0,0.0,No AMRs currently available,,,,0.0,,,False,,,{}
,,,2026-01-06 10:15:00,2026-01-06 10:30:00,,,,,,,,,,,waiting,450900.0,2026-01-06 10:15:00,task_wait,,,,[],[],[],0,0,,,,,900.0,0.0,0.0,0.0,0.0,No AMRs currently available,,,,0.0,,,False,,,{}
,,,2026-01-06 10:30:00,2026-01-06 10:45:00,,,,,,,,,,,waiting,451800.0,2026-01-06 10:30:00,task_wait,,,,[],[],[],0,0,,,,,900.0,0.0,0.0,0.0,0.0,No AMRs currently available,,,,0.0,,,False,,,{}
,,,2026-01-06 10:45:00,2026-01-06 11:00:00,,,,,,,,,,,waiting,452700.0,2026-01-06 10:45:00,task_wait,,,,[],[],[],0,0,,,,,900.0,0.0,0.0,0.0,0.0,No AMRs currently available,,,,0.0,,,False,,,{}
,,,2026-01-06 11:00:00,2026-01-06 11:15:00,,,,,,,,,,,waiting,453600.0,2026-01-06 11:00:00,task_wait,,,,[],[],[],0,0,,,,,900.0,0.0,0.0,0.0,0.0,No AMRs currently available,,,,0.0,,,False,,,{}
,,,2026-01-06 11:15:00,2026-01-06 11:30:00,,,,,,,,,,,waiting,454500.0,2026-01-06 11:15:00,task_wait,,,,[],[],[],0,0,,,,,900.0,0.0,0.0,0.0,0.0,No AMRs currently available,,,,0.0,,,False,,,{}
,,,2026-01-06 11:30:00,2026-01-06 11:45:00,,,,,,,,,,,waiting,455400.0,2026-01-06 11:30:00,task_wait,,,,[],[],[],0,0,,,,,900.0,0.0,0.0,0.0,0.0,No AMRs currently available,,,,0.0,,,False,,,{}
,,,2026-01-06 11:45:00,2026-01-06 12:00:00,,,,,,,,,,,waiting,456300.0,2026-01-06 11:45:00,task_wait,,,,[],[],[],0,0,,,,,900.0,0.0,0.0,0.0,0.0,No AMRs currently available,,,,0.0,,,False,,,{}
,,,2026-01-06 12:00:00,2026-01-06 12:15:00,,,,,,,,,,,waiting,457200.0,2026-01-06 12:00:00,task_wait,,,,[],[],[],0,0,,,,,900.0,0.0,0.0,0.0,0.0,No AMRs currently available,,,,0.0,,,False,,,{}
,,,2026-01-06 12:15:00,2026-01-06 12:30:00,,,,,,,,,,,waiting,458100.0,2026-01-06 12:15:00,task_wait,,,,[],[],[],0,0,,,,,900.0,0.0,0.0,0.0,0.0,No AMRs currently available,,,,0.0,,,False,,,{}
,,,2026-01-06 12:30:00,2026-01-06 12:45:00,,,,,,,,,,,waiting,459000.0,2026-01-06 12:30:00,task_wait,,,,[],[],[],0,0,,,,,900.0,0.0,0.0,0.0,0.0,No AMRs currently available,,,,0.0,,,False,,,{}
,GEN_WASTE_D4_00005,,2026-01-06 13:00:00,2026-01-06 13:00:00,D4-WASTE,D47-WASTE,,,139.696,-153.083,0,176.0,12.0,0,generated,460800.0,2026-01-06 13:00:00,task_generated,Clinical Waste Bin,,,[],[],[],0,0,,D4-WASTE,D47-WASTE,,0.0,0.0,0.0,0.0,0.0,Generated threshold waste task,department_waste,D4,Clinical,0.616,Clinical Waste Bin,,False,,,{}
,,,2026-01-06 12:45:00,2026-01-06 13:00:00,,,,,,,,,,,waiting,459900.0,2026-01-06 12:45:00,task_wait,,,,[],[],[],0,0,,,,,900.0,0.0,0.0,0.0,0.0,No AMRs currently available,,,,0.0,,,False,,,{}
,,,2026-01-06 13:00:00,2026-01-06 13:15:00,,,,,,,,,,,waiting,460800.0,2026-01-06 13:00:00,task_wait,,,,[],[],[],0,0,,,,,900.0,0.0,0.0,0.0,0.0,No AMRs currently available,,,,0.0,,,False,,,{}
,,,2026-01-06 13:15:00,2026-01-06 13:30:00,,,,,,,,,,,waiting,461700.0,2026-01-06 13:15:00,task_wait,,,,[],[],[],0,0,,,,,900.0,0.0,0.0,0.0,0.0,No AMRs currently available,,,,0.0,,,False,,,{}
,,,2026-01-06 13:30:00,2026-01-06 13:45:00,,,,,,,,,,,waiting,462600.0,2026-01-06 13:30:00,task_wait,,,,[],[],[],0,0,,,,,900.0,0.0,0.0,0.0,0.0,No AMRs currently available,,,,0.0,,,False,,,{}
,,,2026-01-06 13:45:00,2026-01-06 14:00:00,,,,,,,,,,,waiting,463500.0,2026-01-06 13:45:00,task_wait,,,,[],[],[],0,0,,,,,900.0,0.0,0.0,0.0,0.0,No AMRs currently available,,,,0.0,,,False,,,{}
,,,2026-01-06 14:00:00,2026-01-06 14:15:00,,,,,,,,,,,waiting,464400.0,2026-01-06 14:00:00,task_wait,,,,[],[],[],0,0,,,,,900.0,0.0,0.0,0.0,0.0,No AMRs currently available,,,,0.0,,,False,,,{}
,,,2026-01-06 14:15:00,2026-01-06 14:30:00,,,,,,,,,,,waiting,465300.0,2026-01-06 14:15:00,task_wait,,,,[],[],[],0,0,,,,,900.0,0.0,0.0,0.0,0.0,No AMRs currently available,,,,0.0,,,False,,,{}
,,,2026-01-06 14:30:00,2026-01-06 14:45:00,,,,,,,,,,,waiting,466200.0,2026-01-06 14:30:00,task_wait,,,,[],[],[],0,0,,,,,900.0,0.0,0.0,0.0,0.0,No AMRs currently available,,,,0.0,,,False,,,{}
,,,2026-01-06 14:45:00,2026-01-06 15:00:00,,,,,,,,,,,waiting,467100.0,2026-01-06 14:45:00,task_wait,,,,[],[],[],0,0,,,,,900.0,0.0,0.0,0.0,0.0,No AMRs currently available,,,,0.0,,,False,,,{}
,,,2026-01-06 15:00:00,2026-01-06 15:15:00,,,,,,,,,,,waiting,468000.0,2026-01-06 15:00:00,task_wait,,,,[],[],[],0,0,,,,,900.0,0.0,0.0,0.0,0.0,No AMRs currently available,,,,0.0,,,False,,,{}
,,,2026-01-06 15:15:00,2026-01-06 15:30:00,,,,,,,,,,,waiting,468900.0,2026-01-06 15:15:00,task_wait,,,,[],[],[],0,0,,,,,900.0,0.0,0.0,0.0,0.0,No AMRs currently available,,,,0.0,,,False,,,{}
,,,2026-01-06 15:30:00,2026-01-06 15:45:00,,,,,,,,,,,waiting,469800.0,2026-01-06 15:30:00,task_wait,,,,[],[],[],0,0,,,,,900.0,0.0,0.0,0.0,0.0,No AMRs currently available,,,,0.0,,,False,,,{}
,,,2026-01-06 15:45:00,2026-01-06 16:00:00,,,,,,,,,,,waiting,470700.0,2026-01-06 15:45:00,task_wait,,,,[],[],[],0,0,,,,,900.0,0.0,0.0,0.0,0.0,No AMRs currently available,,,,0.0,,,False,,,{}
,,,2026-01-06 16:00:00,2026-01-06 16:15:00,,,,,,,,,,,waiting,471600.0,2026-01-06 16:00:00,task_wait,,,,[],[],[],0,0,,,,,900.0,0.0,0.0,0.0,0.0,No AMRs currently available,,,,0.0,,,False,,,{}
,,,2026-01-06 16:15:00,2026-01-06 16:30:00,,,,,,,,,,,waiting,472500.0,2026-01-06 16:15:00,task_wait,,,,[],[],[],0,0,,,,,900.0,0.0,0.0,0.0,0.0,No AMRs currently available,,,,0.0,,,False,,,{}
,,,2026-01-06 16:30:00,2026-01-06 16:45:00,,,,,,,,,,,waiting,473400.0,2026-01-06 16:30:00,task_wait,,,,[],[],[],0,0,,,,,900.0,0.0,0.0,0.0,0.0,No AMRs currently available,,,,0.0,,,False,,,{}
,,,2026-01-06 16:45:00,2026-01-06 17:00:00,,,,,,,,,,,waiting,474300.0,2026-01-06 16:45:00,task_wait,,,,[],[],[],0,0,,,,,900.0,0.0,0.0,0.0,0.0,No AMRs currently available,,,,0.0,,,False,,,{}
,,,2026-01-06 17:00:00,2026-01-06 17:15:00,,,,,,,,,,,waiting,475200.0,2026-01-06 17:00:00,task_wait,,,,[],[],[],0,0,,,,,900.0,0.0,0.0,0.0,0.0,No AMRs currently available,,,,0.0,,,False,,,{}
,,,2026-01-06 17:15:00,2026-01-06 17:30:00,,,,,,,,,,,waiting,476100.0,2026-01-06 17:15:00,task_wait,,,,[],[],[],0,0,,,,,900.0,0.0,0.0,0.0,0.0,No AMRs currently available,,,,0.0,,,False,,,{}
,,,2026-01-06 17:30:00,2026-01-06 17:45:00,,,,,,,,,,,waiting,477000.0,2026-01-06 17:30:00,task_wait,,,,[],[],[],0,0,,,,,900.0,0.0,0.0,0.0,0.0,No AMRs currently available,,,,0.0,,,False,,,{}
,,,2026-01-06 17:45:00,2026-01-06 18:00:00,,,,,,,,,,,waiting,477900.0,2026-01-06 17:45:00,task_wait,,,,[],[],[],0,0,,,,,900.0,0.0,0.0,0.0,0.0,No AMRs currently available,,,,0.0,,,False,,,{}
,,,2026-01-06 18:00:00,2026-01-06 18:15:00,,,,,,,,,,,waiting,478800.0,2026-01-06 18:00:00,task_wait,,,,[],[],[],0,0,,,,,900.0,0.0,0.0,0.0,0.0,No AMRs currently available,,,,0.0,,,False,,,{}
,,,2026-01-06 18:15:00,2026-01-06 18:30:00,,,,,,,,,,,waiting,479700.0,2026-01-06 18:15:00,task_wait,,,,[],[],[],0,0,,,,,900.0,0.0,0.0,0.0,0.0,No AMRs currently available,,,,0.0,,,False,,,{}
,,,2026-01-06 18:30:00,2026-01-06 18:45:00,,,,,,,,,,,waiting,480600.0,2026-01-06 18:30:00,task_wait,,,,[],[],[],0,0,,,,,900.0,0.0,0.0,0.0,0.0,No AMRs currently available,,,,0.0,,,False,,,{}
,,,2026-01-06 18:45:00,2026-01-06 19:00:00,,,,,,,,,,,waiting,481500.0,2026-01-06 18:45:00,task_wait,,,,[],[],[],0,0,,,,,900.0,0.0,0.0,0.0,0.0,No AMRs currently available,,,,0.0,,,False,,,{}
,,,2026-01-06 19:00:00,2026-01-06 19:15:00,,,,,,,,,,,waiting,482400.0,2026-01-06 19:00:00,task_wait,,,,[],[],[],0,0,,,,,900.0,0.0,0.0,0.0,0.0,No AMRs currently available,,,,0.0,,,False,,,{}
,,,2026-01-06 19:15:00,2026-01-06 19:30:00,,,,,,,,,,,waiting,483300.0,2026-01-06 19:15:00,task_wait,,,,[],[],[],0,0,,,,,900.0,0.0,0.0,0.0,0.0,No AMRs currently available,,,,0.0,,,False,,,{}
,,,2026-01-06 19:30:00,2026-01-06 19:45:00,,,,,,,,,,,waiting,484200.0,2026-01-06 19:30:00,task_wait,,,,[],[],[],0,0,,,,,900.0,0.0,0.0,0.0,0.0,No AMRs currently available,,,,0.0,,,False,,,{}
,,,2026-01-06 19:45:00,2026-01-06 20:00:00,,,,,,,,,,,waiting,485100.0,2026-01-06 19:45:00,task_wait,,,,[],[],[],0,0,,,,,900.0,0.0,0.0,0.0,0.0,No AMRs currently available,,,,0.0,,,False,,,{}
,,,2026-01-06 20:00:00,2026-01-06 20:15:00,,,,,,,,,,,waiting,486000.0,2026-01-06 20:00:00,task_wait,,,,[],[],[],0,0,,,,,900.0,0.0,0.0,0.0,0.0,No AMRs currently available,,,,0.0,,,False,,,{}
,,,2026-01-06 20:15:00,2026-01-06 20:30:00,,,,,,,,,,,waiting,486900.0,2026-01-06 20:15:00,task_wait,,,,[],[],[],0,0,,,,,900.0,0.0,0.0,0.0,0.0,No AMRs currently available,,,,0.0,,,False,,,{}
,,,2026-01-06 20:30:00,2026-01-06 20:45:00,,,,,,,,,,,waiting,487800.0,2026-01-06 20:30:00,task_wait,,,,[],[],[],0,0,,,,,900.0,0.0,0.0,0.0,0.0,No AMRs currently available,,,,0.0,,,False,,,{}
,,,2026-01-06 20:45:00,2026-01-06 21:00:00,,,,,,,,,,,waiting,488700.0,2026-01-06 20:45:00,task_wait,,,,[],[],[],0,0,,,,,900.0,0.0,0.0,0.0,0.0,No AMRs currently available,,,,0.0,,,False,,,{}
,,,2026-01-06 21:00:00,2026-01-06 21:15:00,,,,,,,,,,,waiting,489600.0,2026-01-06 21:00:00,task_wait,,,,[],[],[],0,0,,,,,900.0,0.0,0.0,0.0,0.0,No AMRs currently available,,,,0.0,,,False,,,{}
,,,2026-01-06 21:15:00,2026-01-06 21:30:00,,,,,,,,,,,waiting,490500.0,2026-01-06 21:15:00,task_wait,,,,[],[],[],0,0,,,,,900.0,0.0,0.0,0.0,0.0,No AMRs currently available,,,,0.0,,,False,,,{}
,,,2026-01-06 21:30:00,2026-01-06 21:45:00,,,,,,,,,,,waiting,491400.0,2026-01-06 21:30:00,task_wait,,,,[],[],[],0,0,,,,,900.0,0.0,0.0,0.0,0.0,No AMRs currently available,,,,0.0,,,False,,,{}
,,,2026-01-06 21:45:00,2026-01-06 22:00:00,,,,,,,,,,,waiting,492300.0,2026-01-06 21:45:00,task_wait,,,,[],[],[],0,0,,,,,900.0,0.0,0.0,0.0,0.0,No AMRs currently available,,,,0.0,,,False,,,{}
,,,2026-01-06 22:00:00,2026-01-06 22:15:00,,,,,,,,,,,waiting,493200.0,2026-01-06 22:00:00,task_wait,,,,[],[],[],0,0,,,,,900.0,0.0,0.0,0.0,0.0,No AMRs currently available,,,,0.0,,,False,,,{}
,,,2026-01-06 22:15:00,2026-01-06 22:30:00,,,,,,,,,,,waiting,494100.0,2026-01-06 22:15:00,task_wait,,,,[],[],[],0,0,,,,,900.0,0.0,0.0,0.0,0.0,No AMRs currently available,,,,0.0,,,False,,,{}
,,,2026-01-06 22:30:00,2026-01-06 22:45:00,,,,,,,,,,,waiting,495000.0,2026-01-06 22:30:00,task_wait,,,,[],[],[],0,0,,,,,900.0,0.0,0.0,0.0,0.0,No AMRs currently available,,,,0.0,,,False,,,{}
,,,2026-01-06 22:45:00,2026-01-06 23:00:00,,,,,,,,,,,waiting,495900.0,2026-01-06 22:45:00,task_wait,,,,[],[],[],0,0,,,,,900.0,0.0,0.0,0.0,0.0,No AMRs currently available,,,,0.0,,,False,,,{}
,,,2026-01-06 23:00:00,2026-01-06 23:15:00,,,,,,,,,,,waiting,496800.0,2026-01-06 23:00:00,task_wait,,,,[],[],[],0,0,,,,,900.0,0.0,0.0,0.0,0.0,No AMRs currently available,,,,0.0,,,False,,,{}
,,,2026-01-06 23:15:00,2026-01-06 23:30:00,,,,,,,,,,,waiting,497700.0,2026-01-06 23:15:00,task_wait,,,,[],[],[],0,0,,,,,900.0,0.0,0.0,0.0,0.0,No AMRs currently available,,,,0.0,,,False,,,{}
,,,2026-01-06 23:30:00,2026-01-06 23:45:00,,,,,,,,,,,waiting,498600.0,2026-01-06 23:30:00,task_wait,,,,[],[],[],0,0,,,,,900.0,0.0,0.0,0.0,0.0,No AMRs currently available,,,,0.0,,,False,,,{}
,,,2026-01-06 23:45:00,2026-01-07 00:00:00,,,,,,,,,,,waiting,499500.0,2026-01-06 23:45:00,task_wait,,,,[],[],[],0,0,,,,,900.0,0.0,0.0,0.0,0.0,No AMRs currently available,,,,0.0,,,False,,,{}
,,,2026-01-07 00:00:00,2026-01-07 00:15:00,,,,,,,,,,,waiting,500400.0,2026-01-07 00:00:00,task_wait,,,,[],[],[],0,0,,,,,900.0,0.0,0.0,0.0,0.0,No AMRs currently available,,,,0.0,,,False,,,{}
,,,2026-01-07 00:15:00,2026-01-07 00:30:00,,,,,,,,,,,waiting,501300.0,2026-01-07 00:15:00,task_wait,,,,[],[],[],0,0,,,,,900.0,0.0,0.0,0.0,0.0,No AMRs currently available,,,,0.0,,,False,,,{}
,,,2026-01-07 00:30:00,2026-01-07 00:45:00,,,,,,,,,,,waiting,502200.0,2026-01-07 00:30:00,task_wait,,,,[],[],[],0,0,,,,,900.0,0.0,0.0,0.0,0.0,No AMRs currently available,,,,0.0,,,False,,,{}
,,,2026-01-07 00:45:00,2026-01-07 01:00:00,,,,,,,,,,,waiting,503100.0,2026-01-07 00:45:00,task_wait,,,,[],[],[],0,0,,,,,900.0,0.0,0.0,0.0,0.0,No AMRs currently available,,,,0.0,,,False,,,{}
,,,2026-01-07 01:00:00,2026-01-07 01:15:00,,,,,,,,,,,waiting,504000.0,2026-01-07 01:00:00,task_wait,,,,[],[],[],0,0,,,,,900.0,0.0,0.0,0.0,0.0,No AMRs currently available,,,,0.0,,,False,,,{}
,,,2026-01-07 01:15:00,2026-01-07 01:30:00,,,,,,,,,,,waiting,504900.0,2026-01-07 01:15:00,task_wait,,,,[],[],[],0,0,,,,,900.0,0.0,0.0,0.0,0.0,No AMRs currently available,,,,0.0,,,False,,,{}
,,,2026-01-07 01:30:00,2026-01-07 01:45:00,,,,,,,,,,,waiting,505800.0,2026-01-07 01:30:00,task_wait,,,,[],[],[],0,0,,,,,900.0,0.0,0.0,0.0,0.0,No AMRs currently available,,,,0.0,,,False,,,{}
,,,2026-01-07 01:45:00,2026-01-07 02:00:00,,,,,,,,,,,waiting,506700.0,2026-01-07 01:45:00,task_wait,,,,[],[],[],0,0,,,,,900.0,0.0,0.0,0.0,0.0,No AMRs currently available,,,,0.0,,,False,,,{}
,,,2026-01-07 02:00:00,2026-01-07 02:15:00,,,,,,,,,,,waiting,507600.0,2026-01-07 02:00:00,task_wait,,,,[],[],[],0,0,,,,,900.0,0.0,0.0,0.0,0.0,No AMRs currently available,,,,0.0,,,False,,,{}
,,,2026-01-07 02:15:00,2026-01-07 02:30:00,,,,,,,,,,,waiting,508500.0,2026-01-07 02:15:00,task_wait,,,,[],[],[],0,0,,,,,900.0,0.0,0.0,0.0,0.0,No AMRs currently available,,,,0.0,,,False,,,{}
,,,2026-01-07 02:30:00,2026-01-07 02:45:00,,,,,,,,,,,waiting,509400.0,2026-01-07 02:30:00,task_wait,,,,[],[],[],0,0,,,,,900.0,0.0,0.0,0.0,0.0,No AMRs currently available,,,,0.0,,,False,,,{}
,,,2026-01-07 02:45:00,2026-01-07 03:00:00,,,,,,,,,,,waiting,510300.0,2026-01-07 02:45:00,task_wait,,,,[],[],[],0,0,,,,,900.0,0.0,0.0,0.0,0.0,No AMRs currently available,,,,0.0,,,False,,,{}
,,,2026-01-07 03:00:00,2026-01-07 03:15:00,,,,,,,,,,,waiting,511200.0,2026-01-07 03:00:00,task_wait,,,,[],[],[],0,0,,,,,900.0,0.0,0.0,0.0,0.0,No AMRs currently available,,,,0.0,,,False,,,{}
,,,2026-01-07 03:15:00,2026-01-07 03:30:00,,,,,,,,,,,waiting,512100.0,2026-01-07 03:15:00,task_wait,,,,[],[],[],0,0,,,,,900.0,0.0,0.0,0.0,0.0,No AMRs currently available,,,,0.0,,,False,,,{}
,,,2026-01-07 03:30:00,2026-01-07 03:45:00,,,,,,,,,,,waiting,513000.0,2026-01-07 03:30:00,task_wait,,,,[],[],[],0,0,,,,,900.0,0.0,0.0,0.0,0.0,No AMRs currently available,,,,0.0,,,False,,,{}
,,,2026-01-07 03:45:00,2026-01-07 04:00:00,,,,,,,,,,,waiting,513900.0,2026-01-07 03:45:00,task_wait,,,,[],[],[],0,0,,,,,900.0,0.0,0.0,0.0,0.0,No AMRs currently available,,,,0.0,,,False,,,{}
,,,2026-01-07 04:00:00,2026-01-07 04:15:00,,,,,,,,,,,waiting,514800.0,2026-01-07 04:00:00,task_wait,,,,[],[],[],0,0,,,,,900.0,0.0,0.0,0.0,0.0,No AMRs currently available,,,,0.0,,,False,,,{}
,,,2026-01-07 04:15:00,2026-01-07 04:30:00,,,,,,,,,,,waiting,515700.0,2026-01-07 04:15:00,task_wait,,,,[],[],[],0,0,,,,,900.0,0.0,0.0,0.0,0.0,No AMRs currently available,,,,0.0,,,False,,,{}
,,,2026-01-07 04:30:00,2026-01-07 04:45:00,,,,,,,,,,,waiting,516600.0,2026-01-07 04:30:00,task_wait,,,,[],[],[],0,0,,,,,900.0,0.0,0.0,0.0,0.0,No AMRs currently available,,,,0.0,,,False,,,{}
,GEN_WASTE_D4_00006,,2026-01-07 05:00:00,2026-01-07 05:00:00,D4-WASTE,D47-WASTE,,,139.696,-153.083,0,176.0,12.0,0,generated,518400.0,2026-01-07 05:00:00,task_generated,Clinical Waste Bin,,,[],[],[],0,0,,D4-WASTE,D47-WASTE,,0.0,0.0,0.0,0.0,0.0,Generated threshold waste task,department_waste,D4,Clinical,0.616,Clinical Waste Bin,,False,,,{}
,,,2026-01-07 04:45:00,2026-01-07 05:00:00,,,,,,,,,,,waiting,517500.0,2026-01-07 04:45:00,task_wait,,,,[],[],[],0,0,,,,,900.0,0.0,0.0,0.0,0.0,No AMRs currently available,,,,0.0,,,False,,,{}
,,,2026-01-07 05:00:00,2026-01-07 05:15:00,,,,,,,,,,,waiting,518400.0,2026-01-07 05:00:00,task_wait,,,,[],[],[],0,0,,,,,900.0,0.0,0.0,0.0,0.0,No AMRs currently available,,,,0.0,,,False,,,{}
,,,2026-01-07 05:15:00,2026-01-07 05:30:00,,,,,,,,,,,waiting,519300.0,2026-01-07 05:15:00,task_wait,,,,[],[],[],0,0,,,,,900.0,0.0,0.0,0.0,0.0,No AMRs currently available,,,,0.0,,,False,,,{}
,,,2026-01-07 05:30:00,2026-01-07 05:45:00,,,,,,,,,,,waiting,520200.0,2026-01-07 05:30:00,task_wait,,,,[],[],[],0,0,,,,,900.0,0.0,0.0,0.0,0.0,No AMRs currently available,,,,0.0,,,False,,,{}
,,,2026-01-07 05:45:00,2026-01-07 06:00:00,,,,,,,,,,,waiting,521100.0,2026-01-07 05:45:00,task_wait,,,,[],[],[],0,0,,,,,900.0,0.0,0.0,0.0,0.0,No AMRs currently available,,,,0.0,,,False,,,{}
