amr_id,task_id,segment_type,start_time,end_time,start_node,end_node,amr_location_before,amr_location_after,start_x,start_y,start_floor,end_x,end_y,end_floor,status,sim_time_sec,sim_datetime,event_type,payload,payload_instance_id,payload_slot,onboard_payloads,onboard_slots,multi_stop_task_ids,multi_stop_pickup_count,multi_stop_dropoff_count,weight_kg,from_location,to_location,lift_id,duration_sec,wait_time_sec,distance_m,energy_kwh,task_duration_sec,details,task_source,department_id,waste_stream,waste_volume_m3,container_type,pending_reason,tracked_item_exchange,exchange_mode,tracked_item_source_payload,tracked_items
,GEN_WASTE_D44_00001,,2026-01-01 21:00:00,2026-01-01 21:00:00,D4-WASTE,D47-WASTE,,,139.696,-153.083,0,176.0,12.0,0,generated,57600.0,2026-01-01 21:00:00,task_generated,Clinical Waste Bin,Clinical_Waste_Bin-shared_OPD_SET_1-000001,,[],[],[],0,0,,D4-WASTE,D47-WASTE,,0.0,0.0,0.0,0.0,0.0,Generated threshold waste task,department_waste,D44,Clinical,0.616,Clinical Waste Bin,,False,,,{}
AMR-B-1,GEN_WASTE_D44_00001,,2026-01-01 21:00:00,2026-01-01 21:00:01,,,AMR-CENTRE,D47-WASTE,,,,,,,start,57600.0,2026-01-01 21:00:00,task_assigned,Clinical Waste Bin,Clinical_Waste_Bin-shared_OPD_SET_1-000001,,[],[],[],0,0,,D4-WASTE,D47-WASTE,,0.0,0.0,0.0,0.0,346.174,Assigned task to AMR-B-1,department_waste,D44,Clinical,0.616,Clinical Waste Bin,,False,,,{}
AMR-B-1,GEN_WASTE_D44_00001,corridor,2026-01-01 21:00:00,2026-01-01 21:00:02,AMR-CENTRE,C2-11,,,157.36,-81.619,2,157.38,-84.803,2,completed,57600.0,2026-01-01 21:00:00,segment_corridor,,,,[],[],[],0,0,,AMR-CENTRE,C2-11,,2.653,0.0,3.184,0.0,0.0,"{""type"": ""corridor"", ""from"": ""AMR-CENTRE"", ""to"": ""C2-11"", ""duration"": 2.6533856778756353, ""distance_m"": 3.1840628134507623, ""speed_factor"": 1.0, ""congestion_count"": 0, ""from_x"": 157.36, ""from_y"": -81.619, ""to_x"": 157.38, ""to_y"": -84.803, ""from_floor"": 2, ""to_floor"": 2}",,,,0.0,,,False,,,{}
AMR-B-1,GEN_WASTE_D44_00001,corridor,2026-01-01 21:00:02,2026-01-01 21:00:07,C2-11,C2-10,,,157.38,-84.803,2,151.747,-84.823,2,completed,57602.653,2026-01-01 21:00:02,segment_corridor,,,,[],[],[],0,0,,C2-11,C2-10,,4.694,0.0,5.633,0.0,0.0,"{""type"": ""corridor"", ""from"": ""C2-11"", ""to"": ""C2-10"", ""duration"": 4.694196254122965, ""distance_m"": 5.633035504947558, ""speed_factor"": 1.0, ""congestion_count"": 0, ""from_x"": 157.38, ""from_y"": -84.803, ""to_x"": 151.747, ""to_y"": -84.823, ""from_floor"": 2, ""to_floor"": 2}",,,,0.0,,,False,,,{}
AMR-B-1,GEN_WASTE_D44_00001,corridor,2026-01-01 21:00:07,2026-01-01 21:00:11,C2-10,C2-22,,,151.747,-84.823,2,146.298,-84.823,2,completed,57607.348,2026-01-01 21:00:07,segment_corridor,,,,[],[],[],0,0,,C2-10,C2-22,,4.541,0.0,5.449,0.0,0.0,"{""type"": ""corridor"", ""from"": ""C2-10"", ""to"": ""C2-22"", ""duration"": 4.540833333333344, ""distance_m"": 5.449000000000012, ""speed_factor"": 1.0, ""congestion_count"": 0, ""from_x"": 151.747, ""from_y"": -84.823, ""to_x"": 146.298, ""to_y"": -84.823, ""from_floor"": 2, ""to_floor"": 2}",,,,0.0,,,False,,,{}
AMR-B-1,GEN_WASTE_D44_00001,corridor,2026-01-01 21:00:11,2026-01-01 21:00:16,C2-22,C2-12,,,146.298,-84.823,2,140.54,-85.162,2,completed,57611.888,2026-01-01 21:00:11,segment_corridor,,,,[],[],[],0,0,,C2-22,C2-12,,4.807,0.0,5.768,0.0,0.0,"{""type"": ""corridor"", ""from"": ""C2-22"", ""to"": ""C2-12"", ""duration"": 4.806642178046736, ""distance_m"": 5.767970613656082, ""speed_factor"": 1.0, ""congestion_count"": 0, ""from_x"": 146.298, ""from_y"": -84.823, ""to_x"": 140.54, ""to_y"": -85.162, ""from_floor"": 2, ""to_floor"": 2}",,,,0.0,,,False,,,{}
AMR-B-1,GEN_WASTE_D44_00001,corridor,2026-01-01 21:00:16,2026-01-01 21:00:19,C2-12,Lift-2-F2,,,140.54,-85.162,2,140.476,-81.715,2,completed,57616.695,2026-01-01 21:00:16,segment_corridor,,,,[],[],[],0,0,,C2-12,Lift-2-F2,,2.873,0.0,3.448,0.0,0.0,"{""type"": ""corridor"", ""from"": ""C2-12"", ""to"": ""Lift-2-F2"", ""duration"": 2.8729950738635908, ""distance_m"": 3.4475940886363086, ""speed_factor"": 1.0, ""congestion_count"": 0, ""from_x"": 140.54, ""from_y"": -85.162, ""to_x"": 140.476, ""to_y"": -81.715, ""from_floor"": 2, ""to_floor"": 2}",,,,0.0,,,False,,,{}
AMR-B-1,GEN_WASTE_D44_00001,lift_reposition,2026-01-01 21:00:19,2026-01-01 21:00:24,Lift-2-F4,Lift-2-F2,,,,,,140.476,-81.715,2,completed,57619.568,2026-01-01 21:00:19,segment_lift_reposition,,,,[],[],[],0,0,,Lift-2-F4,Lift-2-F2,Lift-2,4.444,0.0,8.0,0.014673076923076922,0.0,"{""type"": ""lift_reposition"", ""lift_id"": ""Lift-2"", ""from"": ""Lift-2-F4"", ""to"": ""Lift-2-F2"", ""from_floor"": null, ""to_floor"": 2, ""wait_time"": 0.0, ""duration"": 4.444444444444445, ""distance_m"": 8.0, ""vertical_distance_m"": 8.0, ""energy_kwh"": 0.014673076923076922, ""from_x"": null, ""from_y"": null, ""to_x"": 140.476, ""to_y"": -81.715}",,,,0.0,,,False,,,{}
AMR-B-1,GEN_WASTE_D44_00001,lift_transfer,2026-01-01 21:00:24,2026-01-01 21:00:48,Lift-2-F2,Lift-2-F0,,,140.476,-81.715,2,140.476,-81.715,0,completed,57624.012,2026-01-01 21:00:24,segment_lift_transfer,,,,[],[],[],0,0,,Lift-2-F2,Lift-2-F0,Lift-2,24.444,0.0,8.0,0.02086538461538462,0.0,"{""type"": ""lift_transfer"", ""lift_id"": ""Lift-2"", ""from"": ""Lift-2-F2"", ""to"": ""Lift-2-F0"", ""from_floor"": 2, ""to_floor"": 0, ""wait_time"": 0.0, ""duration"": 24.444444444446063, ""distance_m"": 8.0, ""vertical_distance_m"": 8.0, ""energy_kwh"": 0.02086538461538462, ""from_x"": 140.476, ""from_y"": -81.715, ""to_x"": 140.476, ""to_y"": -81.715}",,,,0.0,,,False,,,{}
AMR-B-1,GEN_WASTE_D44_00001,corridor,2026-01-01 21:00:48,2026-01-01 21:00:50,Lift-2-F0,C0-23,,,140.476,-81.715,0,140.608,-84.673,0,completed,57648.457,2026-01-01 21:00:48,segment_corridor,,,,[],[],[],0,0,,Lift-2-F0,C0-23,,2.467,0.0,2.961,0.0,0.0,"{""type"": ""corridor"", ""from"": ""Lift-2-F0"", ""to"": ""C0-23"", ""duration"": 2.4674531403858504, ""distance_m"": 2.96094376846302, ""speed_factor"": 1.0, ""congestion_count"": 0, ""from_x"": 140.476, ""from_y"": -81.715, ""to_x"": 140.608, ""to_y"": -84.673, ""from_floor"": 0, ""to_floor"": 0}",,,,0.0,,,False,,,{}
AMR-B-1,GEN_WASTE_D44_00001,corridor,2026-01-01 21:00:50,2026-01-01 21:01:00,C0-23,C0-9,,,140.608,-84.673,0,151.815,-84.679,0,completed,57650.924,2026-01-01 21:00:50,segment_corridor,,,,[],[],[],0,0,,C0-23,C0-9,,9.339,0.0,11.207,0.0,0.0,"{""type"": ""corridor"", ""from"": ""C0-23"", ""to"": ""C0-9"", ""duration"": 9.33916800511575, ""distance_m"": 11.207001606138899, ""speed_factor"": 1.0, ""congestion_count"": 0, ""from_x"": 140.608, ""from_y"": -84.673, ""to_x"": 151.815, ""to_y"": -84.679, ""from_floor"": 0, ""to_floor"": 0}",,,,0.0,,,False,,,{}
AMR-B-1,GEN_WASTE_D44_00001,corridor,2026-01-01 21:01:00,2026-01-01 21:01:07,C0-9,C0-78,,,151.815,-84.679,0,151.853,-93.062,0,completed,57660.264,2026-01-01 21:01:00,segment_corridor,,,,[],[],[],0,0,,C0-9,C0-78,,6.986,0.0,8.383,0.0,0.0,"{""type"": ""corridor"", ""from"": ""C0-9"", ""to"": ""C0-78"", ""duration"": 6.9859051052021055, ""distance_m"": 8.383086126242526, ""speed_factor"": 1.0, ""congestion_count"": 0, ""from_x"": 151.815, ""from_y"": -84.679, ""to_x"": 151.853, ""to_y"": -93.062, ""from_floor"": 0, ""to_floor"": 0}",,,,0.0,,,False,,,{}
AMR-B-1,GEN_WASTE_D44_00001,corridor,2026-01-01 21:01:07,2026-01-01 21:01:15,C0-78,C0-10,,,151.853,-93.062,0,151.906,-103.332,0,completed,57667.249,2026-01-01 21:01:07,segment_corridor,,,,[],[],[],0,0,,C0-78,C0-10,,8.558,0.0,10.27,0.0,0.0,"{""type"": ""corridor"", ""from"": ""C0-78"", ""to"": ""C0-10"", ""duration"": 8.558447297196428, ""distance_m"": 10.270136756635713, ""speed_factor"": 1.0, ""congestion_count"": 0, ""from_x"": 151.853, ""from_y"": -93.062, ""to_x"": 151.906, ""to_y"": -103.332, ""from_floor"": 0, ""to_floor"": 0}",,,,0.0,,,False,,,{}
AMR-B-1,GEN_WASTE_D44_00001,corridor,2026-01-01 21:01:15,2026-01-01 21:01:21,C0-10,C0-107,,,151.906,-103.332,0,151.875,-110.231,0,completed,57675.808,2026-01-01 21:01:15,segment_corridor,,,,[],[],[],0,0,,C0-10,C0-107,,5.749,0.0,6.899,0.0,0.0,"{""type"": ""corridor"", ""from"": ""C0-10"", ""to"": ""C0-107"", ""duration"": 5.749224706186238, ""distance_m"": 6.899069647423485, ""speed_factor"": 1.0, ""congestion_count"": 0, ""from_x"": 151.906, ""from_y"": -103.332, ""to_x"": 151.875, ""to_y"": -110.231, ""from_floor"": 0, ""to_floor"": 0}",,,,0.0,,,False,,,{}
AMR-B-1,GEN_WASTE_D44_00001,corridor,2026-01-01 21:01:21,2026-01-01 21:01:28,C0-107,C0-82,,,151.875,-110.231,0,151.957,-118.723,0,completed,57681.557,2026-01-01 21:01:21,segment_corridor,,,,[],[],[],0,0,,C0-107,C0-82,,7.077,0.0,8.492,0.0,0.0,"{""type"": ""corridor"", ""from"": ""C0-107"", ""to"": ""C0-82"", ""duration"": 7.076996577331065, ""distance_m"": 8.492395892797278, ""speed_factor"": 1.0, ""congestion_count"": 0, ""from_x"": 151.875, ""from_y"": -110.231, ""to_x"": 151.957, ""to_y"": -118.723, ""from_floor"": 0, ""to_floor"": 0}",,,,0.0,,,False,,,{}
AMR-B-1,GEN_WASTE_D44_00001,corridor,2026-01-01 21:01:28,2026-01-01 21:01:31,C0-82,C0-12,,,151.957,-118.723,0,151.969,-122.524,0,completed,57688.634,2026-01-01 21:01:28,segment_corridor,,,,[],[],[],0,0,,C0-82,C0-12,,3.168,0.0,3.801,0.0,0.0,"{""type"": ""corridor"", ""from"": ""C0-82"", ""to"": ""C0-12"", ""duration"": 3.167515785280321, ""distance_m"": 3.8010189423363854, ""speed_factor"": 1.0, ""congestion_count"": 0, ""from_x"": 151.957, ""from_y"": -118.723, ""to_x"": 151.969, ""to_y"": -122.524, ""from_floor"": 0, ""to_floor"": 0}",,,,0.0,,,False,,,{}
AMR-B-1,GEN_WASTE_D44_00001,corridor,2026-01-01 21:01:31,2026-01-01 21:01:39,C0-12,C0-13,,,151.969,-122.524,0,151.939,-132.199,0,completed,57691.802,2026-01-01 21:01:31,segment_corridor,,,,[],[],[],0,0,,C0-12,C0-13,,8.063,0.0,9.675,0.0,0.0,"{""type"": ""corridor"", ""from"": ""C0-12"", ""to"": ""C0-13"", ""duration"": 8.062538759596766, ""distance_m"": 9.675046511516118, ""speed_factor"": 1.0, ""congestion_count"": 0, ""from_x"": 151.969, ""from_y"": -122.524, ""to_x"": 151.939, ""to_y"": -132.199, ""from_floor"": 0, ""to_floor"": 0}",,,,0.0,,,False,,,{}
AMR-B-1,GEN_WASTE_D44_00001,corridor,2026-01-01 21:01:39,2026-01-01 21:01:47,C0-13,C0-14,,,151.939,-132.199,0,142.333,-132.392,0,completed,57699.864,2026-01-01 21:01:39,segment_corridor,,,,[],[],[],0,0,,C0-13,C0-14,,8.007,0.0,9.608,0.0,0.0,"{""type"": ""corridor"", ""from"": ""C0-13"", ""to"": ""C0-14"", ""duration"": 8.006615537236133, ""distance_m"": 9.607938644683358, ""speed_factor"": 1.0, ""congestion_count"": 0, ""from_x"": 151.939, ""from_y"": -132.199, ""to_x"": 142.333, ""to_y"": -132.392, ""from_floor"": 0, ""to_floor"": 0}",,,,0.0,,,False,,,{}
AMR-B-1,GEN_WASTE_D44_00001,corridor,2026-01-01 21:01:47,2026-01-01 21:01:50,C0-14,C0-15,,,142.333,-132.392,0,142.311,-135.582,0,completed,57707.871,2026-01-01 21:01:47,segment_corridor,,,,[],[],[],0,0,,C0-14,C0-15,,2.658,0.0,3.19,0.0,0.0,"{""type"": ""corridor"", ""from"": ""C0-14"", ""to"": ""C0-15"", ""duration"": 2.6583965509724488, ""distance_m"": 3.1900758611669384, ""speed_factor"": 1.0, ""congestion_count"": 0, ""from_x"": 142.333, ""from_y"": -132.392, ""to_x"": 142.311, ""to_y"": -135.582, ""from_floor"": 0, ""to_floor"": 0}",,,,0.0,,,False,,,{}
AMR-B-1,GEN_WASTE_D44_00001,corridor,2026-01-01 21:01:50,2026-01-01 21:01:53,C0-15,C0-44,,,142.311,-135.582,0,142.385,-138.767,0,completed,57710.529,2026-01-01 21:01:50,segment_corridor,,,,[],[],[],0,0,,C0-15,C0-44,,2.655,0.0,3.186,0.0,0.0,"{""type"": ""corridor"", ""from"": ""C0-15"", ""to"": ""C0-44"", ""duration"": 2.6548829488740613, ""distance_m"": 3.1858595386488733, ""speed_factor"": 1.0, ""congestion_count"": 0, ""from_x"": 142.311, ""from_y"": -135.582, ""to_x"": 142.385, ""to_y"": -138.767, ""from_floor"": 0, ""to_floor"": 0}",,,,0.0,,,False,,,{}
AMR-B-1,GEN_WASTE_D44_00001,corridor,2026-01-01 21:01:53,2026-01-01 21:01:59,C0-44,C0-45,,,142.385,-138.767,0,142.637,-146.743,0,completed,57713.184,2026-01-01 21:01:53,segment_corridor,,,,[],[],[],0,0,,C0-44,C0-45,,6.65,0.0,7.98,0.0,0.0,"{""type"": ""corridor"", ""from"": ""C0-44"", ""to"": ""C0-45"", ""duration"": 6.649983291541249, ""distance_m"": 7.979979949849498, ""speed_factor"": 1.0, ""congestion_count"": 0, ""from_x"": 142.385, ""from_y"": -138.767, ""to_x"": 142.637, ""to_y"": -146.743, ""from_floor"": 0, ""to_floor"": 0}",,,,0.0,,,False,,,{}
AMR-B-1,GEN_WASTE_D44_00001,corridor,2026-01-01 21:01:59,2026-01-01 21:02:02,C0-45,C0-16,,,142.637,-146.743,0,142.744,-150.046,0,completed,57719.834,2026-01-01 21:01:59,segment_corridor,,,,[],[],[],0,0,,C0-45,C0-16,,2.754,0.0,3.305,0.0,0.0,"{""type"": ""corridor"", ""from"": ""C0-45"", ""to"": ""C0-16"", ""duration"": 2.7539438891241836, ""distance_m"": 3.30473266694902, ""speed_factor"": 1.0, ""congestion_count"": 0, ""from_x"": 142.637, ""from_y"": -146.743, ""to_x"": 142.744, ""to_y"": -150.046, ""from_floor"": 0, ""to_floor"": 0}",,,,0.0,,,False,,,{}
AMR-B-1,GEN_WASTE_D44_00001,corridor,2026-01-01 21:02:02,2026-01-01 21:02:05,C0-16,C0-17,,,142.744,-150.046,0,139.652,-150.053,0,completed,57722.588,2026-01-01 21:02:02,segment_corridor,,,,[],[],[],0,0,,C0-16,C0-17,,2.577,0.0,3.092,0.0,0.0,"{""type"": ""corridor"", ""from"": ""C0-16"", ""to"": ""C0-17"", ""duration"": 2.5766732697198815, ""distance_m"": 3.0920079236638576, ""speed_factor"": 1.0, ""congestion_count"": 0, ""from_x"": 142.744, ""from_y"": -150.046, ""to_x"": 139.652, ""to_y"": -150.053, ""from_floor"": 0, ""to_floor"": 0}",,,,0.0,,,False,,,{}
AMR-B-1,GEN_WASTE_D44_00001,corridor,2026-01-01 21:02:05,2026-01-01 21:02:07,C0-17,D4-WASTE,,,139.652,-150.053,0,139.696,-153.083,0,completed,57725.165,2026-01-01 21:02:05,segment_corridor,,,,[],[],[],0,0,,C0-17,D4-WASTE,,2.525,0.0,3.03,0.0,0.0,"{""type"": ""corridor"", ""from"": ""C0-17"", ""to"": ""D4-WASTE"", ""duration"": 2.5252662125891696, ""distance_m"": 3.0303194551070036, ""speed_factor"": 1.0, ""congestion_count"": 0, ""from_x"": 139.652, ""from_y"": -150.053, ""to_x"": 139.696, ""to_y"": -153.083, ""from_floor"": 0, ""to_floor"": 0}",,,,0.0,,,False,,,{}
AMR-B-1,GEN_WASTE_D44_00001,pickup,2026-01-01 21:02:07,2026-01-01 21:02:27,,,,,,,,,,,completed,57727.69,2026-01-01 21:02:07,segment_pickup,Clinical Waste Bin,Clinical_Waste_Bin-shared_OPD_SET_1-000001,,[],[],[],0,0,,D4-WASTE,D47-WASTE,,20.0,0.0,0.0,0.0,0.0,"{""type"": ""pickup"", ""location"": ""D4-WASTE"", ""duration"": 20.0, ""from_x"": null, ""from_y"": null, ""to_x"": null, ""to_y"": null, ""from_floor"": null, ""to_floor"": null}",,,,0.0,,,False,,,{}
AMR-B-1,GEN_WASTE_D44_00001,corridor,2026-01-01 21:02:27,2026-01-01 21:02:30,D4-WASTE,C0-17,,,139.696,-153.083,0,139.652,-150.053,0,completed,57747.69,2026-01-01 21:02:27,segment_corridor,Clinical Waste Bin,Clinical_Waste_Bin-shared_OPD_SET_1-000001,,[],[],[],0,0,,D4-WASTE,C0-17,,2.971,0.0,3.03,0.0,0.0,"{""type"": ""corridor"", ""from"": ""D4-WASTE"", ""to"": ""C0-17"", ""duration"": 2.9709014265754936, ""distance_m"": 3.0303194551070036, ""speed_factor"": 0.85, ""congestion_count"": 1, ""from_x"": 139.696, ""from_y"": -153.083, ""to_x"": 139.652, ""to_y"": -150.053, ""from_floor"": 0, ""to_floor"": 0}",,,,0.0,,,False,,,{}
AMR-B-1,GEN_WASTE_D44_00001,corridor,2026-01-01 21:02:30,2026-01-01 21:02:33,C0-17,C0-16,,,139.652,-150.053,0,142.744,-150.046,0,completed,57750.661,2026-01-01 21:02:30,segment_corridor,Clinical Waste Bin,Clinical_Waste_Bin-shared_OPD_SET_1-000001,,[],[],[],0,0,,C0-17,C0-16,,3.031,0.0,3.092,0.0,0.0,"{""type"": ""corridor"", ""from"": ""C0-17"", ""to"": ""C0-16"", ""duration"": 3.031380317317508, ""distance_m"": 3.0920079236638576, ""speed_factor"": 0.85, ""congestion_count"": 1, ""from_x"": 139.652, ""from_y"": -150.053, ""to_x"": 142.744, ""to_y"": -150.046, ""from_floor"": 0, ""to_floor"": 0}",,,,0.0,,,False,,,{}
AMR-B-1,GEN_WASTE_D44_00001,corridor,2026-01-01 21:02:33,2026-01-01 21:02:36,C0-16,C0-45,,,142.744,-150.046,0,142.637,-146.743,0,completed,57753.692,2026-01-01 21:02:33,segment_corridor,Clinical Waste Bin,Clinical_Waste_Bin-shared_OPD_SET_1-000001,,[],[],[],0,0,,C0-16,C0-45,,2.754,0.0,3.305,0.0,0.0,"{""type"": ""corridor"", ""from"": ""C0-16"", ""to"": ""C0-45"", ""duration"": 2.7539438891241836, ""distance_m"": 3.30473266694902, ""speed_factor"": 1.0, ""congestion_count"": 0, ""from_x"": 142.744, ""from_y"": -150.046, ""to_x"": 142.637, ""to_y"": -146.743, ""from_floor"": 0, ""to_floor"": 0}",,,,0.0,,,False,,,{}
AMR-B-1,GEN_WASTE_D44_00001,corridor,2026-01-01 21:02:36,2026-01-01 21:02:43,C0-45,C0-44,,,142.637,-146.743,0,142.385,-138.767,0,completed,57756.446,2026-01-01 21:02:36,segment_corridor,Clinical Waste Bin,Clinical_Waste_Bin-shared_OPD_SET_1-000001,,[],[],[],0,0,,C0-45,C0-44,,6.65,0.0,7.98,0.0,0.0,"{""type"": ""corridor"", ""from"": ""C0-45"", ""to"": ""C0-44"", ""duration"": 6.649983291541249, ""distance_m"": 7.979979949849498, ""speed_factor"": 1.0, ""congestion_count"": 0, ""from_x"": 142.637, ""from_y"": -146.743, ""to_x"": 142.385, ""to_y"": -138.767, ""from_floor"": 0, ""to_floor"": 0}",,,,0.0,,,False,,,{}
AMR-B-1,GEN_WASTE_D44_00001,corridor,2026-01-01 21:02:43,2026-01-01 21:02:45,C0-44,C0-15,,,142.385,-138.767,0,142.311,-135.582,0,completed,57763.096,2026-01-01 21:02:43,segment_corridor,Clinical Waste Bin,Clinical_Waste_Bin-shared_OPD_SET_1-000001,,[],[],[],0,0,,C0-44,C0-15,,2.655,0.0,3.186,0.0,0.0,"{""type"": ""corridor"", ""from"": ""C0-44"", ""to"": ""C0-15"", ""duration"": 2.6548829488740613, ""distance_m"": 3.1858595386488733, ""speed_factor"": 1.0, ""congestion_count"": 0, ""from_x"": 142.385, ""from_y"": -138.767, ""to_x"": 142.311, ""to_y"": -135.582, ""from_floor"": 0, ""to_floor"": 0}",,,,0.0,,,False,,,{}
AMR-B-1,GEN_WASTE_D44_00001,corridor,2026-01-01 21:02:45,2026-01-01 21:02:48,C0-15,C0-14,,,142.311,-135.582,0,142.333,-132.392,0,completed,57765.751,2026-01-01 21:02:45,segment_corridor,Clinical Waste Bin,Clinical_Waste_Bin-shared_OPD_SET_1-000001,,[],[],[],0,0,,C0-15,C0-14,,2.658,0.0,3.19,0.0,0.0,"{""type"": ""corridor"", ""from"": ""C0-15"", ""to"": ""C0-14"", ""duration"": 2.6583965509724488, ""distance_m"": 3.1900758611669384, ""speed_factor"": 1.0, ""congestion_count"": 0, ""from_x"": 142.311, ""from_y"": -135.582, ""to_x"": 142.333, ""to_y"": -132.392, ""from_floor"": 0, ""to_floor"": 0}",,,,0.0,,,False,,,{}
AMR-B-1,GEN_WASTE_D44_00001,corridor,2026-01-01 21:02:48,2026-01-01 21:02:56,C0-14,C0-13,,,142.333,-132.392,0,151.939,-132.199,0,completed,57768.409,2026-01-01 21:02:48,segment_corridor,Clinical Waste Bin,Clinical_Waste_Bin-shared_OPD_SET_1-000001,,[],[],[],0,0,,C0-14,C0-13,,8.007,0.0,9.608,0.0,0.0,"{""type"": ""corridor"", ""from"": ""C0-14"", ""to"": ""C0-13"", ""duration"": 8.006615537236133, ""distance_m"": 9.607938644683358, ""speed_factor"": 1.0, ""congestion_count"": 0, ""from_x"": 142.333, ""from_y"": -132.392, ""to_x"": 151.939, ""to_y"": -132.199, ""from_floor"": 0, ""to_floor"": 0}",,,,0.0,,,False,,,{}
AMR-B-1,GEN_WASTE_D44_00001,corridor,2026-01-01 21:02:56,2026-01-01 21:03:04,C0-13,C0-12,,,151.939,-132.199,0,151.969,-122.524,0,completed,57776.416,2026-01-01 21:02:56,segment_corridor,Clinical Waste Bin,Clinical_Waste_Bin-shared_OPD_SET_1-000001,,[],[],[],0,0,,C0-13,C0-12,,8.063,0.0,9.675,0.0,0.0,"{""type"": ""corridor"", ""from"": ""C0-13"", ""to"": ""C0-12"", ""duration"": 8.062538759596766, ""distance_m"": 9.675046511516118, ""speed_factor"": 1.0, ""congestion_count"": 0, ""from_x"": 151.939, ""from_y"": -132.199, ""to_x"": 151.969, ""to_y"": -122.524, ""from_floor"": 0, ""to_floor"": 0}",,,,0.0,,,False,,,{}
AMR-B-1,GEN_WASTE_D44_00001,corridor,2026-01-01 21:03:04,2026-01-01 21:03:07,C0-12,C0-82,,,151.969,-122.524,0,151.957,-118.723,0,completed,57784.479,2026-01-01 21:03:04,segment_corridor,Clinical Waste Bin,Clinical_Waste_Bin-shared_OPD_SET_1-000001,,[],[],[],0,0,,C0-12,C0-82,,3.168,0.0,3.801,0.0,0.0,"{""type"": ""corridor"", ""from"": ""C0-12"", ""to"": ""C0-82"", ""duration"": 3.167515785280321, ""distance_m"": 3.8010189423363854, ""speed_factor"": 1.0, ""congestion_count"": 0, ""from_x"": 151.969, ""from_y"": -122.524, ""to_x"": 151.957, ""to_y"": -118.723, ""from_floor"": 0, ""to_floor"": 0}",,,,0.0,,,False,,,{}
AMR-B-1,GEN_WASTE_D44_00001,corridor,2026-01-01 21:03:07,2026-01-01 21:03:14,C0-82,C0-107,,,151.957,-118.723,0,151.875,-110.231,0,completed,57787.646,2026-01-01 21:03:07,segment_corridor,Clinical Waste Bin,Clinical_Waste_Bin-shared_OPD_SET_1-000001,,[],[],[],0,0,,C0-82,C0-107,,7.077,0.0,8.492,0.0,0.0,"{""type"": ""corridor"", ""from"": ""C0-82"", ""to"": ""C0-107"", ""duration"": 7.076996577331065, ""distance_m"": 8.492395892797278, ""speed_factor"": 1.0, ""congestion_count"": 0, ""from_x"": 151.957, ""from_y"": -118.723, ""to_x"": 151.875, ""to_y"": -110.231, ""from_floor"": 0, ""to_floor"": 0}",,,,0.0,,,False,,,{}
AMR-B-1,GEN_WASTE_D44_00001,corridor,2026-01-01 21:03:14,2026-01-01 21:03:20,C0-107,C0-10,,,151.875,-110.231,0,151.906,-103.332,0,completed,57794.723,2026-01-01 21:03:14,segment_corridor,Clinical Waste Bin,Clinical_Waste_Bin-shared_OPD_SET_1-000001,,[],[],[],0,0,,C0-107,C0-10,,5.749,0.0,6.899,0.0,0.0,"{""type"": ""corridor"", ""from"": ""C0-107"", ""to"": ""C0-10"", ""duration"": 5.749224706186238, ""distance_m"": 6.899069647423485, ""speed_factor"": 1.0, ""congestion_count"": 0, ""from_x"": 151.875, ""from_y"": -110.231, ""to_x"": 151.906, ""to_y"": -103.332, ""from_floor"": 0, ""to_floor"": 0}",,,,0.0,,,False,,,{}
AMR-B-1,GEN_WASTE_D44_00001,corridor,2026-01-01 21:03:20,2026-01-01 21:03:29,C0-10,C0-78,,,151.906,-103.332,0,151.853,-93.062,0,completed,57800.472,2026-01-01 21:03:20,segment_corridor,Clinical Waste Bin,Clinical_Waste_Bin-shared_OPD_SET_1-000001,,[],[],[],0,0,,C0-10,C0-78,,8.558,0.0,10.27,0.0,0.0,"{""type"": ""corridor"", ""from"": ""C0-10"", ""to"": ""C0-78"", ""duration"": 8.558447297196428, ""distance_m"": 10.270136756635713, ""speed_factor"": 1.0, ""congestion_count"": 0, ""from_x"": 151.906, ""from_y"": -103.332, ""to_x"": 151.853, ""to_y"": -93.062, ""from_floor"": 0, ""to_floor"": 0}",,,,0.0,,,False,,,{}
AMR-B-1,GEN_WASTE_D44_00001,corridor,2026-01-01 21:03:29,2026-01-01 21:03:36,C0-78,C0-9,,,151.853,-93.062,0,151.815,-84.679,0,completed,57809.031,2026-01-01 21:03:29,segment_corridor,Clinical Waste Bin,Clinical_Waste_Bin-shared_OPD_SET_1-000001,,[],[],[],0,0,,C0-78,C0-9,,6.986,0.0,8.383,0.0,0.0,"{""type"": ""corridor"", ""from"": ""C0-78"", ""to"": ""C0-9"", ""duration"": 6.9859051052021055, ""distance_m"": 8.383086126242526, ""speed_factor"": 1.0, ""congestion_count"": 0, ""from_x"": 151.853, ""from_y"": -93.062, ""to_x"": 151.815, ""to_y"": -84.679, ""from_floor"": 0, ""to_floor"": 0}",,,,0.0,,,False,,,{}
AMR-B-1,GEN_WASTE_D44_00001,corridor,2026-01-01 21:03:36,2026-01-01 21:03:43,C0-9,C0-8,,,151.815,-84.679,0,151.852,-75.529,0,completed,57816.017,2026-01-01 21:03:36,segment_corridor,Clinical Waste Bin,Clinical_Waste_Bin-shared_OPD_SET_1-000001,,[],[],[],0,0,,C0-9,C0-8,,7.625,0.0,9.15,0.0,0.0,"{""type"": ""corridor"", ""from"": ""C0-9"", ""to"": ""C0-8"", ""duration"": 7.625062340364472, ""distance_m"": 9.150074808437367, ""speed_factor"": 1.0, ""congestion_count"": 0, ""from_x"": 151.815, ""from_y"": -84.679, ""to_x"": 151.852, ""to_y"": -75.529, ""from_floor"": 0, ""to_floor"": 0}",,,,0.0,,,False,,,{}
AMR-B-1,GEN_WASTE_D44_00001,corridor,2026-01-01 21:03:43,2026-01-01 21:04:01,C0-8,C0-105,,,151.852,-75.529,0,172.881,-75.288,0,completed,57823.642,2026-01-01 21:03:43,segment_corridor,Clinical Waste Bin,Clinical_Waste_Bin-shared_OPD_SET_1-000001,,[],[],[],0,0,,C0-8,C0-105,,17.525,0.0,21.03,0.0,0.0,"{""type"": ""corridor"", ""from"": ""C0-8"", ""to"": ""C0-105"", ""duration"": 17.525317440459926, ""distance_m"": 21.03038092855191, ""speed_factor"": 1.0, ""congestion_count"": 0, ""from_x"": 151.852, ""from_y"": -75.529, ""to_x"": 172.881, ""to_y"": -75.288, ""from_floor"": 0, ""to_floor"": 0}",,,,0.0,,,False,,,{}
AMR-B-1,GEN_WASTE_D44_00001,corridor,2026-01-01 21:04:01,2026-01-01 21:04:08,C0-105,C0-6,,,172.881,-75.288,0,181.948,-75.288,0,completed,57841.167,2026-01-01 21:04:01,segment_corridor,Clinical Waste Bin,Clinical_Waste_Bin-shared_OPD_SET_1-000001,,[],[],[],0,0,,C0-105,C0-6,,7.556,0.0,9.067,0.0,0.0,"{""type"": ""corridor"", ""from"": ""C0-105"", ""to"": ""C0-6"", ""duration"": 7.555833333333339, ""distance_m"": 9.067000000000007, ""speed_factor"": 1.0, ""congestion_count"": 0, ""from_x"": 172.881, ""from_y"": -75.288, ""to_x"": 181.948, ""to_y"": -75.288, ""from_floor"": 0, ""to_floor"": 0}",,,,0.0,,,False,,,{}
AMR-B-1,GEN_WASTE_D44_00001,corridor,2026-01-01 21:04:08,2026-01-01 21:04:18,C0-6,C0-5,,,181.948,-75.288,0,181.917,-63.981,0,completed,57848.723,2026-01-01 21:04:08,segment_corridor,Clinical Waste Bin,Clinical_Waste_Bin-shared_OPD_SET_1-000001,,[],[],[],0,0,,C0-6,C0-5,,9.423,0.0,11.307,0.0,0.0,"{""type"": ""corridor"", ""from"": ""C0-6"", ""to"": ""C0-5"", ""duration"": 9.422535413099334, ""distance_m"": 11.3070424957192, ""speed_factor"": 1.0, ""congestion_count"": 0, ""from_x"": 181.948, ""from_y"": -75.288, ""to_x"": 181.917, ""to_y"": -63.981, ""from_floor"": 0, ""to_floor"": 0}",,,,0.0,,,False,,,{}
AMR-B-1,GEN_WASTE_D44_00001,corridor,2026-01-01 21:04:18,2026-01-01 21:04:32,C0-5,C0-104,,,181.917,-63.981,0,181.881,-46.498,0,completed,57858.145,2026-01-01 21:04:18,segment_corridor,Clinical Waste Bin,Clinical_Waste_Bin-shared_OPD_SET_1-000001,,[],[],[],0,0,,C0-5,C0-104,,14.569,0.0,17.483,0.0,0.0,"{""type"": ""corridor"", ""from"": ""C0-5"", ""to"": ""C0-104"", ""duration"": 14.569197553781445, ""distance_m"": 17.483037064537733, ""speed_factor"": 1.0, ""congestion_count"": 0, ""from_x"": 181.917, ""from_y"": -63.981, ""to_x"": 181.881, ""to_y"": -46.498, ""from_floor"": 0, ""to_floor"": 0}",,,,0.0,,,False,,,{}
AMR-B-1,GEN_WASTE_D44_00001,corridor,2026-01-01 21:04:32,2026-01-01 21:04:36,C0-104,C0-4,,,181.881,-46.498,0,181.948,-41.989,0,completed,57872.715,2026-01-01 21:04:32,segment_corridor,Clinical Waste Bin,Clinical_Waste_Bin-shared_OPD_SET_1-000001,,[],[],[],0,0,,C0-104,C0-4,,3.758,0.0,4.509,0.0,0.0,"{""type"": ""corridor"", ""from"": ""C0-104"", ""to"": ""C0-4"", ""duration"": 3.757914795616196, ""distance_m"": 4.509497754739435, ""speed_factor"": 1.0, ""congestion_count"": 0, ""from_x"": 181.881, ""from_y"": -46.498, ""to_x"": 181.948, ""to_y"": -41.989, ""from_floor"": 0, ""to_floor"": 0}",,,,0.0,,,False,,,{}
AMR-B-1,GEN_WASTE_D44_00001,corridor,2026-01-01 21:04:36,2026-01-01 21:04:39,C0-4,C0-46,,,181.948,-41.989,0,181.989,-38.315,0,completed,57876.473,2026-01-01 21:04:36,segment_corridor,Clinical Waste Bin,Clinical_Waste_Bin-shared_OPD_SET_1-000001,,[],[],[],0,0,,C0-4,C0-46,,3.062,0.0,3.674,0.0,0.0,"{""type"": ""corridor"", ""from"": ""C0-4"", ""to"": ""C0-46"", ""duration"": 3.0618573021760644, ""distance_m"": 3.674228762611277, ""speed_factor"": 1.0, ""congestion_count"": 0, ""from_x"": 181.948, ""from_y"": -41.989, ""to_x"": 181.989, ""to_y"": -38.315, ""from_floor"": 0, ""to_floor"": 0}",,,,0.0,,,False,,,{}
AMR-B-1,GEN_WASTE_D44_00001,corridor,2026-01-01 21:04:39,2026-01-01 21:05:13,C0-46,C0-47,,,181.989,-38.315,0,182.032,2.94,0,completed,57879.534,2026-01-01 21:04:39,segment_corridor,Clinical Waste Bin,Clinical_Waste_Bin-shared_OPD_SET_1-000001,,[],[],[],0,0,,C0-46,C0-47,,34.379,0.0,41.255,0.0,0.0,"{""type"": ""corridor"", ""from"": ""C0-46"", ""to"": ""C0-47"", ""duration"": 34.37918534116569, ""distance_m"": 41.255022409398826, ""speed_factor"": 1.0, ""congestion_count"": 0, ""from_x"": 181.989, ""from_y"": -38.315, ""to_x"": 182.032, ""to_y"": 2.94, ""from_floor"": 0, ""to_floor"": 0}",,,,0.0,,,False,,,{}
AMR-B-1,GEN_WASTE_D44_00001,corridor,2026-01-01 21:05:13,2026-01-01 21:05:21,C0-47,C0-48,,,182.032,2.94,0,182.055,11.583,0,completed,57913.914,2026-01-01 21:05:13,segment_corridor,Clinical Waste Bin,Clinical_Waste_Bin-shared_OPD_SET_1-000001,,[],[],[],0,0,,C0-47,C0-48,,7.203,0.0,8.643,0.0,0.0,"{""type"": ""corridor"", ""from"": ""C0-47"", ""to"": ""C0-48"", ""duration"": 7.202525502288148, ""distance_m"": 8.643030602745776, ""speed_factor"": 1.0, ""congestion_count"": 0, ""from_x"": 182.032, ""from_y"": 2.94, ""to_x"": 182.055, ""to_y"": 11.583, ""from_floor"": 0, ""to_floor"": 0}",,,,0.0,,,False,,,{}
AMR-B-1,GEN_WASTE_D44_00001,corridor,2026-01-01 21:05:21,2026-01-01 21:05:26,C0-48,D47-WASTE,,,182.055,11.583,0,176.0,12.0,0,completed,57921.116,2026-01-01 21:05:21,segment_corridor,Clinical Waste Bin,Clinical_Waste_Bin-shared_OPD_SET_1-000001,,[],[],[],0,0,,C0-48,D47-WASTE,,5.058,0.0,6.069,0.0,0.0,"{""type"": ""corridor"", ""from"": ""C0-48"", ""to"": ""D47-WASTE"", ""duration"": 5.057785115816788, ""distance_m"": 6.069342138980145, ""speed_factor"": 1.0, ""congestion_count"": 0, ""from_x"": 182.055, ""from_y"": 11.583, ""to_x"": 176.0, ""to_y"": 12.0, ""from_floor"": 0, ""to_floor"": 0}",,,,0.0,,,False,,,{}
AMR-B-1,GEN_WASTE_D44_00001,dropoff,2026-01-01 21:05:26,2026-01-01 21:05:46,,,,,,,,,,,completed,57926.174,2026-01-01 21:05:26,segment_dropoff,Clinical Waste Bin,Clinical_Waste_Bin-shared_OPD_SET_1-000001,,[],[],[],0,0,,D4-WASTE,D47-WASTE,,20.0,0.0,0.0,0.0,0.0,"{""type"": ""dropoff"", ""location"": ""D47-WASTE"", ""duration"": 20.0, ""inventory_space"": """", ""from_x"": null, ""from_y"": null, ""to_x"": null, ""to_y"": null, ""from_floor"": null, ""to_floor"": null}",,,,0.0,,,False,,,{}
AMR-B-1,GEN_WASTE_D44_00001,,2026-01-01 21:05:46,2026-01-01 21:05:46,,,,,,,,,,,finish,57946.174,2026-01-01 21:05:46,task_complete,Clinical Waste Bin,Clinical_Waste_Bin-shared_OPD_SET_1-000001,,[],[],[],0,0,,D4-WASTE,D47-WASTE,,0.0,0.0,0.0,0.0,0.0,Task GEN_WASTE_D44_00001 completed,department_waste,D44,Clinical,0.616,Clinical Waste Bin,,False,,,{}
,RETURN-GEN_WASTE_D44_00001-1,,2026-01-01 21:05:46,2026-01-01 21:05:46,D47-WASTE,D4-WASTE,,,176.0,12.0,0,139.696,-153.083,0,generated,57946.174,2026-01-01 21:05:46,return_task_generated,Clinical Waste Bin,Clinical_Waste_Bin-shared_OPD_SET_1-000001,,[],[],[],0,0,,D47-WASTE,D4-WASTE,,0.0,0.0,0.0,0.0,0.0,Generated delayed return for GEN_WASTE_D44_00001,task_generation_return,D44,,0.0,Clinical Waste Bin,,False,,,{}
AMR-B-1,RETURN-AMR-B-1-2,,2026-01-01 21:05:46,2026-01-01 21:05:47,,,D47-WASTE,AMR-CENTRE,,,,,,,start,57946.174,2026-01-01 21:05:46,task_assigned,,,,[],[],[],0,0,,D47-WASTE,AMR-CENTRE,,0.0,0.0,0.0,0.0,205.976,Assigned task to AMR-B-1,,,,0.0,,,False,,,{}
AMR-B-1,RETURN-AMR-B-1-2,pickup,2026-01-01 21:05:46,2026-01-01 21:06:06,,,,,,,,,,,completed,57946.174,2026-01-01 21:05:46,segment_pickup,,,,[],[],[],0,0,,D47-WASTE,AMR-CENTRE,,20.0,0.0,0.0,0.0,0.0,"{""type"": ""pickup"", ""location"": ""D47-WASTE"", ""duration"": 20.0, ""from_x"": null, ""from_y"": null, ""to_x"": null, ""to_y"": null, ""from_floor"": null, ""to_floor"": null}",,,,0.0,,,False,,,{}
AMR-B-1,RETURN-AMR-B-1-2,corridor,2026-01-01 21:06:06,2026-01-01 21:06:11,D47-WASTE,C0-48,,,176.0,12.0,0,182.055,11.583,0,completed,57966.174,2026-01-01 21:06:06,segment_corridor,,,,[],[],[],0,0,,D47-WASTE,C0-48,,5.058,0.0,6.069,0.0,0.0,"{""type"": ""corridor"", ""from"": ""D47-WASTE"", ""to"": ""C0-48"", ""duration"": 5.057785115816788, ""distance_m"": 6.069342138980145, ""speed_factor"": 1.0, ""congestion_count"": 0, ""from_x"": 176.0, ""from_y"": 12.0, ""to_x"": 182.055, ""to_y"": 11.583, ""from_floor"": 0, ""to_floor"": 0}",,,,0.0,,,False,,,{}
AMR-B-1,RETURN-AMR-B-1-2,corridor,2026-01-01 21:06:11,2026-01-01 21:06:18,C0-48,C0-47,,,182.055,11.583,0,182.032,2.94,0,completed,57971.232,2026-01-01 21:06:11,segment_corridor,,,,[],[],[],0,0,,C0-48,C0-47,,7.203,0.0,8.643,0.0,0.0,"{""type"": ""corridor"", ""from"": ""C0-48"", ""to"": ""C0-47"", ""duration"": 7.202525502288148, ""distance_m"": 8.643030602745776, ""speed_factor"": 1.0, ""congestion_count"": 0, ""from_x"": 182.055, ""from_y"": 11.583, ""to_x"": 182.032, ""to_y"": 2.94, ""from_floor"": 0, ""to_floor"": 0}",,,,0.0,,,False,,,{}
AMR-B-1,RETURN-AMR-B-1-2,corridor,2026-01-01 21:06:18,2026-01-01 21:06:52,C0-47,C0-46,,,182.032,2.94,0,181.989,-38.315,0,completed,57978.434,2026-01-01 21:06:18,segment_corridor,,,,[],[],[],0,0,,C0-47,C0-46,,34.379,0.0,41.255,0.0,0.0,"{""type"": ""corridor"", ""from"": ""C0-47"", ""to"": ""C0-46"", ""duration"": 34.37918534116569, ""distance_m"": 41.255022409398826, ""speed_factor"": 1.0, ""congestion_count"": 0, ""from_x"": 182.032, ""from_y"": 2.94, ""to_x"": 181.989, ""to_y"": -38.315, ""from_floor"": 0, ""to_floor"": 0}",,,,0.0,,,False,,,{}
AMR-B-1,RETURN-AMR-B-1-2,corridor,2026-01-01 21:06:52,2026-01-01 21:06:55,C0-46,C0-4,,,181.989,-38.315,0,181.948,-41.989,0,completed,58012.813,2026-01-01 21:06:52,segment_corridor,,,,[],[],[],0,0,,C0-46,C0-4,,3.062,0.0,3.674,0.0,0.0,"{""type"": ""corridor"", ""from"": ""C0-46"", ""to"": ""C0-4"", ""duration"": 3.0618573021760644, ""distance_m"": 3.674228762611277, ""speed_factor"": 1.0, ""congestion_count"": 0, ""from_x"": 181.989, ""from_y"": -38.315, ""to_x"": 181.948, ""to_y"": -41.989, ""from_floor"": 0, ""to_floor"": 0}",,,,0.0,,,False,,,{}
AMR-B-1,RETURN-AMR-B-1-2,corridor,2026-01-01 21:06:55,2026-01-01 21:06:59,C0-4,C0-104,,,181.948,-41.989,0,181.881,-46.498,0,completed,58015.875,2026-01-01 21:06:55,segment_corridor,,,,[],[],[],0,0,,C0-4,C0-104,,3.758,0.0,4.509,0.0,0.0,"{""type"": ""corridor"", ""from"": ""C0-4"", ""to"": ""C0-104"", ""duration"": 3.757914795616196, ""distance_m"": 4.509497754739435, ""speed_factor"": 1.0, ""congestion_count"": 0, ""from_x"": 181.948, ""from_y"": -41.989, ""to_x"": 181.881, ""to_y"": -46.498, ""from_floor"": 0, ""to_floor"": 0}",,,,0.0,,,False,,,{}
AMR-B-1,RETURN-AMR-B-1-2,corridor,2026-01-01 21:06:59,2026-01-01 21:07:14,C0-104,C0-5,,,181.881,-46.498,0,181.917,-63.981,0,completed,58019.633,2026-01-01 21:06:59,segment_corridor,,,,[],[],[],0,0,,C0-104,C0-5,,14.569,0.0,17.483,0.0,0.0,"{""type"": ""corridor"", ""from"": ""C0-104"", ""to"": ""C0-5"", ""duration"": 14.569197553781445, ""distance_m"": 17.483037064537733, ""speed_factor"": 1.0, ""congestion_count"": 0, ""from_x"": 181.881, ""from_y"": -46.498, ""to_x"": 181.917, ""to_y"": -63.981, ""from_floor"": 0, ""to_floor"": 0}",,,,0.0,,,False,,,{}
AMR-B-1,RETURN-AMR-B-1-2,corridor,2026-01-01 21:07:14,2026-01-01 21:07:23,C0-5,C0-6,,,181.917,-63.981,0,181.948,-75.288,0,completed,58034.202,2026-01-01 21:07:14,segment_corridor,,,,[],[],[],0,0,,C0-5,C0-6,,9.423,0.0,11.307,0.0,0.0,"{""type"": ""corridor"", ""from"": ""C0-5"", ""to"": ""C0-6"", ""duration"": 9.422535413099334, ""distance_m"": 11.3070424957192, ""speed_factor"": 1.0, ""congestion_count"": 0, ""from_x"": 181.917, ""from_y"": -63.981, ""to_x"": 181.948, ""to_y"": -75.288, ""from_floor"": 0, ""to_floor"": 0}",,,,0.0,,,False,,,{}
AMR-B-1,RETURN-AMR-B-1-2,corridor,2026-01-01 21:07:23,2026-01-01 21:07:31,C0-6,C0-105,,,181.948,-75.288,0,172.881,-75.288,0,completed,58043.625,2026-01-01 21:07:23,segment_corridor,,,,[],[],[],0,0,,C0-6,C0-105,,7.556,0.0,9.067,0.0,0.0,"{""type"": ""corridor"", ""from"": ""C0-6"", ""to"": ""C0-105"", ""duration"": 7.555833333333339, ""distance_m"": 9.067000000000007, ""speed_factor"": 1.0, ""congestion_count"": 0, ""from_x"": 181.948, ""from_y"": -75.288, ""to_x"": 172.881, ""to_y"": -75.288, ""from_floor"": 0, ""to_floor"": 0}",,,,0.0,,,False,,,{}
AMR-B-1,RETURN-AMR-B-1-2,corridor,2026-01-01 21:07:31,2026-01-01 21:07:48,C0-105,C0-8,,,172.881,-75.288,0,151.852,-75.529,0,completed,58051.181,2026-01-01 21:07:31,segment_corridor,,,,[],[],[],0,0,,C0-105,C0-8,,17.525,0.0,21.03,0.0,0.0,"{""type"": ""corridor"", ""from"": ""C0-105"", ""to"": ""C0-8"", ""duration"": 17.525317440459926, ""distance_m"": 21.03038092855191, ""speed_factor"": 1.0, ""congestion_count"": 0, ""from_x"": 172.881, ""from_y"": -75.288, ""to_x"": 151.852, ""to_y"": -75.529, ""from_floor"": 0, ""to_floor"": 0}",,,,0.0,,,False,,,{}
AMR-B-1,RETURN-AMR-B-1-2,corridor,2026-01-01 21:07:48,2026-01-01 21:07:56,C0-8,C0-9,,,151.852,-75.529,0,151.815,-84.679,0,completed,58068.706,2026-01-01 21:07:48,segment_corridor,,,,[],[],[],0,0,,C0-8,C0-9,,7.625,0.0,9.15,0.0,0.0,"{""type"": ""corridor"", ""from"": ""C0-8"", ""to"": ""C0-9"", ""duration"": 7.625062340364472, ""distance_m"": 9.150074808437367, ""speed_factor"": 1.0, ""congestion_count"": 0, ""from_x"": 151.852, ""from_y"": -75.529, ""to_x"": 151.815, ""to_y"": -84.679, ""from_floor"": 0, ""to_floor"": 0}",,,,0.0,,,False,,,{}
AMR-B-1,RETURN-AMR-B-1-2,corridor,2026-01-01 21:07:56,2026-01-01 21:08:05,C0-9,C0-23,,,151.815,-84.679,0,140.608,-84.673,0,completed,58076.331,2026-01-01 21:07:56,segment_corridor,,,,[],[],[],0,0,,C0-9,C0-23,,9.339,0.0,11.207,0.0,0.0,"{""type"": ""corridor"", ""from"": ""C0-9"", ""to"": ""C0-23"", ""duration"": 9.33916800511575, ""distance_m"": 11.207001606138899, ""speed_factor"": 1.0, ""congestion_count"": 0, ""from_x"": 151.815, ""from_y"": -84.679, ""to_x"": 140.608, ""to_y"": -84.673, ""from_floor"": 0, ""to_floor"": 0}",,,,0.0,,,False,,,{}
AMR-B-1,RETURN-AMR-B-1-2,corridor,2026-01-01 21:08:05,2026-01-01 21:08:08,C0-23,Lift-2-F0,,,140.608,-84.673,0,140.476,-81.715,0,completed,58085.67,2026-01-01 21:08:05,segment_corridor,,,,[],[],[],0,0,,C0-23,Lift-2-F0,,2.467,0.0,2.961,0.0,0.0,"{""type"": ""corridor"", ""from"": ""C0-23"", ""to"": ""Lift-2-F0"", ""duration"": 2.4674531403858504, ""distance_m"": 2.96094376846302, ""speed_factor"": 1.0, ""congestion_count"": 0, ""from_x"": 140.608, ""from_y"": -84.673, ""to_x"": 140.476, ""to_y"": -81.715, ""from_floor"": 0, ""to_floor"": 0}",,,,0.0,,,False,,,{}
AMR-B-1,RETURN-AMR-B-1-2,lift_transfer,2026-01-01 21:08:08,2026-01-01 21:08:32,Lift-2-F0,Lift-2-F2,,,140.476,-81.715,0,140.476,-81.715,2,completed,58088.138,2026-01-01 21:08:08,segment_lift_transfer,,,,[],[],[],0,0,,Lift-2-F0,Lift-2-F2,Lift-2,24.444,0.0,8.0,0.021564102564102565,0.0,"{""type"": ""lift_transfer"", ""lift_id"": ""Lift-2"", ""from"": ""Lift-2-F0"", ""to"": ""Lift-2-F2"", ""from_floor"": 0, ""to_floor"": 2, ""wait_time"": 0.0, ""duration"": 24.444444444445253, ""distance_m"": 8.0, ""vertical_distance_m"": 8.0, ""energy_kwh"": 0.021564102564102565, ""from_x"": 140.476, ""from_y"": -81.715, ""to_x"": 140.476, ""to_y"": -81.715}",,,,0.0,,,False,,,{}
AMR-B-1,RETURN-AMR-B-1-2,corridor,2026-01-01 21:08:32,2026-01-01 21:08:35,Lift-2-F2,C2-12,,,140.476,-81.715,2,140.54,-85.162,2,completed,58112.582,2026-01-01 21:08:32,segment_corridor,,,,[],[],[],0,0,,Lift-2-F2,C2-12,,2.873,0.0,3.448,0.0,0.0,"{""type"": ""corridor"", ""from"": ""Lift-2-F2"", ""to"": ""C2-12"", ""duration"": 2.8729950738635908, ""distance_m"": 3.4475940886363086, ""speed_factor"": 1.0, ""congestion_count"": 0, ""from_x"": 140.476, ""from_y"": -81.715, ""to_x"": 140.54, ""to_y"": -85.162, ""from_floor"": 2, ""to_floor"": 2}",,,,0.0,,,False,,,{}
AMR-B-1,RETURN-AMR-B-1-2,corridor,2026-01-01 21:08:35,2026-01-01 21:08:40,C2-12,C2-22,,,140.54,-85.162,2,146.298,-84.823,2,completed,58115.455,2026-01-01 21:08:35,segment_corridor,,,,[],[],[],0,0,,C2-12,C2-22,,4.807,0.0,5.768,0.0,0.0,"{""type"": ""corridor"", ""from"": ""C2-12"", ""to"": ""C2-22"", ""duration"": 4.806642178046736, ""distance_m"": 5.767970613656082, ""speed_factor"": 1.0, ""congestion_count"": 0, ""from_x"": 140.54, ""from_y"": -85.162, ""to_x"": 146.298, ""to_y"": -84.823, ""from_floor"": 2, ""to_floor"": 2}",,,,0.0,,,False,,,{}
AMR-B-1,RETURN-AMR-B-1-2,corridor,2026-01-01 21:08:40,2026-01-01 21:08:44,C2-22,C2-10,,,146.298,-84.823,2,151.747,-84.823,2,completed,58120.262,2026-01-01 21:08:40,segment_corridor,,,,[],[],[],0,0,,C2-22,C2-10,,4.541,0.0,5.449,0.0,0.0,"{""type"": ""corridor"", ""from"": ""C2-22"", ""to"": ""C2-10"", ""duration"": 4.540833333333344, ""distance_m"": 5.449000000000012, ""speed_factor"": 1.0, ""congestion_count"": 0, ""from_x"": 146.298, ""from_y"": -84.823, ""to_x"": 151.747, ""to_y"": -84.823, ""from_floor"": 2, ""to_floor"": 2}",,,,0.0,,,False,,,{}
AMR-B-1,RETURN-AMR-B-1-2,corridor,2026-01-01 21:08:44,2026-01-01 21:08:49,C2-10,C2-11,,,151.747,-84.823,2,157.38,-84.803,2,completed,58124.803,2026-01-01 21:08:44,segment_corridor,,,,[],[],[],0,0,,C2-10,C2-11,,4.694,0.0,5.633,0.0,0.0,"{""type"": ""corridor"", ""from"": ""C2-10"", ""to"": ""C2-11"", ""duration"": 4.694196254122965, ""distance_m"": 5.633035504947558, ""speed_factor"": 1.0, ""congestion_count"": 0, ""from_x"": 151.747, ""from_y"": -84.823, ""to_x"": 157.38, ""to_y"": -84.803, ""from_floor"": 2, ""to_floor"": 2}",,,,0.0,,,False,,,{}
AMR-B-1,RETURN-AMR-B-1-2,corridor,2026-01-01 21:08:49,2026-01-01 21:08:52,C2-11,AMR-CENTRE,,,157.38,-84.803,2,157.36,-81.619,2,completed,58129.497,2026-01-01 21:08:49,segment_corridor,,,,[],[],[],0,0,,C2-11,AMR-CENTRE,,2.653,0.0,3.184,0.0,0.0,"{""type"": ""corridor"", ""from"": ""C2-11"", ""to"": ""AMR-CENTRE"", ""duration"": 2.6533856778756353, ""distance_m"": 3.1840628134507623, ""speed_factor"": 1.0, ""congestion_count"": 0, ""from_x"": 157.38, ""from_y"": -84.803, ""to_x"": 157.36, ""to_y"": -81.619, ""from_floor"": 2, ""to_floor"": 2}",,,,0.0,,,False,,,{}
AMR-B-1,RETURN-AMR-B-1-2,dropoff,2026-01-01 21:08:52,2026-01-01 21:09:12,,,,,,,,,,,completed,58132.15,2026-01-01 21:08:52,segment_dropoff,,,,[],[],[],0,0,,D47-WASTE,AMR-CENTRE,,20.0,0.0,0.0,0.0,0.0,"{""type"": ""dropoff"", ""location"": ""AMR-CENTRE"", ""duration"": 20.0, ""inventory_space"": """", ""from_x"": null, ""from_y"": null, ""to_x"": null, ""to_y"": null, ""from_floor"": null, ""to_floor"": null}",,,,0.0,,,False,,,{}
AMR-B-2,RETURN-GEN_WASTE_D44_00001-1,,2026-01-01 21:05:46,2026-01-01 21:05:47,,,AMR-CENTRE,D4-WASTE,,,,,,,start,57946.174,2026-01-01 21:05:46,task_assigned,Clinical Waste Bin,Clinical_Waste_Bin-shared_OPD_SET_1-000001,,[],[],[],0,0,,D47-WASTE,D4-WASTE,,0.0,0.0,0.0,0.0,398.945,Assigned task to AMR-B-2,task_generation_return,D44,Clinical,0.0,Clinical Waste Bin,,False,,,{}
AMR-B-2,RETURN-GEN_WASTE_D44_00001-1,corridor,2026-01-01 21:05:46,2026-01-01 21:05:48,AMR-CENTRE,C2-11,,,157.36,-81.619,2,157.38,-84.803,2,completed,57946.174,2026-01-01 21:05:46,segment_corridor,Clinical Waste Bin,Clinical_Waste_Bin-shared_OPD_SET_1-000001,,[],[],[],0,0,,AMR-CENTRE,C2-11,,2.653,0.0,3.184,0.0,0.0,"{""type"": ""corridor"", ""from"": ""AMR-CENTRE"", ""to"": ""C2-11"", ""duration"": 2.6533856778756353, ""distance_m"": 3.1840628134507623, ""speed_factor"": 1.0, ""congestion_count"": 0, ""from_x"": 157.36, ""from_y"": -81.619, ""to_x"": 157.38, ""to_y"": -84.803, ""from_floor"": 2, ""to_floor"": 2}",,,,0.0,,,False,,,{}
AMR-B-2,RETURN-GEN_WASTE_D44_00001-1,corridor,2026-01-01 21:05:48,2026-01-01 21:05:53,C2-11,C2-10,,,157.38,-84.803,2,151.747,-84.823,2,completed,57948.827,2026-01-01 21:05:48,segment_corridor,Clinical Waste Bin,Clinical_Waste_Bin-shared_OPD_SET_1-000001,,[],[],[],0,0,,C2-11,C2-10,,4.694,0.0,5.633,0.0,0.0,"{""type"": ""corridor"", ""from"": ""C2-11"", ""to"": ""C2-10"", ""duration"": 4.694196254122965, ""distance_m"": 5.633035504947558, ""speed_factor"": 1.0, ""congestion_count"": 0, ""from_x"": 157.38, ""from_y"": -84.803, ""to_x"": 151.747, ""to_y"": -84.823, ""from_floor"": 2, ""to_floor"": 2}",,,,0.0,,,False,,,{}
AMR-B-2,RETURN-GEN_WASTE_D44_00001-1,corridor,2026-01-01 21:05:53,2026-01-01 21:05:58,C2-10,C2-22,,,151.747,-84.823,2,146.298,-84.823,2,completed,57953.521,2026-01-01 21:05:53,segment_corridor,Clinical Waste Bin,Clinical_Waste_Bin-shared_OPD_SET_1-000001,,[],[],[],0,0,,C2-10,C2-22,,4.541,0.0,5.449,0.0,0.0,"{""type"": ""corridor"", ""from"": ""C2-10"", ""to"": ""C2-22"", ""duration"": 4.540833333333344, ""distance_m"": 5.449000000000012, ""speed_factor"": 1.0, ""congestion_count"": 0, ""from_x"": 151.747, ""from_y"": -84.823, ""to_x"": 146.298, ""to_y"": -84.823, ""from_floor"": 2, ""to_floor"": 2}",,,,0.0,,,False,,,{}
AMR-B-2,RETURN-GEN_WASTE_D44_00001-1,corridor,2026-01-01 21:05:58,2026-01-01 21:06:02,C2-22,C2-12,,,146.298,-84.823,2,140.54,-85.162,2,completed,57958.062,2026-01-01 21:05:58,segment_corridor,Clinical Waste Bin,Clinical_Waste_Bin-shared_OPD_SET_1-000001,,[],[],[],0,0,,C2-22,C2-12,,4.807,0.0,5.768,0.0,0.0,"{""type"": ""corridor"", ""from"": ""C2-22"", ""to"": ""C2-12"", ""duration"": 4.806642178046736, ""distance_m"": 5.767970613656082, ""speed_factor"": 1.0, ""congestion_count"": 0, ""from_x"": 146.298, ""from_y"": -84.823, ""to_x"": 140.54, ""to_y"": -85.162, ""from_floor"": 2, ""to_floor"": 2}",,,,0.0,,,False,,,{}
AMR-B-2,RETURN-GEN_WASTE_D44_00001-1,corridor,2026-01-01 21:06:02,2026-01-01 21:06:06,C2-12,Lift-4-F2,,,140.54,-85.162,2,140.605,-89.055,2,completed,57962.869,2026-01-01 21:06:02,segment_corridor,Clinical Waste Bin,Clinical_Waste_Bin-shared_OPD_SET_1-000001,,[],[],[],0,0,,C2-12,Lift-4-F2,,3.245,0.0,3.894,0.0,0.0,"{""type"": ""corridor"", ""from"": ""C2-12"", ""to"": ""Lift-4-F2"", ""duration"": 3.24461883568608, ""distance_m"": 3.893542602823296, ""speed_factor"": 1.0, ""congestion_count"": 0, ""from_x"": 140.54, ""from_y"": -85.162, ""to_x"": 140.605, ""to_y"": -89.055, ""from_floor"": 2, ""to_floor"": 2}",,,,0.0,,,False,,,{}
AMR-B-2,RETURN-GEN_WASTE_D44_00001-1,lift_reposition,2026-01-01 21:06:06,2026-01-01 21:06:12,Lift-4-F5,Lift-4-F2,,,140.605,-89.055,5,140.605,-89.055,2,completed,57966.114,2026-01-01 21:06:06,segment_lift_reposition,Clinical Waste Bin,Clinical_Waste_Bin-shared_OPD_SET_1-000001,,[],[],[],0,0,,Lift-4-F5,Lift-4-F2,Lift-4,6.667,0.0,12.0,0.02200961538461538,0.0,"{""type"": ""lift_reposition"", ""lift_id"": ""Lift-4"", ""from"": ""Lift-4-F5"", ""to"": ""Lift-4-F2"", ""from_floor"": 5, ""to_floor"": 2, ""wait_time"": 0.0, ""duration"": 6.666666666666666, ""distance_m"": 12.0, ""vertical_distance_m"": 12.0, ""energy_kwh"": 0.02200961538461538, ""from_x"": 140.605, ""from_y"": -89.055, ""to_x"": 140.605, ""to_y"": -89.055}",,,,0.0,,,False,,,{}
AMR-B-2,RETURN-GEN_WASTE_D44_00001-1,lift_transfer,2026-01-01 21:06:12,2026-01-01 21:06:37,Lift-4-F2,Lift-4-F0,,,140.605,-89.055,2,140.605,-89.055,0,completed,57972.78,2026-01-01 21:06:12,segment_lift_transfer,Clinical Waste Bin,Clinical_Waste_Bin-shared_OPD_SET_1-000001,,[],[],[],0,0,,Lift-4-F2,Lift-4-F0,Lift-4,24.444,0.0,8.0,0.02086538461538462,0.0,"{""type"": ""lift_transfer"", ""lift_id"": ""Lift-4"", ""from"": ""Lift-4-F2"", ""to"": ""Lift-4-F0"", ""from_floor"": 2, ""to_floor"": 0, ""wait_time"": 0.0, ""duration"": 24.44444444444283, ""distance_m"": 8.0, ""vertical_distance_m"": 8.0, ""energy_kwh"": 0.02086538461538462, ""from_x"": 140.605, ""from_y"": -89.055, ""to_x"": 140.605, ""to_y"": -89.055}",,,,0.0,,,False,,,{}
AMR-B-2,RETURN-GEN_WASTE_D44_00001-1,corridor,2026-01-01 21:06:37,2026-01-01 21:06:40,Lift-4-F0,C0-23,,,140.605,-89.055,0,140.608,-84.673,0,completed,57997.225,2026-01-01 21:06:37,segment_corridor,Clinical Waste Bin,Clinical_Waste_Bin-shared_OPD_SET_1-000001,,[],[],[],0,0,,Lift-4-F0,C0-23,,3.652,0.0,4.382,0.0,0.0,"{""type"": ""corridor"", ""from"": ""Lift-4-F0"", ""to"": ""C0-23"", ""duration"": 3.6516675224401896, ""distance_m"": 4.3820010269282275, ""speed_factor"": 1.0, ""congestion_count"": 0, ""from_x"": 140.605, ""from_y"": -89.055, ""to_x"": 140.608, ""to_y"": -84.673, ""from_floor"": 0, ""to_floor"": 0}",,,,0.0,,,False,,,{}
AMR-B-2,RETURN-GEN_WASTE_D44_00001-1,corridor,2026-01-01 21:06:40,2026-01-01 21:06:50,C0-23,C0-9,,,140.608,-84.673,0,151.815,-84.679,0,completed,58000.876,2026-01-01 21:06:40,segment_corridor,Clinical Waste Bin,Clinical_Waste_Bin-shared_OPD_SET_1-000001,,[],[],[],0,0,,C0-23,C0-9,,9.339,0.0,11.207,0.0,0.0,"{""type"": ""corridor"", ""from"": ""C0-23"", ""to"": ""C0-9"", ""duration"": 9.33916800511575, ""distance_m"": 11.207001606138899, ""speed_factor"": 1.0, ""congestion_count"": 0, ""from_x"": 140.608, ""from_y"": -84.673, ""to_x"": 151.815, ""to_y"": -84.679, ""from_floor"": 0, ""to_floor"": 0}",,,,0.0,,,False,,,{}
AMR-B-2,RETURN-GEN_WASTE_D44_00001-1,corridor,2026-01-01 21:06:50,2026-01-01 21:06:57,C0-9,C0-8,,,151.815,-84.679,0,151.852,-75.529,0,completed,58010.216,2026-01-01 21:06:50,segment_corridor,Clinical Waste Bin,Clinical_Waste_Bin-shared_OPD_SET_1-000001,,[],[],[],0,0,,C0-9,C0-8,,7.625,0.0,9.15,0.0,0.0,"{""type"": ""corridor"", ""from"": ""C0-9"", ""to"": ""C0-8"", ""duration"": 7.625062340364472, ""distance_m"": 9.150074808437367, ""speed_factor"": 1.0, ""congestion_count"": 0, ""from_x"": 151.815, ""from_y"": -84.679, ""to_x"": 151.852, ""to_y"": -75.529, ""from_floor"": 0, ""to_floor"": 0}",,,,0.0,,,False,,,{}
AMR-B-2,RETURN-GEN_WASTE_D44_00001-1,corridor,2026-01-01 21:06:57,2026-01-01 21:07:15,C0-8,C0-105,,,151.852,-75.529,0,172.881,-75.288,0,completed,58017.841,2026-01-01 21:06:57,segment_corridor,Clinical Waste Bin,Clinical_Waste_Bin-shared_OPD_SET_1-000001,,[],[],[],0,0,,C0-8,C0-105,,17.525,0.0,21.03,0.0,0.0,"{""type"": ""corridor"", ""from"": ""C0-8"", ""to"": ""C0-105"", ""duration"": 17.525317440459926, ""distance_m"": 21.03038092855191, ""speed_factor"": 1.0, ""congestion_count"": 0, ""from_x"": 151.852, ""from_y"": -75.529, ""to_x"": 172.881, ""to_y"": -75.288, ""from_floor"": 0, ""to_floor"": 0}",,,,0.0,,,False,,,{}
AMR-B-2,RETURN-GEN_WASTE_D44_00001-1,corridor,2026-01-01 21:07:15,2026-01-01 21:07:24,C0-105,C0-6,,,172.881,-75.288,0,181.948,-75.288,0,completed,58035.366,2026-01-01 21:07:15,segment_corridor,Clinical Waste Bin,Clinical_Waste_Bin-shared_OPD_SET_1-000001,,[],[],[],0,0,,C0-105,C0-6,,9.592,0.0,9.067,0.0,0.0,"{""type"": ""corridor"", ""from"": ""C0-105"", ""to"": ""C0-6"", ""duration"": 9.592331658739246, ""distance_m"": 9.067000000000007, ""speed_factor"": 0.85, ""congestion_count"": 1, ""from_x"": 172.881, ""from_y"": -75.288, ""to_x"": 181.948, ""to_y"": -75.288, ""from_floor"": 0, ""to_floor"": 0}",,,,0.0,,,False,,,{}
AMR-B-2,RETURN-GEN_WASTE_D44_00001-1,corridor,2026-01-01 21:07:24,2026-01-01 21:07:36,C0-6,C0-5,,,181.948,-75.288,0,181.917,-63.981,0,completed,58044.958,2026-01-01 21:07:24,segment_corridor,Clinical Waste Bin,Clinical_Waste_Bin-shared_OPD_SET_1-000001,,[],[],[],0,0,,C0-6,C0-5,,11.085,0.0,11.307,0.0,0.0,"{""type"": ""corridor"", ""from"": ""C0-6"", ""to"": ""C0-5"", ""duration"": 11.085335780116864, ""distance_m"": 11.3070424957192, ""speed_factor"": 0.85, ""congestion_count"": 1, ""from_x"": 181.948, ""from_y"": -75.288, ""to_x"": 181.917, ""to_y"": -63.981, ""from_floor"": 0, ""to_floor"": 0}",,,,0.0,,,False,,,{}
AMR-B-2,RETURN-GEN_WASTE_D44_00001-1,corridor,2026-01-01 21:07:36,2026-01-01 21:07:53,C0-5,C0-104,,,181.917,-63.981,0,181.881,-46.498,0,completed,58056.044,2026-01-01 21:07:36,segment_corridor,Clinical Waste Bin,Clinical_Waste_Bin-shared_OPD_SET_1-000001,,[],[],[],0,0,,C0-5,C0-104,,17.14,0.0,17.483,0.0,0.0,"{""type"": ""corridor"", ""from"": ""C0-5"", ""to"": ""C0-104"", ""duration"": 17.140232416213465, ""distance_m"": 17.483037064537733, ""speed_factor"": 0.85, ""congestion_count"": 1, ""from_x"": 181.917, ""from_y"": -63.981, ""to_x"": 181.881, ""to_y"": -46.498, ""from_floor"": 0, ""to_floor"": 0}",,,,0.0,,,False,,,{}
AMR-B-2,RETURN-GEN_WASTE_D44_00001-1,corridor,2026-01-01 21:07:53,2026-01-01 21:07:56,C0-104,C0-4,,,181.881,-46.498,0,181.948,-41.989,0,completed,58073.184,2026-01-01 21:07:53,segment_corridor,Clinical Waste Bin,Clinical_Waste_Bin-shared_OPD_SET_1-000001,,[],[],[],0,0,,C0-104,C0-4,,3.758,0.0,4.509,0.0,0.0,"{""type"": ""corridor"", ""from"": ""C0-104"", ""to"": ""C0-4"", ""duration"": 3.757914795616196, ""distance_m"": 4.509497754739435, ""speed_factor"": 1.0, ""congestion_count"": 0, ""from_x"": 181.881, ""from_y"": -46.498, ""to_x"": 181.948, ""to_y"": -41.989, ""from_floor"": 0, ""to_floor"": 0}",,,,0.0,,,False,,,{}
AMR-B-2,RETURN-GEN_WASTE_D44_00001-1,corridor,2026-01-01 21:07:56,2026-01-01 21:08:00,C0-4,C0-46,,,181.948,-41.989,0,181.989,-38.315,0,completed,58076.942,2026-01-01 21:07:56,segment_corridor,Clinical Waste Bin,Clinical_Waste_Bin-shared_OPD_SET_1-000001,,[],[],[],0,0,,C0-4,C0-46,,3.062,0.0,3.674,0.0,0.0,"{""type"": ""corridor"", ""from"": ""C0-4"", ""to"": ""C0-46"", ""duration"": 3.0618573021760644, ""distance_m"": 3.674228762611277, ""speed_factor"": 1.0, ""congestion_count"": 0, ""from_x"": 181.948, ""from_y"": -41.989, ""to_x"": 181.989, ""to_y"": -38.315, ""from_floor"": 0, ""to_floor"": 0}",,,,0.0,,,False,,,{}
AMR-B-2,RETURN-GEN_WASTE_D44_00001-1,corridor,2026-01-01 21:08:00,2026-01-01 21:08:34,C0-46,C0-47,,,181.989,-38.315,0,182.032,2.94,0,completed,58080.004,2026-01-01 21:08:00,segment_corridor,Clinical Waste Bin,Clinical_Waste_Bin-shared_OPD_SET_1-000001,,[],[],[],0,0,,C0-46,C0-47,,34.379,0.0,41.255,0.0,0.0,"{""type"": ""corridor"", ""from"": ""C0-46"", ""to"": ""C0-47"", ""duration"": 34.37918534116569, ""distance_m"": 41.255022409398826, ""speed_factor"": 1.0, ""congestion_count"": 0, ""from_x"": 181.989, ""from_y"": -38.315, ""to_x"": 182.032, ""to_y"": 2.94, ""from_floor"": 0, ""to_floor"": 0}",,,,0.0,,,False,,,{}
AMR-B-2,RETURN-GEN_WASTE_D44_00001-1,corridor,2026-01-01 21:08:34,2026-01-01 21:08:41,C0-47,C0-48,,,182.032,2.94,0,182.055,11.583,0,completed,58114.383,2026-01-01 21:08:34,segment_corridor,Clinical Waste Bin,Clinical_Waste_Bin-shared_OPD_SET_1-000001,,[],[],[],0,0,,C0-47,C0-48,,7.203,0.0,8.643,0.0,0.0,"{""type"": ""corridor"", ""from"": ""C0-47"", ""to"": ""C0-48"", ""duration"": 7.202525502288148, ""distance_m"": 8.643030602745776, ""speed_factor"": 1.0, ""congestion_count"": 0, ""from_x"": 182.032, ""from_y"": 2.94, ""to_x"": 182.055, ""to_y"": 11.583, ""from_floor"": 0, ""to_floor"": 0}",,,,0.0,,,False,,,{}
AMR-B-2,RETURN-GEN_WASTE_D44_00001-1,corridor,2026-01-01 21:08:41,2026-01-01 21:08:46,C0-48,D47-WASTE,,,182.055,11.583,0,176.0,12.0,0,completed,58121.585,2026-01-01 21:08:41,segment_corridor,Clinical Waste Bin,Clinical_Waste_Bin-shared_OPD_SET_1-000001,,[],[],[],0,0,,C0-48,D47-WASTE,,5.058,0.0,6.069,0.0,0.0,"{""type"": ""corridor"", ""from"": ""C0-48"", ""to"": ""D47-WASTE"", ""duration"": 5.057785115816788, ""distance_m"": 6.069342138980145, ""speed_factor"": 1.0, ""congestion_count"": 0, ""from_x"": 182.055, ""from_y"": 11.583, ""to_x"": 176.0, ""to_y"": 12.0, ""from_floor"": 0, ""to_floor"": 0}",,,,0.0,,,False,,,{}
AMR-B-2,RETURN-GEN_WASTE_D44_00001-1,pickup,2026-01-01 21:08:46,2026-01-01 21:09:06,,,,,,,,,,,completed,58126.643,2026-01-01 21:08:46,segment_pickup,Clinical Waste Bin,Clinical_Waste_Bin-shared_OPD_SET_1-000001,,[],[],[],0,0,,D47-WASTE,D4-WASTE,,20.0,0.0,0.0,0.0,0.0,"{""type"": ""pickup"", ""location"": ""D47-WASTE"", ""duration"": 20.0, ""from_x"": null, ""from_y"": null, ""to_x"": null, ""to_y"": null, ""from_floor"": null, ""to_floor"": null}",,,,0.0,,,False,,,{}
AMR-B-2,RETURN-GEN_WASTE_D44_00001-1,corridor,2026-01-01 21:09:06,2026-01-01 21:09:12,D47-WASTE,C0-48,,,176.0,12.0,0,182.055,11.583,0,completed,58146.643,2026-01-01 21:09:06,segment_corridor,Clinical Waste Bin,Clinical_Waste_Bin-shared_OPD_SET_1-000001,,[],[],[],0,0,,D47-WASTE,C0-48,,5.95,0.0,6.069,0.0,0.0,"{""type"": ""corridor"", ""from"": ""D47-WASTE"", ""to"": ""C0-48"", ""duration"": 5.950335430372692, ""distance_m"": 6.069342138980145, ""speed_factor"": 0.85, ""congestion_count"": 1, ""from_x"": 176.0, ""from_y"": 12.0, ""to_x"": 182.055, ""to_y"": 11.583, ""from_floor"": 0, ""to_floor"": 0}",,,,0.0,,,False,,,{}
AMR-B-2,RETURN-GEN_WASTE_D44_00001-1,corridor,2026-01-01 21:09:12,2026-01-01 21:09:19,C0-48,C0-47,,,182.055,11.583,0,182.032,2.94,0,completed,58152.593,2026-01-01 21:09:12,segment_corridor,Clinical Waste Bin,Clinical_Waste_Bin-shared_OPD_SET_1-000001,,[],[],[],0,0,,C0-48,C0-47,,7.203,0.0,8.643,0.0,0.0,"{""type"": ""corridor"", ""from"": ""C0-48"", ""to"": ""C0-47"", ""duration"": 7.202525502288148, ""distance_m"": 8.643030602745776, ""speed_factor"": 1.0, ""congestion_count"": 0, ""from_x"": 182.055, ""from_y"": 11.583, ""to_x"": 182.032, ""to_y"": 2.94, ""from_floor"": 0, ""to_floor"": 0}",,,,0.0,,,False,,,{}
AMR-B-2,RETURN-GEN_WASTE_D44_00001-1,corridor,2026-01-01 21:09:19,2026-01-01 21:09:54,C0-47,C0-46,,,182.032,2.94,0,181.989,-38.315,0,completed,58159.796,2026-01-01 21:09:19,segment_corridor,Clinical Waste Bin,Clinical_Waste_Bin-shared_OPD_SET_1-000001,,[],[],[],0,0,,C0-47,C0-46,,34.379,0.0,41.255,0.0,0.0,"{""type"": ""corridor"", ""from"": ""C0-47"", ""to"": ""C0-46"", ""duration"": 34.37918534116569, ""distance_m"": 41.255022409398826, ""speed_factor"": 1.0, ""congestion_count"": 0, ""from_x"": 182.032, ""from_y"": 2.94, ""to_x"": 181.989, ""to_y"": -38.315, ""from_floor"": 0, ""to_floor"": 0}",,,,0.0,,,False,,,{}
AMR-B-2,RETURN-GEN_WASTE_D44_00001-1,corridor,2026-01-01 21:09:54,2026-01-01 21:09:57,C0-46,C0-4,,,181.989,-38.315,0,181.948,-41.989,0,completed,58194.175,2026-01-01 21:09:54,segment_corridor,Clinical Waste Bin,Clinical_Waste_Bin-shared_OPD_SET_1-000001,,[],[],[],0,0,,C0-46,C0-4,,3.062,0.0,3.674,0.0,0.0,"{""type"": ""corridor"", ""from"": ""C0-46"", ""to"": ""C0-4"", ""duration"": 3.0618573021760644, ""distance_m"": 3.674228762611277, ""speed_factor"": 1.0, ""congestion_count"": 0, ""from_x"": 181.989, ""from_y"": -38.315, ""to_x"": 181.948, ""to_y"": -41.989, ""from_floor"": 0, ""to_floor"": 0}",,,,0.0,,,False,,,{}
AMR-B-2,RETURN-GEN_WASTE_D44_00001-1,corridor,2026-01-01 21:09:57,2026-01-01 21:10:00,C0-4,C0-104,,,181.948,-41.989,0,181.881,-46.498,0,completed,58197.237,2026-01-01 21:09:57,segment_corridor,Clinical Waste Bin,Clinical_Waste_Bin-shared_OPD_SET_1-000001,,[],[],[],0,0,,C0-4,C0-104,,3.758,0.0,4.509,0.0,0.0,"{""type"": ""corridor"", ""from"": ""C0-4"", ""to"": ""C0-104"", ""duration"": 3.757914795616196, ""distance_m"": 4.509497754739435, ""speed_factor"": 1.0, ""congestion_count"": 0, ""from_x"": 181.948, ""from_y"": -41.989, ""to_x"": 181.881, ""to_y"": -46.498, ""from_floor"": 0, ""to_floor"": 0}",,,,0.0,,,False,,,{}
AMR-B-2,RETURN-GEN_WASTE_D44_00001-1,corridor,2026-01-01 21:10:00,2026-01-01 21:10:15,C0-104,C0-5,,,181.881,-46.498,0,181.917,-63.981,0,completed,58200.995,2026-01-01 21:10:00,segment_corridor,Clinical Waste Bin,Clinical_Waste_Bin-shared_OPD_SET_1-000001,,[],[],[],0,0,,C0-104,C0-5,,14.569,0.0,17.483,0.0,0.0,"{""type"": ""corridor"", ""from"": ""C0-104"", ""to"": ""C0-5"", ""duration"": 14.569197553781445, ""distance_m"": 17.483037064537733, ""speed_factor"": 1.0, ""congestion_count"": 0, ""from_x"": 181.881, ""from_y"": -46.498, ""to_x"": 181.917, ""to_y"": -63.981, ""from_floor"": 0, ""to_floor"": 0}",,,,0.0,,,False,,,{}
AMR-B-2,RETURN-GEN_WASTE_D44_00001-1,corridor,2026-01-01 21:10:15,2026-01-01 21:10:24,C0-5,C0-6,,,181.917,-63.981,0,181.948,-75.288,0,completed,58215.564,2026-01-01 21:10:15,segment_corridor,Clinical Waste Bin,Clinical_Waste_Bin-shared_OPD_SET_1-000001,,[],[],[],0,0,,C0-5,C0-6,,9.423,0.0,11.307,0.0,0.0,"{""type"": ""corridor"", ""from"": ""C0-5"", ""to"": ""C0-6"", ""duration"": 9.422535413099334, ""distance_m"": 11.3070424957192, ""speed_factor"": 1.0, ""congestion_count"": 0, ""from_x"": 181.917, ""from_y"": -63.981, ""to_x"": 181.948, ""to_y"": -75.288, ""from_floor"": 0, ""to_floor"": 0}",,,,0.0,,,False,,,{}
AMR-B-2,RETURN-GEN_WASTE_D44_00001-1,corridor,2026-01-01 21:10:24,2026-01-01 21:10:32,C0-6,C0-105,,,181.948,-75.288,0,172.881,-75.288,0,completed,58224.987,2026-01-01 21:10:24,segment_corridor,Clinical Waste Bin,Clinical_Waste_Bin-shared_OPD_SET_1-000001,,[],[],[],0,0,,C0-6,C0-105,,7.556,0.0,9.067,0.0,0.0,"{""type"": ""corridor"", ""from"": ""C0-6"", ""to"": ""C0-105"", ""duration"": 7.555833333333339, ""distance_m"": 9.067000000000007, ""speed_factor"": 1.0, ""congestion_count"": 0, ""from_x"": 181.948, ""from_y"": -75.288, ""to_x"": 172.881, ""to_y"": -75.288, ""from_floor"": 0, ""to_floor"": 0}",,,,0.0,,,False,,,{}
AMR-B-2,RETURN-GEN_WASTE_D44_00001-1,corridor,2026-01-01 21:10:32,2026-01-01 21:10:50,C0-105,C0-8,,,172.881,-75.288,0,151.852,-75.529,0,completed,58232.542,2026-01-01 21:10:32,segment_corridor,Clinical Waste Bin,Clinical_Waste_Bin-shared_OPD_SET_1-000001,,[],[],[],0,0,,C0-105,C0-8,,17.525,0.0,21.03,0.0,0.0,"{""type"": ""corridor"", ""from"": ""C0-105"", ""to"": ""C0-8"", ""duration"": 17.525317440459926, ""distance_m"": 21.03038092855191, ""speed_factor"": 1.0, ""congestion_count"": 0, ""from_x"": 172.881, ""from_y"": -75.288, ""to_x"": 151.852, ""to_y"": -75.529, ""from_floor"": 0, ""to_floor"": 0}",,,,0.0,,,False,,,{}
AMR-B-2,RETURN-GEN_WASTE_D44_00001-1,corridor,2026-01-01 21:10:50,2026-01-01 21:10:57,C0-8,C0-9,,,151.852,-75.529,0,151.815,-84.679,0,completed,58250.068,2026-01-01 21:10:50,segment_corridor,Clinical Waste Bin,Clinical_Waste_Bin-shared_OPD_SET_1-000001,,[],[],[],0,0,,C0-8,C0-9,,7.625,0.0,9.15,0.0,0.0,"{""type"": ""corridor"", ""from"": ""C0-8"", ""to"": ""C0-9"", ""duration"": 7.625062340364472, ""distance_m"": 9.150074808437367, ""speed_factor"": 1.0, ""congestion_count"": 0, ""from_x"": 151.852, ""from_y"": -75.529, ""to_x"": 151.815, ""to_y"": -84.679, ""from_floor"": 0, ""to_floor"": 0}",,,,0.0,,,False,,,{}
AMR-B-2,RETURN-GEN_WASTE_D44_00001-1,corridor,2026-01-01 21:10:57,2026-01-01 21:11:04,C0-9,C0-78,,,151.815,-84.679,0,151.853,-93.062,0,completed,58257.693,2026-01-01 21:10:57,segment_corridor,Clinical Waste Bin,Clinical_Waste_Bin-shared_OPD_SET_1-000001,,[],[],[],0,0,,C0-9,C0-78,,6.986,0.0,8.383,0.0,0.0,"{""type"": ""corridor"", ""from"": ""C0-9"", ""to"": ""C0-78"", ""duration"": 6.9859051052021055, ""distance_m"": 8.383086126242526, ""speed_factor"": 1.0, ""congestion_count"": 0, ""from_x"": 151.815, ""from_y"": -84.679, ""to_x"": 151.853, ""to_y"": -93.062, ""from_floor"": 0, ""to_floor"": 0}",,,,0.0,,,False,,,{}
AMR-B-2,RETURN-GEN_WASTE_D44_00001-1,corridor,2026-01-01 21:11:04,2026-01-01 21:11:13,C0-78,C0-10,,,151.853,-93.062,0,151.906,-103.332,0,completed,58264.679,2026-01-01 21:11:04,segment_corridor,Clinical Waste Bin,Clinical_Waste_Bin-shared_OPD_SET_1-000001,,[],[],[],0,0,,C0-78,C0-10,,8.558,0.0,10.27,0.0,0.0,"{""type"": ""corridor"", ""from"": ""C0-78"", ""to"": ""C0-10"", ""duration"": 8.558447297196428, ""distance_m"": 10.270136756635713, ""speed_factor"": 1.0, ""congestion_count"": 0, ""from_x"": 151.853, ""from_y"": -93.062, ""to_x"": 151.906, ""to_y"": -103.332, ""from_floor"": 0, ""to_floor"": 0}",,,,0.0,,,False,,,{}
AMR-B-2,RETURN-GEN_WASTE_D44_00001-1,corridor,2026-01-01 21:11:13,2026-01-01 21:11:18,C0-10,C0-107,,,151.906,-103.332,0,151.875,-110.231,0,completed,58273.237,2026-01-01 21:11:13,segment_corridor,Clinical Waste Bin,Clinical_Waste_Bin-shared_OPD_SET_1-000001,,[],[],[],0,0,,C0-10,C0-107,,5.749,0.0,6.899,0.0,0.0,"{""type"": ""corridor"", ""from"": ""C0-10"", ""to"": ""C0-107"", ""duration"": 5.749224706186238, ""distance_m"": 6.899069647423485, ""speed_factor"": 1.0, ""congestion_count"": 0, ""from_x"": 151.906, ""from_y"": -103.332, ""to_x"": 151.875, ""to_y"": -110.231, ""from_floor"": 0, ""to_floor"": 0}",,,,0.0,,,False,,,{}
AMR-B-2,RETURN-GEN_WASTE_D44_00001-1,corridor,2026-01-01 21:11:18,2026-01-01 21:11:26,C0-107,C0-82,,,151.875,-110.231,0,151.957,-118.723,0,completed,58278.986,2026-01-01 21:11:18,segment_corridor,Clinical Waste Bin,Clinical_Waste_Bin-shared_OPD_SET_1-000001,,[],[],[],0,0,,C0-107,C0-82,,7.077,0.0,8.492,0.0,0.0,"{""type"": ""corridor"", ""from"": ""C0-107"", ""to"": ""C0-82"", ""duration"": 7.076996577331065, ""distance_m"": 8.492395892797278, ""speed_factor"": 1.0, ""congestion_count"": 0, ""from_x"": 151.875, ""from_y"": -110.231, ""to_x"": 151.957, ""to_y"": -118.723, ""from_floor"": 0, ""to_floor"": 0}",,,,0.0,,,False,,,{}
AMR-B-2,RETURN-GEN_WASTE_D44_00001-1,corridor,2026-01-01 21:11:26,2026-01-01 21:11:29,C0-82,C0-12,,,151.957,-118.723,0,151.969,-122.524,0,completed,58286.063,2026-01-01 21:11:26,segment_corridor,Clinical Waste Bin,Clinical_Waste_Bin-shared_OPD_SET_1-000001,,[],[],[],0,0,,C0-82,C0-12,,3.168,0.0,3.801,0.0,0.0,"{""type"": ""corridor"", ""from"": ""C0-82"", ""to"": ""C0-12"", ""duration"": 3.167515785280321, ""distance_m"": 3.8010189423363854, ""speed_factor"": 1.0, ""congestion_count"": 0, ""from_x"": 151.957, ""from_y"": -118.723, ""to_x"": 151.969, ""to_y"": -122.524, ""from_floor"": 0, ""to_floor"": 0}",,,,0.0,,,False,,,{}
AMR-B-2,RETURN-GEN_WASTE_D44_00001-1,corridor,2026-01-01 21:11:29,2026-01-01 21:11:37,C0-12,C0-13,,,151.969,-122.524,0,151.939,-132.199,0,completed,58289.231,2026-01-01 21:11:29,segment_corridor,Clinical Waste Bin,Clinical_Waste_Bin-shared_OPD_SET_1-000001,,[],[],[],0,0,,C0-12,C0-13,,8.063,0.0,9.675,0.0,0.0,"{""type"": ""corridor"", ""from"": ""C0-12"", ""to"": ""C0-13"", ""duration"": 8.062538759596766, ""distance_m"": 9.675046511516118, ""speed_factor"": 1.0, ""congestion_count"": 0, ""from_x"": 151.969, ""from_y"": -122.524, ""to_x"": 151.939, ""to_y"": -132.199, ""from_floor"": 0, ""to_floor"": 0}",,,,0.0,,,False,,,{}
AMR-B-2,RETURN-GEN_WASTE_D44_00001-1,corridor,2026-01-01 21:11:37,2026-01-01 21:11:45,C0-13,C0-14,,,151.939,-132.199,0,142.333,-132.392,0,completed,58297.293,2026-01-01 21:11:37,segment_corridor,Clinical Waste Bin,Clinical_Waste_Bin-shared_OPD_SET_1-000001,,[],[],[],0,0,,C0-13,C0-14,,8.007,0.0,9.608,0.0,0.0,"{""type"": ""corridor"", ""from"": ""C0-13"", ""to"": ""C0-14"", ""duration"": 8.006615537236133, ""distance_m"": 9.607938644683358, ""speed_factor"": 1.0, ""congestion_count"": 0, ""from_x"": 151.939, ""from_y"": -132.199, ""to_x"": 142.333, ""to_y"": -132.392, ""from_floor"": 0, ""to_floor"": 0}",,,,0.0,,,False,,,{}
AMR-B-2,RETURN-GEN_WASTE_D44_00001-1,corridor,2026-01-01 21:11:45,2026-01-01 21:11:47,C0-14,C0-15,,,142.333,-132.392,0,142.311,-135.582,0,completed,58305.3,2026-01-01 21:11:45,segment_corridor,Clinical Waste Bin,Clinical_Waste_Bin-shared_OPD_SET_1-000001,,[],[],[],0,0,,C0-14,C0-15,,2.658,0.0,3.19,0.0,0.0,"{""type"": ""corridor"", ""from"": ""C0-14"", ""to"": ""C0-15"", ""duration"": 2.6583965509724488, ""distance_m"": 3.1900758611669384, ""speed_factor"": 1.0, ""congestion_count"": 0, ""from_x"": 142.333, ""from_y"": -132.392, ""to_x"": 142.311, ""to_y"": -135.582, ""from_floor"": 0, ""to_floor"": 0}",,,,0.0,,,False,,,{}
AMR-B-2,RETURN-GEN_WASTE_D44_00001-1,corridor,2026-01-01 21:11:47,2026-01-01 21:11:50,C0-15,C0-44,,,142.311,-135.582,0,142.385,-138.767,0,completed,58307.958,2026-01-01 21:11:47,segment_corridor,Clinical Waste Bin,Clinical_Waste_Bin-shared_OPD_SET_1-000001,,[],[],[],0,0,,C0-15,C0-44,,2.655,0.0,3.186,0.0,0.0,"{""type"": ""corridor"", ""from"": ""C0-15"", ""to"": ""C0-44"", ""duration"": 2.6548829488740613, ""distance_m"": 3.1858595386488733, ""speed_factor"": 1.0, ""congestion_count"": 0, ""from_x"": 142.311, ""from_y"": -135.582, ""to_x"": 142.385, ""to_y"": -138.767, ""from_floor"": 0, ""to_floor"": 0}",,,,0.0,,,False,,,{}
AMR-B-2,RETURN-GEN_WASTE_D44_00001-1,corridor,2026-01-01 21:11:50,2026-01-01 21:11:57,C0-44,C0-45,,,142.385,-138.767,0,142.637,-146.743,0,completed,58310.613,2026-01-01 21:11:50,segment_corridor,Clinical Waste Bin,Clinical_Waste_Bin-shared_OPD_SET_1-000001,,[],[],[],0,0,,C0-44,C0-45,,6.65,0.0,7.98,0.0,0.0,"{""type"": ""corridor"", ""from"": ""C0-44"", ""to"": ""C0-45"", ""duration"": 6.649983291541249, ""distance_m"": 7.979979949849498, ""speed_factor"": 1.0, ""congestion_count"": 0, ""from_x"": 142.385, ""from_y"": -138.767, ""to_x"": 142.637, ""to_y"": -146.743, ""from_floor"": 0, ""to_floor"": 0}",,,,0.0,,,False,,,{}
AMR-B-2,RETURN-GEN_WASTE_D44_00001-1,corridor,2026-01-01 21:11:57,2026-01-01 21:12:00,C0-45,C0-16,,,142.637,-146.743,0,142.744,-150.046,0,completed,58317.263,2026-01-01 21:11:57,segment_corridor,Clinical Waste Bin,Clinical_Waste_Bin-shared_OPD_SET_1-000001,,[],[],[],0,0,,C0-45,C0-16,,2.754,0.0,3.305,0.0,0.0,"{""type"": ""corridor"", ""from"": ""C0-45"", ""to"": ""C0-16"", ""duration"": 2.7539438891241836, ""distance_m"": 3.30473266694902, ""speed_factor"": 1.0, ""congestion_count"": 0, ""from_x"": 142.637, ""from_y"": -146.743, ""to_x"": 142.744, ""to_y"": -150.046, ""from_floor"": 0, ""to_floor"": 0}",,,,0.0,,,False,,,{}
AMR-B-2,RETURN-GEN_WASTE_D44_00001-1,corridor,2026-01-01 21:12:00,2026-01-01 21:12:02,C0-16,C0-17,,,142.744,-150.046,0,139.652,-150.053,0,completed,58320.017,2026-01-01 21:12:00,segment_corridor,Clinical Waste Bin,Clinical_Waste_Bin-shared_OPD_SET_1-000001,,[],[],[],0,0,,C0-16,C0-17,,2.577,0.0,3.092,0.0,0.0,"{""type"": ""corridor"", ""from"": ""C0-16"", ""to"": ""C0-17"", ""duration"": 2.5766732697198815, ""distance_m"": 3.0920079236638576, ""speed_factor"": 1.0, ""congestion_count"": 0, ""from_x"": 142.744, ""from_y"": -150.046, ""to_x"": 139.652, ""to_y"": -150.053, ""from_floor"": 0, ""to_floor"": 0}",,,,0.0,,,False,,,{}
AMR-B-2,RETURN-GEN_WASTE_D44_00001-1,corridor,2026-01-01 21:12:02,2026-01-01 21:12:05,C0-17,D4-WASTE,,,139.652,-150.053,0,139.696,-153.083,0,completed,58322.594,2026-01-01 21:12:02,segment_corridor,Clinical Waste Bin,Clinical_Waste_Bin-shared_OPD_SET_1-000001,,[],[],[],0,0,,C0-17,D4-WASTE,,2.525,0.0,3.03,0.0,0.0,"{""type"": ""corridor"", ""from"": ""C0-17"", ""to"": ""D4-WASTE"", ""duration"": 2.5252662125891696, ""distance_m"": 3.0303194551070036, ""speed_factor"": 1.0, ""congestion_count"": 0, ""from_x"": 139.652, ""from_y"": -150.053, ""to_x"": 139.696, ""to_y"": -153.083, ""from_floor"": 0, ""to_floor"": 0}",,,,0.0,,,False,,,{}
AMR-B-2,RETURN-GEN_WASTE_D44_00001-1,dropoff,2026-01-01 21:12:05,2026-01-01 21:12:25,,,,,,,,,,,completed,58325.119,2026-01-01 21:12:05,segment_dropoff,Clinical Waste Bin,Clinical_Waste_Bin-shared_OPD_SET_1-000001,,[],[],[],0,0,,D47-WASTE,D4-WASTE,,20.0,0.0,0.0,0.0,0.0,"{""type"": ""dropoff"", ""location"": ""D4-WASTE"", ""duration"": 20.0, ""inventory_space"": ""Clinical Waste Bin space 1"", ""from_x"": null, ""from_y"": null, ""to_x"": null, ""to_y"": null, ""from_floor"": null, ""to_floor"": null}",,,,0.0,,,False,,,{}
AMR-B-1,RETURN-AMR-B-1-2,,2026-01-01 21:09:12,2026-01-01 21:09:12,,,,,,,,,,,finish,58152.15,2026-01-01 21:09:12,task_complete,,,,[],[],[],0,0,,D47-WASTE,AMR-CENTRE,,0.0,0.0,0.0,0.0,0.0,Task RETURN-AMR-B-1-2 completed,,,,0.0,,,False,,,{}
AMR-B-2,RETURN-GEN_WASTE_D44_00001-1,,2026-01-01 21:12:25,2026-01-01 21:12:25,,,,,,,,,,,finish,58345.119,2026-01-01 21:12:25,task_complete,Clinical Waste Bin,Clinical_Waste_Bin-shared_OPD_SET_1-000001,,[],[],[],0,0,,D47-WASTE,D4-WASTE,,0.0,0.0,0.0,0.0,0.0,Task RETURN-GEN_WASTE_D44_00001-1 completed,task_generation_return,D44,Clinical,0.0,Clinical Waste Bin,,False,,,{}
AMR-B-2,RETURN-AMR-B-2-3,,2026-01-01 21:12:25,2026-01-01 21:12:26,,,D4-WASTE,AMR-CENTRE,,,,,,,start,58345.119,2026-01-01 21:12:25,task_assigned,,,,[],[],[],0,0,,D4-WASTE,AMR-CENTRE,,0.0,0.0,0.0,0.0,164.801,Assigned task to AMR-B-2,,,,0.0,,,False,,,{}
AMR-B-2,RETURN-AMR-B-2-3,pickup,2026-01-01 21:12:25,2026-01-01 21:12:45,,,,,,,,,,,completed,58345.119,2026-01-01 21:12:25,segment_pickup,,,,[],[],[],0,0,,D4-WASTE,AMR-CENTRE,,20.0,0.0,0.0,0.0,0.0,"{""type"": ""pickup"", ""location"": ""D4-WASTE"", ""duration"": 20.0, ""from_x"": null, ""from_y"": null, ""to_x"": null, ""to_y"": null, ""from_floor"": null, ""to_floor"": null}",,,,0.0,,,False,,,{}
AMR-B-2,RETURN-AMR-B-2-3,corridor,2026-01-01 21:12:45,2026-01-01 21:12:47,D4-WASTE,C0-17,,,139.696,-153.083,0,139.652,-150.053,0,completed,58365.119,2026-01-01 21:12:45,segment_corridor,,,,[],[],[],0,0,,D4-WASTE,C0-17,,2.525,0.0,3.03,0.0,0.0,"{""type"": ""corridor"", ""from"": ""D4-WASTE"", ""to"": ""C0-17"", ""duration"": 2.5252662125891696, ""distance_m"": 3.0303194551070036, ""speed_factor"": 1.0, ""congestion_count"": 0, ""from_x"": 139.696, ""from_y"": -153.083, ""to_x"": 139.652, ""to_y"": -150.053, ""from_floor"": 0, ""to_floor"": 0}",,,,0.0,,,False,,,{}
AMR-B-2,RETURN-AMR-B-2-3,corridor,2026-01-01 21:12:47,2026-01-01 21:12:50,C0-17,C0-16,,,139.652,-150.053,0,142.744,-150.046,0,completed,58367.644,2026-01-01 21:12:47,segment_corridor,,,,[],[],[],0,0,,C0-17,C0-16,,2.577,0.0,3.092,0.0,0.0,"{""type"": ""corridor"", ""from"": ""C0-17"", ""to"": ""C0-16"", ""duration"": 2.5766732697198815, ""distance_m"": 3.0920079236638576, ""speed_factor"": 1.0, ""congestion_count"": 0, ""from_x"": 139.652, ""from_y"": -150.053, ""to_x"": 142.744, ""to_y"": -150.046, ""from_floor"": 0, ""to_floor"": 0}",,,,0.0,,,False,,,{}
AMR-B-2,RETURN-AMR-B-2-3,corridor,2026-01-01 21:12:50,2026-01-01 21:12:52,C0-16,C0-45,,,142.744,-150.046,0,142.637,-146.743,0,completed,58370.221,2026-01-01 21:12:50,segment_corridor,,,,[],[],[],0,0,,C0-16,C0-45,,2.754,0.0,3.305,0.0,0.0,"{""type"": ""corridor"", ""from"": ""C0-16"", ""to"": ""C0-45"", ""duration"": 2.7539438891241836, ""distance_m"": 3.30473266694902, ""speed_factor"": 1.0, ""congestion_count"": 0, ""from_x"": 142.744, ""from_y"": -150.046, ""to_x"": 142.637, ""to_y"": -146.743, ""from_floor"": 0, ""to_floor"": 0}",,,,0.0,,,False,,,{}
AMR-B-2,RETURN-AMR-B-2-3,corridor,2026-01-01 21:12:52,2026-01-01 21:12:59,C0-45,C0-44,,,142.637,-146.743,0,142.385,-138.767,0,completed,58372.975,2026-01-01 21:12:52,segment_corridor,,,,[],[],[],0,0,,C0-45,C0-44,,6.65,0.0,7.98,0.0,0.0,"{""type"": ""corridor"", ""from"": ""C0-45"", ""to"": ""C0-44"", ""duration"": 6.649983291541249, ""distance_m"": 7.979979949849498, ""speed_factor"": 1.0, ""congestion_count"": 0, ""from_x"": 142.637, ""from_y"": -146.743, ""to_x"": 142.385, ""to_y"": -138.767, ""from_floor"": 0, ""to_floor"": 0}",,,,0.0,,,False,,,{}
AMR-B-2,RETURN-AMR-B-2-3,corridor,2026-01-01 21:12:59,2026-01-01 21:13:02,C0-44,C0-15,,,142.385,-138.767,0,142.311,-135.582,0,completed,58379.625,2026-01-01 21:12:59,segment_corridor,,,,[],[],[],0,0,,C0-44,C0-15,,2.655,0.0,3.186,0.0,0.0,"{""type"": ""corridor"", ""from"": ""C0-44"", ""to"": ""C0-15"", ""duration"": 2.6548829488740613, ""distance_m"": 3.1858595386488733, ""speed_factor"": 1.0, ""congestion_count"": 0, ""from_x"": 142.385, ""from_y"": -138.767, ""to_x"": 142.311, ""to_y"": -135.582, ""from_floor"": 0, ""to_floor"": 0}",,,,0.0,,,False,,,{}
AMR-B-2,RETURN-AMR-B-2-3,corridor,2026-01-01 21:13:02,2026-01-01 21:13:04,C0-15,C0-14,,,142.311,-135.582,0,142.333,-132.392,0,completed,58382.28,2026-01-01 21:13:02,segment_corridor,,,,[],[],[],0,0,,C0-15,C0-14,,2.658,0.0,3.19,0.0,0.0,"{""type"": ""corridor"", ""from"": ""C0-15"", ""to"": ""C0-14"", ""duration"": 2.6583965509724488, ""distance_m"": 3.1900758611669384, ""speed_factor"": 1.0, ""congestion_count"": 0, ""from_x"": 142.311, ""from_y"": -135.582, ""to_x"": 142.333, ""to_y"": -132.392, ""from_floor"": 0, ""to_floor"": 0}",,,,0.0,,,False,,,{}
AMR-B-2,RETURN-AMR-B-2-3,corridor,2026-01-01 21:13:04,2026-01-01 21:13:12,C0-14,C0-13,,,142.333,-132.392,0,151.939,-132.199,0,completed,58384.938,2026-01-01 21:13:04,segment_corridor,,,,[],[],[],0,0,,C0-14,C0-13,,8.007,0.0,9.608,0.0,0.0,"{""type"": ""corridor"", ""from"": ""C0-14"", ""to"": ""C0-13"", ""duration"": 8.006615537236133, ""distance_m"": 9.607938644683358, ""speed_factor"": 1.0, ""congestion_count"": 0, ""from_x"": 142.333, ""from_y"": -132.392, ""to_x"": 151.939, ""to_y"": -132.199, ""from_floor"": 0, ""to_floor"": 0}",,,,0.0,,,False,,,{}
AMR-B-2,RETURN-AMR-B-2-3,corridor,2026-01-01 21:13:12,2026-01-01 21:13:21,C0-13,C0-12,,,151.939,-132.199,0,151.969,-122.524,0,completed,58392.945,2026-01-01 21:13:12,segment_corridor,,,,[],[],[],0,0,,C0-13,C0-12,,8.063,0.0,9.675,0.0,0.0,"{""type"": ""corridor"", ""from"": ""C0-13"", ""to"": ""C0-12"", ""duration"": 8.062538759596766, ""distance_m"": 9.675046511516118, ""speed_factor"": 1.0, ""congestion_count"": 0, ""from_x"": 151.939, ""from_y"": -132.199, ""to_x"": 151.969, ""to_y"": -122.524, ""from_floor"": 0, ""to_floor"": 0}",,,,0.0,,,False,,,{}
AMR-B-2,RETURN-AMR-B-2-3,corridor,2026-01-01 21:13:21,2026-01-01 21:13:24,C0-12,C0-82,,,151.969,-122.524,0,151.957,-118.723,0,completed,58401.008,2026-01-01 21:13:21,segment_corridor,,,,[],[],[],0,0,,C0-12,C0-82,,3.168,0.0,3.801,0.0,0.0,"{""type"": ""corridor"", ""from"": ""C0-12"", ""to"": ""C0-82"", ""duration"": 3.167515785280321, ""distance_m"": 3.8010189423363854, ""speed_factor"": 1.0, ""congestion_count"": 0, ""from_x"": 151.969, ""from_y"": -122.524, ""to_x"": 151.957, ""to_y"": -118.723, ""from_floor"": 0, ""to_floor"": 0}",,,,0.0,,,False,,,{}
AMR-B-2,RETURN-AMR-B-2-3,corridor,2026-01-01 21:13:24,2026-01-01 21:13:31,C0-82,C0-107,,,151.957,-118.723,0,151.875,-110.231,0,completed,58404.175,2026-01-01 21:13:24,segment_corridor,,,,[],[],[],0,0,,C0-82,C0-107,,7.077,0.0,8.492,0.0,0.0,"{""type"": ""corridor"", ""from"": ""C0-82"", ""to"": ""C0-107"", ""duration"": 7.076996577331065, ""distance_m"": 8.492395892797278, ""speed_factor"": 1.0, ""congestion_count"": 0, ""from_x"": 151.957, ""from_y"": -118.723, ""to_x"": 151.875, ""to_y"": -110.231, ""from_floor"": 0, ""to_floor"": 0}",,,,0.0,,,False,,,{}
AMR-B-2,RETURN-AMR-B-2-3,corridor,2026-01-01 21:13:31,2026-01-01 21:13:37,C0-107,C0-10,,,151.875,-110.231,0,151.906,-103.332,0,completed,58411.252,2026-01-01 21:13:31,segment_corridor,,,,[],[],[],0,0,,C0-107,C0-10,,5.749,0.0,6.899,0.0,0.0,"{""type"": ""corridor"", ""from"": ""C0-107"", ""to"": ""C0-10"", ""duration"": 5.749224706186238, ""distance_m"": 6.899069647423485, ""speed_factor"": 1.0, ""congestion_count"": 0, ""from_x"": 151.875, ""from_y"": -110.231, ""to_x"": 151.906, ""to_y"": -103.332, ""from_floor"": 0, ""to_floor"": 0}",,,,0.0,,,False,,,{}
AMR-B-2,RETURN-AMR-B-2-3,corridor,2026-01-01 21:13:37,2026-01-01 21:13:45,C0-10,C0-78,,,151.906,-103.332,0,151.853,-93.062,0,completed,58417.001,2026-01-01 21:13:37,segment_corridor,,,,[],[],[],0,0,,C0-10,C0-78,,8.558,0.0,10.27,0.0,0.0,"{""type"": ""corridor"", ""from"": ""C0-10"", ""to"": ""C0-78"", ""duration"": 8.558447297196428, ""distance_m"": 10.270136756635713, ""speed_factor"": 1.0, ""congestion_count"": 0, ""from_x"": 151.906, ""from_y"": -103.332, ""to_x"": 151.853, ""to_y"": -93.062, ""from_floor"": 0, ""to_floor"": 0}",,,,0.0,,,False,,,{}
AMR-B-2,RETURN-AMR-B-2-3,corridor,2026-01-01 21:13:45,2026-01-01 21:13:52,C0-78,C0-9,,,151.853,-93.062,0,151.815,-84.679,0,completed,58425.56,2026-01-01 21:13:45,segment_corridor,,,,[],[],[],0,0,,C0-78,C0-9,,6.986,0.0,8.383,0.0,0.0,"{""type"": ""corridor"", ""from"": ""C0-78"", ""to"": ""C0-9"", ""duration"": 6.9859051052021055, ""distance_m"": 8.383086126242526, ""speed_factor"": 1.0, ""congestion_count"": 0, ""from_x"": 151.853, ""from_y"": -93.062, ""to_x"": 151.815, ""to_y"": -84.679, ""from_floor"": 0, ""to_floor"": 0}",,,,0.0,,,False,,,{}
AMR-B-2,RETURN-AMR-B-2-3,corridor,2026-01-01 21:13:52,2026-01-01 21:14:01,C0-9,C0-23,,,151.815,-84.679,0,140.608,-84.673,0,completed,58432.546,2026-01-01 21:13:52,segment_corridor,,,,[],[],[],0,0,,C0-9,C0-23,,9.339,0.0,11.207,0.0,0.0,"{""type"": ""corridor"", ""from"": ""C0-9"", ""to"": ""C0-23"", ""duration"": 9.33916800511575, ""distance_m"": 11.207001606138899, ""speed_factor"": 1.0, ""congestion_count"": 0, ""from_x"": 151.815, ""from_y"": -84.679, ""to_x"": 140.608, ""to_y"": -84.673, ""from_floor"": 0, ""to_floor"": 0}",,,,0.0,,,False,,,{}
AMR-B-2,RETURN-AMR-B-2-3,corridor,2026-01-01 21:14:01,2026-01-01 21:14:05,C0-23,Lift-4-F0,,,140.608,-84.673,0,140.605,-89.055,0,completed,58441.885,2026-01-01 21:14:01,segment_corridor,,,,[],[],[],0,0,,C0-23,Lift-4-F0,,3.652,0.0,4.382,0.0,0.0,"{""type"": ""corridor"", ""from"": ""C0-23"", ""to"": ""Lift-4-F0"", ""duration"": 3.6516675224401896, ""distance_m"": 4.3820010269282275, ""speed_factor"": 1.0, ""congestion_count"": 0, ""from_x"": 140.608, ""from_y"": -84.673, ""to_x"": 140.605, ""to_y"": -89.055, ""from_floor"": 0, ""to_floor"": 0}",,,,0.0,,,False,,,{}
AMR-B-2,RETURN-AMR-B-2-3,lift_transfer,2026-01-01 21:14:05,2026-01-01 21:14:29,Lift-4-F0,Lift-4-F2,,,140.605,-89.055,0,140.605,-89.055,2,completed,58445.536,2026-01-01 21:14:05,segment_lift_transfer,,,,[],[],[],0,0,,Lift-4-F0,Lift-4-F2,Lift-4,24.444,0.0,8.0,0.021564102564102565,0.0,"{""type"": ""lift_transfer"", ""lift_id"": ""Lift-4"", ""from"": ""Lift-4-F0"", ""to"": ""Lift-4-F2"", ""from_floor"": 0, ""to_floor"": 2, ""wait_time"": 0.0, ""duration"": 24.444444444445253, ""distance_m"": 8.0, ""vertical_distance_m"": 8.0, ""energy_kwh"": 0.021564102564102565, ""from_x"": 140.605, ""from_y"": -89.055, ""to_x"": 140.605, ""to_y"": -89.055}",,,,0.0,,,False,,,{}
AMR-B-2,RETURN-AMR-B-2-3,corridor,2026-01-01 21:14:29,2026-01-01 21:14:33,Lift-4-F2,C2-12,,,140.605,-89.055,2,140.54,-85.162,2,completed,58469.981,2026-01-01 21:14:29,segment_corridor,,,,[],[],[],0,0,,Lift-4-F2,C2-12,,3.245,0.0,3.894,0.0,0.0,"{""type"": ""corridor"", ""from"": ""Lift-4-F2"", ""to"": ""C2-12"", ""duration"": 3.24461883568608, ""distance_m"": 3.893542602823296, ""speed_factor"": 1.0, ""congestion_count"": 0, ""from_x"": 140.605, ""from_y"": -89.055, ""to_x"": 140.54, ""to_y"": -85.162, ""from_floor"": 2, ""to_floor"": 2}",,,,0.0,,,False,,,{}
AMR-B-2,RETURN-AMR-B-2-3,corridor,2026-01-01 21:14:33,2026-01-01 21:14:38,C2-12,C2-22,,,140.54,-85.162,2,146.298,-84.823,2,completed,58473.226,2026-01-01 21:14:33,segment_corridor,,,,[],[],[],0,0,,C2-12,C2-22,,4.807,0.0,5.768,0.0,0.0,"{""type"": ""corridor"", ""from"": ""C2-12"", ""to"": ""C2-22"", ""duration"": 4.806642178046736, ""distance_m"": 5.767970613656082, ""speed_factor"": 1.0, ""congestion_count"": 0, ""from_x"": 140.54, ""from_y"": -85.162, ""to_x"": 146.298, ""to_y"": -84.823, ""from_floor"": 2, ""to_floor"": 2}",,,,0.0,,,False,,,{}
AMR-B-2,RETURN-AMR-B-2-3,corridor,2026-01-01 21:14:38,2026-01-01 21:14:42,C2-22,C2-10,,,146.298,-84.823,2,151.747,-84.823,2,completed,58478.032,2026-01-01 21:14:38,segment_corridor,,,,[],[],[],0,0,,C2-22,C2-10,,4.541,0.0,5.449,0.0,0.0,"{""type"": ""corridor"", ""from"": ""C2-22"", ""to"": ""C2-10"", ""duration"": 4.540833333333344, ""distance_m"": 5.449000000000012, ""speed_factor"": 1.0, ""congestion_count"": 0, ""from_x"": 146.298, ""from_y"": -84.823, ""to_x"": 151.747, ""to_y"": -84.823, ""from_floor"": 2, ""to_floor"": 2}",,,,0.0,,,False,,,{}
AMR-B-2,RETURN-AMR-B-2-3,corridor,2026-01-01 21:14:42,2026-01-01 21:14:47,C2-10,C2-11,,,151.747,-84.823,2,157.38,-84.803,2,completed,58482.573,2026-01-01 21:14:42,segment_corridor,,,,[],[],[],0,0,,C2-10,C2-11,,4.694,0.0,5.633,0.0,0.0,"{""type"": ""corridor"", ""from"": ""C2-10"", ""to"": ""C2-11"", ""duration"": 4.694196254122965, ""distance_m"": 5.633035504947558, ""speed_factor"": 1.0, ""congestion_count"": 0, ""from_x"": 151.747, ""from_y"": -84.823, ""to_x"": 157.38, ""to_y"": -84.803, ""from_floor"": 2, ""to_floor"": 2}",,,,0.0,,,False,,,{}
AMR-B-2,RETURN-AMR-B-2-3,corridor,2026-01-01 21:14:47,2026-01-01 21:14:49,C2-11,AMR-CENTRE,,,157.38,-84.803,2,157.36,-81.619,2,completed,58487.267,2026-01-01 21:14:47,segment_corridor,,,,[],[],[],0,0,,C2-11,AMR-CENTRE,,2.653,0.0,3.184,0.0,0.0,"{""type"": ""corridor"", ""from"": ""C2-11"", ""to"": ""AMR-CENTRE"", ""duration"": 2.6533856778756353, ""distance_m"": 3.1840628134507623, ""speed_factor"": 1.0, ""congestion_count"": 0, ""from_x"": 157.38, ""from_y"": -84.803, ""to_x"": 157.36, ""to_y"": -81.619, ""from_floor"": 2, ""to_floor"": 2}",,,,0.0,,,False,,,{}
AMR-B-2,RETURN-AMR-B-2-3,dropoff,2026-01-01 21:14:49,2026-01-01 21:15:09,,,,,,,,,,,completed,58489.921,2026-01-01 21:14:49,segment_dropoff,,,,[],[],[],0,0,,D4-WASTE,AMR-CENTRE,,20.0,0.0,0.0,0.0,0.0,"{""type"": ""dropoff"", ""location"": ""AMR-CENTRE"", ""duration"": 20.0, ""inventory_space"": """", ""from_x"": null, ""from_y"": null, ""to_x"": null, ""to_y"": null, ""from_floor"": null, ""to_floor"": null}",,,,0.0,,,False,,,{}
AMR-B-2,RETURN-AMR-B-2-3,,2026-01-01 21:15:09,2026-01-01 21:15:09,,,,,,,,,,,finish,58509.921,2026-01-01 21:15:09,task_complete,,,,[],[],[],0,0,,D4-WASTE,AMR-CENTRE,,0.0,0.0,0.0,0.0,0.0,Task RETURN-AMR-B-2-3 completed,,,,0.0,,,False,,,{}
,GEN_WASTE_D44_00002,,2026-01-02 13:00:00,2026-01-02 13:00:00,D4-WASTE,D47-WASTE,,,139.696,-153.083,0,176.0,12.0,0,generated,115200.0,2026-01-02 13:00:00,task_generated,Clinical Waste Bin,Clinical_Waste_Bin-shared_OPD_SET_1-000001,,[],[],[],0,0,,D4-WASTE,D47-WASTE,,0.0,0.0,0.0,0.0,0.0,Generated threshold waste task,department_waste,D44,Clinical,0.616,Clinical Waste Bin,,False,,,{}
AMR-B-1,GEN_WASTE_D44_00002,,2026-01-02 13:00:00,2026-01-02 13:00:01,,,AMR-CENTRE,D47-WASTE,,,,,,,start,115200.0,2026-01-02 13:00:00,task_assigned,Clinical Waste Bin,Clinical_Waste_Bin-shared_OPD_SET_1-000001,,[],[],[],0,0,,D4-WASTE,D47-WASTE,,0.0,0.0,0.0,0.0,341.729,Assigned task to AMR-B-1,department_waste,D44,Clinical,0.616,Clinical Waste Bin,,False,,,{}
AMR-B-1,GEN_WASTE_D44_00002,corridor,2026-01-02 13:00:00,2026-01-02 13:00:02,AMR-CENTRE,C2-11,,,157.36,-81.619,2,157.38,-84.803,2,completed,115200.0,2026-01-02 13:00:00,segment_corridor,,,,[],[],[],0,0,,AMR-CENTRE,C2-11,,2.653,0.0,3.184,0.0,0.0,"{""type"": ""corridor"", ""from"": ""AMR-CENTRE"", ""to"": ""C2-11"", ""duration"": 2.6533856778756353, ""distance_m"": 3.1840628134507623, ""speed_factor"": 1.0, ""congestion_count"": 0, ""from_x"": 157.36, ""from_y"": -81.619, ""to_x"": 157.38, ""to_y"": -84.803, ""from_floor"": 2, ""to_floor"": 2}",,,,0.0,,,False,,,{}
AMR-B-1,GEN_WASTE_D44_00002,corridor,2026-01-02 13:00:02,2026-01-02 13:00:07,C2-11,C2-10,,,157.38,-84.803,2,151.747,-84.823,2,completed,115202.653,2026-01-02 13:00:02,segment_corridor,,,,[],[],[],0,0,,C2-11,C2-10,,4.694,0.0,5.633,0.0,0.0,"{""type"": ""corridor"", ""from"": ""C2-11"", ""to"": ""C2-10"", ""duration"": 4.694196254122965, ""distance_m"": 5.633035504947558, ""speed_factor"": 1.0, ""congestion_count"": 0, ""from_x"": 157.38, ""from_y"": -84.803, ""to_x"": 151.747, ""to_y"": -84.823, ""from_floor"": 2, ""to_floor"": 2}",,,,0.0,,,False,,,{}
AMR-B-1,GEN_WASTE_D44_00002,corridor,2026-01-02 13:00:07,2026-01-02 13:00:11,C2-10,C2-22,,,151.747,-84.823,2,146.298,-84.823,2,completed,115207.348,2026-01-02 13:00:07,segment_corridor,,,,[],[],[],0,0,,C2-10,C2-22,,4.541,0.0,5.449,0.0,0.0,"{""type"": ""corridor"", ""from"": ""C2-10"", ""to"": ""C2-22"", ""duration"": 4.540833333333344, ""distance_m"": 5.449000000000012, ""speed_factor"": 1.0, ""congestion_count"": 0, ""from_x"": 151.747, ""from_y"": -84.823, ""to_x"": 146.298, ""to_y"": -84.823, ""from_floor"": 2, ""to_floor"": 2}",,,,0.0,,,False,,,{}
AMR-B-1,GEN_WASTE_D44_00002,corridor,2026-01-02 13:00:11,2026-01-02 13:00:16,C2-22,C2-12,,,146.298,-84.823,2,140.54,-85.162,2,completed,115211.888,2026-01-02 13:00:11,segment_corridor,,,,[],[],[],0,0,,C2-22,C2-12,,4.807,0.0,5.768,0.0,0.0,"{""type"": ""corridor"", ""from"": ""C2-22"", ""to"": ""C2-12"", ""duration"": 4.806642178046736, ""distance_m"": 5.767970613656082, ""speed_factor"": 1.0, ""congestion_count"": 0, ""from_x"": 146.298, ""from_y"": -84.823, ""to_x"": 140.54, ""to_y"": -85.162, ""from_floor"": 2, ""to_floor"": 2}",,,,0.0,,,False,,,{}
AMR-B-1,GEN_WASTE_D44_00002,corridor,2026-01-02 13:00:16,2026-01-02 13:00:19,C2-12,Lift-2-F2,,,140.54,-85.162,2,140.476,-81.715,2,completed,115216.695,2026-01-02 13:00:16,segment_corridor,,,,[],[],[],0,0,,C2-12,Lift-2-F2,,2.873,0.0,3.448,0.0,0.0,"{""type"": ""corridor"", ""from"": ""C2-12"", ""to"": ""Lift-2-F2"", ""duration"": 2.8729950738635908, ""distance_m"": 3.4475940886363086, ""speed_factor"": 1.0, ""congestion_count"": 0, ""from_x"": 140.54, ""from_y"": -85.162, ""to_x"": 140.476, ""to_y"": -81.715, ""from_floor"": 2, ""to_floor"": 2}",,,,0.0,,,False,,,{}
AMR-B-1,GEN_WASTE_D44_00002,lift_transfer,2026-01-02 13:00:19,2026-01-02 13:00:44,Lift-2-F2,Lift-2-F0,,,140.476,-81.715,2,140.476,-81.715,0,completed,115219.568,2026-01-02 13:00:19,segment_lift_transfer,,,,[],[],[],0,0,,Lift-2-F2,Lift-2-F0,Lift-2,24.444,0.0,8.0,0.02086538461538462,0.0,"{""type"": ""lift_transfer"", ""lift_id"": ""Lift-2"", ""from"": ""Lift-2-F2"", ""to"": ""Lift-2-F0"", ""from_floor"": 2, ""to_floor"": 0, ""wait_time"": 0.0, ""duration"": 24.444444444437977, ""distance_m"": 8.0, ""vertical_distance_m"": 8.0, ""energy_kwh"": 0.02086538461538462, ""from_x"": 140.476, ""from_y"": -81.715, ""to_x"": 140.476, ""to_y"": -81.715}",,,,0.0,,,False,,,{}
AMR-B-1,GEN_WASTE_D44_00002,corridor,2026-01-02 13:00:44,2026-01-02 13:00:46,Lift-2-F0,C0-23,,,140.476,-81.715,0,140.608,-84.673,0,completed,115244.012,2026-01-02 13:00:44,segment_corridor,,,,[],[],[],0,0,,Lift-2-F0,C0-23,,2.467,0.0,2.961,0.0,0.0,"{""type"": ""corridor"", ""from"": ""Lift-2-F0"", ""to"": ""C0-23"", ""duration"": 2.4674531403858504, ""distance_m"": 2.96094376846302, ""speed_factor"": 1.0, ""congestion_count"": 0, ""from_x"": 140.476, ""from_y"": -81.715, ""to_x"": 140.608, ""to_y"": -84.673, ""from_floor"": 0, ""to_floor"": 0}",,,,0.0,,,False,,,{}
AMR-B-1,GEN_WASTE_D44_00002,corridor,2026-01-02 13:00:46,2026-01-02 13:00:55,C0-23,C0-9,,,140.608,-84.673,0,151.815,-84.679,0,completed,115246.48,2026-01-02 13:00:46,segment_corridor,,,,[],[],[],0,0,,C0-23,C0-9,,9.339,0.0,11.207,0.0,0.0,"{""type"": ""corridor"", ""from"": ""C0-23"", ""to"": ""C0-9"", ""duration"": 9.33916800511575, ""distance_m"": 11.207001606138899, ""speed_factor"": 1.0, ""congestion_count"": 0, ""from_x"": 140.608, ""from_y"": -84.673, ""to_x"": 151.815, ""to_y"": -84.679, ""from_floor"": 0, ""to_floor"": 0}",,,,0.0,,,False,,,{}
AMR-B-1,GEN_WASTE_D44_00002,corridor,2026-01-02 13:00:55,2026-01-02 13:01:02,C0-9,C0-78,,,151.815,-84.679,0,151.853,-93.062,0,completed,115255.819,2026-01-02 13:00:55,segment_corridor,,,,[],[],[],0,0,,C0-9,C0-78,,6.986,0.0,8.383,0.0,0.0,"{""type"": ""corridor"", ""from"": ""C0-9"", ""to"": ""C0-78"", ""duration"": 6.9859051052021055, ""distance_m"": 8.383086126242526, ""speed_factor"": 1.0, ""congestion_count"": 0, ""from_x"": 151.815, ""from_y"": -84.679, ""to_x"": 151.853, ""to_y"": -93.062, ""from_floor"": 0, ""to_floor"": 0}",,,,0.0,,,False,,,{}
AMR-B-1,GEN_WASTE_D44_00002,corridor,2026-01-02 13:01:02,2026-01-02 13:01:11,C0-78,C0-10,,,151.853,-93.062,0,151.906,-103.332,0,completed,115262.805,2026-01-02 13:01:02,segment_corridor,,,,[],[],[],0,0,,C0-78,C0-10,,8.558,0.0,10.27,0.0,0.0,"{""type"": ""corridor"", ""from"": ""C0-78"", ""to"": ""C0-10"", ""duration"": 8.558447297196428, ""distance_m"": 10.270136756635713, ""speed_factor"": 1.0, ""congestion_count"": 0, ""from_x"": 151.853, ""from_y"": -93.062, ""to_x"": 151.906, ""to_y"": -103.332, ""from_floor"": 0, ""to_floor"": 0}",,,,0.0,,,False,,,{}
AMR-B-1,GEN_WASTE_D44_00002,corridor,2026-01-02 13:01:11,2026-01-02 13:01:17,C0-10,C0-107,,,151.906,-103.332,0,151.875,-110.231,0,completed,115271.363,2026-01-02 13:01:11,segment_corridor,,,,[],[],[],0,0,,C0-10,C0-107,,5.749,0.0,6.899,0.0,0.0,"{""type"": ""corridor"", ""from"": ""C0-10"", ""to"": ""C0-107"", ""duration"": 5.749224706186238, ""distance_m"": 6.899069647423485, ""speed_factor"": 1.0, ""congestion_count"": 0, ""from_x"": 151.906, ""from_y"": -103.332, ""to_x"": 151.875, ""to_y"": -110.231, ""from_floor"": 0, ""to_floor"": 0}",,,,0.0,,,False,,,{}
AMR-B-1,GEN_WASTE_D44_00002,corridor,2026-01-02 13:01:17,2026-01-02 13:01:24,C0-107,C0-82,,,151.875,-110.231,0,151.957,-118.723,0,completed,115277.113,2026-01-02 13:01:17,segment_corridor,,,,[],[],[],0,0,,C0-107,C0-82,,7.077,0.0,8.492,0.0,0.0,"{""type"": ""corridor"", ""from"": ""C0-107"", ""to"": ""C0-82"", ""duration"": 7.076996577331065, ""distance_m"": 8.492395892797278, ""speed_factor"": 1.0, ""congestion_count"": 0, ""from_x"": 151.875, ""from_y"": -110.231, ""to_x"": 151.957, ""to_y"": -118.723, ""from_floor"": 0, ""to_floor"": 0}",,,,0.0,,,False,,,{}
AMR-B-1,GEN_WASTE_D44_00002,corridor,2026-01-02 13:01:24,2026-01-02 13:01:27,C0-82,C0-12,,,151.957,-118.723,0,151.969,-122.524,0,completed,115284.19,2026-01-02 13:01:24,segment_corridor,,,,[],[],[],0,0,,C0-82,C0-12,,3.168,0.0,3.801,0.0,0.0,"{""type"": ""corridor"", ""from"": ""C0-82"", ""to"": ""C0-12"", ""duration"": 3.167515785280321, ""distance_m"": 3.8010189423363854, ""speed_factor"": 1.0, ""congestion_count"": 0, ""from_x"": 151.957, ""from_y"": -118.723, ""to_x"": 151.969, ""to_y"": -122.524, ""from_floor"": 0, ""to_floor"": 0}",,,,0.0,,,False,,,{}
AMR-B-1,GEN_WASTE_D44_00002,corridor,2026-01-02 13:01:27,2026-01-02 13:01:35,C0-12,C0-13,,,151.969,-122.524,0,151.939,-132.199,0,completed,115287.357,2026-01-02 13:01:27,segment_corridor,,,,[],[],[],0,0,,C0-12,C0-13,,8.063,0.0,9.675,0.0,0.0,"{""type"": ""corridor"", ""from"": ""C0-12"", ""to"": ""C0-13"", ""duration"": 8.062538759596766, ""distance_m"": 9.675046511516118, ""speed_factor"": 1.0, ""congestion_count"": 0, ""from_x"": 151.969, ""from_y"": -122.524, ""to_x"": 151.939, ""to_y"": -132.199, ""from_floor"": 0, ""to_floor"": 0}",,,,0.0,,,False,,,{}
AMR-B-1,GEN_WASTE_D44_00002,corridor,2026-01-02 13:01:35,2026-01-02 13:01:43,C0-13,C0-14,,,151.939,-132.199,0,142.333,-132.392,0,completed,115295.42,2026-01-02 13:01:35,segment_corridor,,,,[],[],[],0,0,,C0-13,C0-14,,8.007,0.0,9.608,0.0,0.0,"{""type"": ""corridor"", ""from"": ""C0-13"", ""to"": ""C0-14"", ""duration"": 8.006615537236133, ""distance_m"": 9.607938644683358, ""speed_factor"": 1.0, ""congestion_count"": 0, ""from_x"": 151.939, ""from_y"": -132.199, ""to_x"": 142.333, ""to_y"": -132.392, ""from_floor"": 0, ""to_floor"": 0}",,,,0.0,,,False,,,{}
AMR-B-1,GEN_WASTE_D44_00002,corridor,2026-01-02 13:01:43,2026-01-02 13:01:46,C0-14,C0-15,,,142.333,-132.392,0,142.311,-135.582,0,completed,115303.426,2026-01-02 13:01:43,segment_corridor,,,,[],[],[],0,0,,C0-14,C0-15,,2.658,0.0,3.19,0.0,0.0,"{""type"": ""corridor"", ""from"": ""C0-14"", ""to"": ""C0-15"", ""duration"": 2.6583965509724488, ""distance_m"": 3.1900758611669384, ""speed_factor"": 1.0, ""congestion_count"": 0, ""from_x"": 142.333, ""from_y"": -132.392, ""to_x"": 142.311, ""to_y"": -135.582, ""from_floor"": 0, ""to_floor"": 0}",,,,0.0,,,False,,,{}
AMR-B-1,GEN_WASTE_D44_00002,corridor,2026-01-02 13:01:46,2026-01-02 13:01:48,C0-15,C0-44,,,142.311,-135.582,0,142.385,-138.767,0,completed,115306.085,2026-01-02 13:01:46,segment_corridor,,,,[],[],[],0,0,,C0-15,C0-44,,2.655,0.0,3.186,0.0,0.0,"{""type"": ""corridor"", ""from"": ""C0-15"", ""to"": ""C0-44"", ""duration"": 2.6548829488740613, ""distance_m"": 3.1858595386488733, ""speed_factor"": 1.0, ""congestion_count"": 0, ""from_x"": 142.311, ""from_y"": -135.582, ""to_x"": 142.385, ""to_y"": -138.767, ""from_floor"": 0, ""to_floor"": 0}",,,,0.0,,,False,,,{}
AMR-B-1,GEN_WASTE_D44_00002,corridor,2026-01-02 13:01:48,2026-01-02 13:01:55,C0-44,C0-45,,,142.385,-138.767,0,142.637,-146.743,0,completed,115308.74,2026-01-02 13:01:48,segment_corridor,,,,[],[],[],0,0,,C0-44,C0-45,,6.65,0.0,7.98,0.0,0.0,"{""type"": ""corridor"", ""from"": ""C0-44"", ""to"": ""C0-45"", ""duration"": 6.649983291541249, ""distance_m"": 7.979979949849498, ""speed_factor"": 1.0, ""congestion_count"": 0, ""from_x"": 142.385, ""from_y"": -138.767, ""to_x"": 142.637, ""to_y"": -146.743, ""from_floor"": 0, ""to_floor"": 0}",,,,0.0,,,False,,,{}
AMR-B-1,GEN_WASTE_D44_00002,corridor,2026-01-02 13:01:55,2026-01-02 13:01:58,C0-45,C0-16,,,142.637,-146.743,0,142.744,-150.046,0,completed,115315.39,2026-01-02 13:01:55,segment_corridor,,,,[],[],[],0,0,,C0-45,C0-16,,2.754,0.0,3.305,0.0,0.0,"{""type"": ""corridor"", ""from"": ""C0-45"", ""to"": ""C0-16"", ""duration"": 2.7539438891241836, ""distance_m"": 3.30473266694902, ""speed_factor"": 1.0, ""congestion_count"": 0, ""from_x"": 142.637, ""from_y"": -146.743, ""to_x"": 142.744, ""to_y"": -150.046, ""from_floor"": 0, ""to_floor"": 0}",,,,0.0,,,False,,,{}
AMR-B-1,GEN_WASTE_D44_00002,corridor,2026-01-02 13:01:58,2026-01-02 13:02:00,C0-16,C0-17,,,142.744,-150.046,0,139.652,-150.053,0,completed,115318.144,2026-01-02 13:01:58,segment_corridor,,,,[],[],[],0,0,,C0-16,C0-17,,2.577,0.0,3.092,0.0,0.0,"{""type"": ""corridor"", ""from"": ""C0-16"", ""to"": ""C0-17"", ""duration"": 2.5766732697198815, ""distance_m"": 3.0920079236638576, ""speed_factor"": 1.0, ""congestion_count"": 0, ""from_x"": 142.744, ""from_y"": -150.046, ""to_x"": 139.652, ""to_y"": -150.053, ""from_floor"": 0, ""to_floor"": 0}",,,,0.0,,,False,,,{}
AMR-B-1,GEN_WASTE_D44_00002,corridor,2026-01-02 13:02:00,2026-01-02 13:02:03,C0-17,D4-WASTE,,,139.652,-150.053,0,139.696,-153.083,0,completed,115320.72,2026-01-02 13:02:00,segment_corridor,,,,[],[],[],0,0,,C0-17,D4-WASTE,,2.525,0.0,3.03,0.0,0.0,"{""type"": ""corridor"", ""from"": ""C0-17"", ""to"": ""D4-WASTE"", ""duration"": 2.5252662125891696, ""distance_m"": 3.0303194551070036, ""speed_factor"": 1.0, ""congestion_count"": 0, ""from_x"": 139.652, ""from_y"": -150.053, ""to_x"": 139.696, ""to_y"": -153.083, ""from_floor"": 0, ""to_floor"": 0}",,,,0.0,,,False,,,{}
AMR-B-1,GEN_WASTE_D44_00002,pickup,2026-01-02 13:02:03,2026-01-02 13:02:23,,,,,,,,,,,completed,115323.246,2026-01-02 13:02:03,segment_pickup,Clinical Waste Bin,Clinical_Waste_Bin-shared_OPD_SET_1-000001,,[],[],[],0,0,,D4-WASTE,D47-WASTE,,20.0,0.0,0.0,0.0,0.0,"{""type"": ""pickup"", ""location"": ""D4-WASTE"", ""duration"": 20.0, ""from_x"": null, ""from_y"": null, ""to_x"": null, ""to_y"": null, ""from_floor"": null, ""to_floor"": null}",,,,0.0,,,False,,,{}
AMR-B-1,GEN_WASTE_D44_00002,corridor,2026-01-02 13:02:23,2026-01-02 13:02:26,D4-WASTE,C0-17,,,139.696,-153.083,0,139.652,-150.053,0,completed,115343.246,2026-01-02 13:02:23,segment_corridor,Clinical Waste Bin,Clinical_Waste_Bin-shared_OPD_SET_1-000001,,[],[],[],0,0,,D4-WASTE,C0-17,,2.971,0.0,3.03,0.0,0.0,"{""type"": ""corridor"", ""from"": ""D4-WASTE"", ""to"": ""C0-17"", ""duration"": 2.9709014265754936, ""distance_m"": 3.0303194551070036, ""speed_factor"": 0.85, ""congestion_count"": 1, ""from_x"": 139.696, ""from_y"": -153.083, ""to_x"": 139.652, ""to_y"": -150.053, ""from_floor"": 0, ""to_floor"": 0}",,,,0.0,,,False,,,{}
AMR-B-1,GEN_WASTE_D44_00002,corridor,2026-01-02 13:02:26,2026-01-02 13:02:29,C0-17,C0-16,,,139.652,-150.053,0,142.744,-150.046,0,completed,115346.216,2026-01-02 13:02:26,segment_corridor,Clinical Waste Bin,Clinical_Waste_Bin-shared_OPD_SET_1-000001,,[],[],[],0,0,,C0-17,C0-16,,3.031,0.0,3.092,0.0,0.0,"{""type"": ""corridor"", ""from"": ""C0-17"", ""to"": ""C0-16"", ""duration"": 3.031380317317508, ""distance_m"": 3.0920079236638576, ""speed_factor"": 0.85, ""congestion_count"": 1, ""from_x"": 139.652, ""from_y"": -150.053, ""to_x"": 142.744, ""to_y"": -150.046, ""from_floor"": 0, ""to_floor"": 0}",,,,0.0,,,False,,,{}
AMR-B-1,GEN_WASTE_D44_00002,corridor,2026-01-02 13:02:29,2026-01-02 13:02:32,C0-16,C0-45,,,142.744,-150.046,0,142.637,-146.743,0,completed,115349.248,2026-01-02 13:02:29,segment_corridor,Clinical Waste Bin,Clinical_Waste_Bin-shared_OPD_SET_1-000001,,[],[],[],0,0,,C0-16,C0-45,,2.754,0.0,3.305,0.0,0.0,"{""type"": ""corridor"", ""from"": ""C0-16"", ""to"": ""C0-45"", ""duration"": 2.7539438891241836, ""distance_m"": 3.30473266694902, ""speed_factor"": 1.0, ""congestion_count"": 0, ""from_x"": 142.744, ""from_y"": -150.046, ""to_x"": 142.637, ""to_y"": -146.743, ""from_floor"": 0, ""to_floor"": 0}",,,,0.0,,,False,,,{}
AMR-B-1,GEN_WASTE_D44_00002,corridor,2026-01-02 13:02:32,2026-01-02 13:02:38,C0-45,C0-44,,,142.637,-146.743,0,142.385,-138.767,0,completed,115352.002,2026-01-02 13:02:32,segment_corridor,Clinical Waste Bin,Clinical_Waste_Bin-shared_OPD_SET_1-000001,,[],[],[],0,0,,C0-45,C0-44,,6.65,0.0,7.98,0.0,0.0,"{""type"": ""corridor"", ""from"": ""C0-45"", ""to"": ""C0-44"", ""duration"": 6.649983291541249, ""distance_m"": 7.979979949849498, ""speed_factor"": 1.0, ""congestion_count"": 0, ""from_x"": 142.637, ""from_y"": -146.743, ""to_x"": 142.385, ""to_y"": -138.767, ""from_floor"": 0, ""to_floor"": 0}",,,,0.0,,,False,,,{}
AMR-B-1,GEN_WASTE_D44_00002,corridor,2026-01-02 13:02:38,2026-01-02 13:02:41,C0-44,C0-15,,,142.385,-138.767,0,142.311,-135.582,0,completed,115358.652,2026-01-02 13:02:38,segment_corridor,Clinical Waste Bin,Clinical_Waste_Bin-shared_OPD_SET_1-000001,,[],[],[],0,0,,C0-44,C0-15,,2.655,0.0,3.186,0.0,0.0,"{""type"": ""corridor"", ""from"": ""C0-44"", ""to"": ""C0-15"", ""duration"": 2.6548829488740613, ""distance_m"": 3.1858595386488733, ""speed_factor"": 1.0, ""congestion_count"": 0, ""from_x"": 142.385, ""from_y"": -138.767, ""to_x"": 142.311, ""to_y"": -135.582, ""from_floor"": 0, ""to_floor"": 0}",,,,0.0,,,False,,,{}
AMR-B-1,GEN_WASTE_D44_00002,corridor,2026-01-02 13:02:41,2026-01-02 13:02:43,C0-15,C0-14,,,142.311,-135.582,0,142.333,-132.392,0,completed,115361.307,2026-01-02 13:02:41,segment_corridor,Clinical Waste Bin,Clinical_Waste_Bin-shared_OPD_SET_1-000001,,[],[],[],0,0,,C0-15,C0-14,,2.658,0.0,3.19,0.0,0.0,"{""type"": ""corridor"", ""from"": ""C0-15"", ""to"": ""C0-14"", ""duration"": 2.6583965509724488, ""distance_m"": 3.1900758611669384, ""speed_factor"": 1.0, ""congestion_count"": 0, ""from_x"": 142.311, ""from_y"": -135.582, ""to_x"": 142.333, ""to_y"": -132.392, ""from_floor"": 0, ""to_floor"": 0}",,,,0.0,,,False,,,{}
AMR-B-1,GEN_WASTE_D44_00002,corridor,2026-01-02 13:02:43,2026-01-02 13:02:51,C0-14,C0-13,,,142.333,-132.392,0,151.939,-132.199,0,completed,115363.965,2026-01-02 13:02:43,segment_corridor,Clinical Waste Bin,Clinical_Waste_Bin-shared_OPD_SET_1-000001,,[],[],[],0,0,,C0-14,C0-13,,8.007,0.0,9.608,0.0,0.0,"{""type"": ""corridor"", ""from"": ""C0-14"", ""to"": ""C0-13"", ""duration"": 8.006615537236133, ""distance_m"": 9.607938644683358, ""speed_factor"": 1.0, ""congestion_count"": 0, ""from_x"": 142.333, ""from_y"": -132.392, ""to_x"": 151.939, ""to_y"": -132.199, ""from_floor"": 0, ""to_floor"": 0}",,,,0.0,,,False,,,{}
AMR-B-1,GEN_WASTE_D44_00002,corridor,2026-01-02 13:02:51,2026-01-02 13:03:00,C0-13,C0-12,,,151.939,-132.199,0,151.969,-122.524,0,completed,115371.972,2026-01-02 13:02:51,segment_corridor,Clinical Waste Bin,Clinical_Waste_Bin-shared_OPD_SET_1-000001,,[],[],[],0,0,,C0-13,C0-12,,8.063,0.0,9.675,0.0,0.0,"{""type"": ""corridor"", ""from"": ""C0-13"", ""to"": ""C0-12"", ""duration"": 8.062538759596766, ""distance_m"": 9.675046511516118, ""speed_factor"": 1.0, ""congestion_count"": 0, ""from_x"": 151.939, ""from_y"": -132.199, ""to_x"": 151.969, ""to_y"": -122.524, ""from_floor"": 0, ""to_floor"": 0}",,,,0.0,,,False,,,{}
AMR-B-1,GEN_WASTE_D44_00002,corridor,2026-01-02 13:03:00,2026-01-02 13:03:03,C0-12,C0-82,,,151.969,-122.524,0,151.957,-118.723,0,completed,115380.034,2026-01-02 13:03:00,segment_corridor,Clinical Waste Bin,Clinical_Waste_Bin-shared_OPD_SET_1-000001,,[],[],[],0,0,,C0-12,C0-82,,3.168,0.0,3.801,0.0,0.0,"{""type"": ""corridor"", ""from"": ""C0-12"", ""to"": ""C0-82"", ""duration"": 3.167515785280321, ""distance_m"": 3.8010189423363854, ""speed_factor"": 1.0, ""congestion_count"": 0, ""from_x"": 151.969, ""from_y"": -122.524, ""to_x"": 151.957, ""to_y"": -118.723, ""from_floor"": 0, ""to_floor"": 0}",,,,0.0,,,False,,,{}
AMR-B-1,GEN_WASTE_D44_00002,corridor,2026-01-02 13:03:03,2026-01-02 13:03:10,C0-82,C0-107,,,151.957,-118.723,0,151.875,-110.231,0,completed,115383.202,2026-01-02 13:03:03,segment_corridor,Clinical Waste Bin,Clinical_Waste_Bin-shared_OPD_SET_1-000001,,[],[],[],0,0,,C0-82,C0-107,,7.077,0.0,8.492,0.0,0.0,"{""type"": ""corridor"", ""from"": ""C0-82"", ""to"": ""C0-107"", ""duration"": 7.076996577331065, ""distance_m"": 8.492395892797278, ""speed_factor"": 1.0, ""congestion_count"": 0, ""from_x"": 151.957, ""from_y"": -118.723, ""to_x"": 151.875, ""to_y"": -110.231, ""from_floor"": 0, ""to_floor"": 0}",,,,0.0,,,False,,,{}
AMR-B-1,GEN_WASTE_D44_00002,corridor,2026-01-02 13:03:10,2026-01-02 13:03:16,C0-107,C0-10,,,151.875,-110.231,0,151.906,-103.332,0,completed,115390.279,2026-01-02 13:03:10,segment_corridor,Clinical Waste Bin,Clinical_Waste_Bin-shared_OPD_SET_1-000001,,[],[],[],0,0,,C0-107,C0-10,,5.749,0.0,6.899,0.0,0.0,"{""type"": ""corridor"", ""from"": ""C0-107"", ""to"": ""C0-10"", ""duration"": 5.749224706186238, ""distance_m"": 6.899069647423485, ""speed_factor"": 1.0, ""congestion_count"": 0, ""from_x"": 151.875, ""from_y"": -110.231, ""to_x"": 151.906, ""to_y"": -103.332, ""from_floor"": 0, ""to_floor"": 0}",,,,0.0,,,False,,,{}
AMR-B-1,GEN_WASTE_D44_00002,corridor,2026-01-02 13:03:16,2026-01-02 13:03:24,C0-10,C0-78,,,151.906,-103.332,0,151.853,-93.062,0,completed,115396.028,2026-01-02 13:03:16,segment_corridor,Clinical Waste Bin,Clinical_Waste_Bin-shared_OPD_SET_1-000001,,[],[],[],0,0,,C0-10,C0-78,,8.558,0.0,10.27,0.0,0.0,"{""type"": ""corridor"", ""from"": ""C0-10"", ""to"": ""C0-78"", ""duration"": 8.558447297196428, ""distance_m"": 10.270136756635713, ""speed_factor"": 1.0, ""congestion_count"": 0, ""from_x"": 151.906, ""from_y"": -103.332, ""to_x"": 151.853, ""to_y"": -93.062, ""from_floor"": 0, ""to_floor"": 0}",,,,0.0,,,False,,,{}
AMR-B-1,GEN_WASTE_D44_00002,corridor,2026-01-02 13:03:24,2026-01-02 13:03:31,C0-78,C0-9,,,151.853,-93.062,0,151.815,-84.679,0,completed,115404.586,2026-01-02 13:03:24,segment_corridor,Clinical Waste Bin,Clinical_Waste_Bin-shared_OPD_SET_1-000001,,[],[],[],0,0,,C0-78,C0-9,,6.986,0.0,8.383,0.0,0.0,"{""type"": ""corridor"", ""from"": ""C0-78"", ""to"": ""C0-9"", ""duration"": 6.9859051052021055, ""distance_m"": 8.383086126242526, ""speed_factor"": 1.0, ""congestion_count"": 0, ""from_x"": 151.853, ""from_y"": -93.062, ""to_x"": 151.815, ""to_y"": -84.679, ""from_floor"": 0, ""to_floor"": 0}",,,,0.0,,,False,,,{}
AMR-B-1,GEN_WASTE_D44_00002,corridor,2026-01-02 13:03:31,2026-01-02 13:03:39,C0-9,C0-8,,,151.815,-84.679,0,151.852,-75.529,0,completed,115411.572,2026-01-02 13:03:31,segment_corridor,Clinical Waste Bin,Clinical_Waste_Bin-shared_OPD_SET_1-000001,,[],[],[],0,0,,C0-9,C0-8,,7.625,0.0,9.15,0.0,0.0,"{""type"": ""corridor"", ""from"": ""C0-9"", ""to"": ""C0-8"", ""duration"": 7.625062340364472, ""distance_m"": 9.150074808437367, ""speed_factor"": 1.0, ""congestion_count"": 0, ""from_x"": 151.815, ""from_y"": -84.679, ""to_x"": 151.852, ""to_y"": -75.529, ""from_floor"": 0, ""to_floor"": 0}",,,,0.0,,,False,,,{}
AMR-B-1,GEN_WASTE_D44_00002,corridor,2026-01-02 13:03:39,2026-01-02 13:03:56,C0-8,C0-105,,,151.852,-75.529,0,172.881,-75.288,0,completed,115419.197,2026-01-02 13:03:39,segment_corridor,Clinical Waste Bin,Clinical_Waste_Bin-shared_OPD_SET_1-000001,,[],[],[],0,0,,C0-8,C0-105,,17.525,0.0,21.03,0.0,0.0,"{""type"": ""corridor"", ""from"": ""C0-8"", ""to"": ""C0-105"", ""duration"": 17.525317440459926, ""distance_m"": 21.03038092855191, ""speed_factor"": 1.0, ""congestion_count"": 0, ""from_x"": 151.852, ""from_y"": -75.529, ""to_x"": 172.881, ""to_y"": -75.288, ""from_floor"": 0, ""to_floor"": 0}",,,,0.0,,,False,,,{}
AMR-B-1,GEN_WASTE_D44_00002,corridor,2026-01-02 13:03:56,2026-01-02 13:04:04,C0-105,C0-6,,,172.881,-75.288,0,181.948,-75.288,0,completed,115436.723,2026-01-02 13:03:56,segment_corridor,Clinical Waste Bin,Clinical_Waste_Bin-shared_OPD_SET_1-000001,,[],[],[],0,0,,C0-105,C0-6,,7.556,0.0,9.067,0.0,0.0,"{""type"": ""corridor"", ""from"": ""C0-105"", ""to"": ""C0-6"", ""duration"": 7.555833333333339, ""distance_m"": 9.067000000000007, ""speed_factor"": 1.0, ""congestion_count"": 0, ""from_x"": 172.881, ""from_y"": -75.288, ""to_x"": 181.948, ""to_y"": -75.288, ""from_floor"": 0, ""to_floor"": 0}",,,,0.0,,,False,,,{}
AMR-B-1,GEN_WASTE_D44_00002,corridor,2026-01-02 13:04:04,2026-01-02 13:04:13,C0-6,C0-5,,,181.948,-75.288,0,181.917,-63.981,0,completed,115444.278,2026-01-02 13:04:04,segment_corridor,Clinical Waste Bin,Clinical_Waste_Bin-shared_OPD_SET_1-000001,,[],[],[],0,0,,C0-6,C0-5,,9.423,0.0,11.307,0.0,0.0,"{""type"": ""corridor"", ""from"": ""C0-6"", ""to"": ""C0-5"", ""duration"": 9.422535413099334, ""distance_m"": 11.3070424957192, ""speed_factor"": 1.0, ""congestion_count"": 0, ""from_x"": 181.948, ""from_y"": -75.288, ""to_x"": 181.917, ""to_y"": -63.981, ""from_floor"": 0, ""to_floor"": 0}",,,,0.0,,,False,,,{}
AMR-B-1,GEN_WASTE_D44_00002,corridor,2026-01-02 13:04:13,2026-01-02 13:04:28,C0-5,C0-104,,,181.917,-63.981,0,181.881,-46.498,0,completed,115453.701,2026-01-02 13:04:13,segment_corridor,Clinical Waste Bin,Clinical_Waste_Bin-shared_OPD_SET_1-000001,,[],[],[],0,0,,C0-5,C0-104,,14.569,0.0,17.483,0.0,0.0,"{""type"": ""corridor"", ""from"": ""C0-5"", ""to"": ""C0-104"", ""duration"": 14.569197553781445, ""distance_m"": 17.483037064537733, ""speed_factor"": 1.0, ""congestion_count"": 0, ""from_x"": 181.917, ""from_y"": -63.981, ""to_x"": 181.881, ""to_y"": -46.498, ""from_floor"": 0, ""to_floor"": 0}",,,,0.0,,,False,,,{}
AMR-B-1,GEN_WASTE_D44_00002,corridor,2026-01-02 13:04:28,2026-01-02 13:04:32,C0-104,C0-4,,,181.881,-46.498,0,181.948,-41.989,0,completed,115468.27,2026-01-02 13:04:28,segment_corridor,Clinical Waste Bin,Clinical_Waste_Bin-shared_OPD_SET_1-000001,,[],[],[],0,0,,C0-104,C0-4,,3.758,0.0,4.509,0.0,0.0,"{""type"": ""corridor"", ""from"": ""C0-104"", ""to"": ""C0-4"", ""duration"": 3.757914795616196, ""distance_m"": 4.509497754739435, ""speed_factor"": 1.0, ""congestion_count"": 0, ""from_x"": 181.881, ""from_y"": -46.498, ""to_x"": 181.948, ""to_y"": -41.989, ""from_floor"": 0, ""to_floor"": 0}",,,,0.0,,,False,,,{}
AMR-B-1,GEN_WASTE_D44_00002,corridor,2026-01-02 13:04:32,2026-01-02 13:04:35,C0-4,C0-46,,,181.948,-41.989,0,181.989,-38.315,0,completed,115472.028,2026-01-02 13:04:32,segment_corridor,Clinical Waste Bin,Clinical_Waste_Bin-shared_OPD_SET_1-000001,,[],[],[],0,0,,C0-4,C0-46,,3.062,0.0,3.674,0.0,0.0,"{""type"": ""corridor"", ""from"": ""C0-4"", ""to"": ""C0-46"", ""duration"": 3.0618573021760644, ""distance_m"": 3.674228762611277, ""speed_factor"": 1.0, ""congestion_count"": 0, ""from_x"": 181.948, ""from_y"": -41.989, ""to_x"": 181.989, ""to_y"": -38.315, ""from_floor"": 0, ""to_floor"": 0}",,,,0.0,,,False,,,{}
AMR-B-1,GEN_WASTE_D44_00002,corridor,2026-01-02 13:04:35,2026-01-02 13:05:09,C0-46,C0-47,,,181.989,-38.315,0,182.032,2.94,0,completed,115475.09,2026-01-02 13:04:35,segment_corridor,Clinical Waste Bin,Clinical_Waste_Bin-shared_OPD_SET_1-000001,,[],[],[],0,0,,C0-46,C0-47,,34.379,0.0,41.255,0.0,0.0,"{""type"": ""corridor"", ""from"": ""C0-46"", ""to"": ""C0-47"", ""duration"": 34.37918534116569, ""distance_m"": 41.255022409398826, ""speed_factor"": 1.0, ""congestion_count"": 0, ""from_x"": 181.989, ""from_y"": -38.315, ""to_x"": 182.032, ""to_y"": 2.94, ""from_floor"": 0, ""to_floor"": 0}",,,,0.0,,,False,,,{}
AMR-B-1,GEN_WASTE_D44_00002,corridor,2026-01-02 13:05:09,2026-01-02 13:05:16,C0-47,C0-48,,,182.032,2.94,0,182.055,11.583,0,completed,115509.469,2026-01-02 13:05:09,segment_corridor,Clinical Waste Bin,Clinical_Waste_Bin-shared_OPD_SET_1-000001,,[],[],[],0,0,,C0-47,C0-48,,7.203,0.0,8.643,0.0,0.0,"{""type"": ""corridor"", ""from"": ""C0-47"", ""to"": ""C0-48"", ""duration"": 7.202525502288148, ""distance_m"": 8.643030602745776, ""speed_factor"": 1.0, ""congestion_count"": 0, ""from_x"": 182.032, ""from_y"": 2.94, ""to_x"": 182.055, ""to_y"": 11.583, ""from_floor"": 0, ""to_floor"": 0}",,,,0.0,,,False,,,{}
AMR-B-1,GEN_WASTE_D44_00002,corridor,2026-01-02 13:05:16,2026-01-02 13:05:21,C0-48,D47-WASTE,,,182.055,11.583,0,176.0,12.0,0,completed,115516.672,2026-01-02 13:05:16,segment_corridor,Clinical Waste Bin,Clinical_Waste_Bin-shared_OPD_SET_1-000001,,[],[],[],0,0,,C0-48,D47-WASTE,,5.058,0.0,6.069,0.0,0.0,"{""type"": ""corridor"", ""from"": ""C0-48"", ""to"": ""D47-WASTE"", ""duration"": 5.057785115816788, ""distance_m"": 6.069342138980145, ""speed_factor"": 1.0, ""congestion_count"": 0, ""from_x"": 182.055, ""from_y"": 11.583, ""to_x"": 176.0, ""to_y"": 12.0, ""from_floor"": 0, ""to_floor"": 0}",,,,0.0,,,False,,,{}
AMR-B-1,GEN_WASTE_D44_00002,dropoff,2026-01-02 13:05:21,2026-01-02 13:05:41,,,,,,,,,,,completed,115521.729,2026-01-02 13:05:21,segment_dropoff,Clinical Waste Bin,Clinical_Waste_Bin-shared_OPD_SET_1-000001,,[],[],[],0,0,,D4-WASTE,D47-WASTE,,20.0,0.0,0.0,0.0,0.0,"{""type"": ""dropoff"", ""location"": ""D47-WASTE"", ""duration"": 20.0, ""inventory_space"": """", ""from_x"": null, ""from_y"": null, ""to_x"": null, ""to_y"": null, ""from_floor"": null, ""to_floor"": null}",,,,0.0,,,False,,,{}
AMR-B-1,GEN_WASTE_D44_00002,,2026-01-02 13:05:41,2026-01-02 13:05:41,,,,,,,,,,,finish,115541.729,2026-01-02 13:05:41,task_complete,Clinical Waste Bin,Clinical_Waste_Bin-shared_OPD_SET_1-000001,,[],[],[],0,0,,D4-WASTE,D47-WASTE,,0.0,0.0,0.0,0.0,0.0,Task GEN_WASTE_D44_00002 completed,department_waste,D44,Clinical,0.616,Clinical Waste Bin,,False,,,{}
,RETURN-GEN_WASTE_D44_00002-4,,2026-01-02 13:05:41,2026-01-02 13:05:41,D47-WASTE,D4-WASTE,,,176.0,12.0,0,139.696,-153.083,0,generated,115541.729,2026-01-02 13:05:41,return_task_generated,Clinical Waste Bin,Clinical_Waste_Bin-shared_OPD_SET_1-000001,,[],[],[],0,0,,D47-WASTE,D4-WASTE,,0.0,0.0,0.0,0.0,0.0,Generated delayed return for GEN_WASTE_D44_00002,task_generation_return,D44,,0.0,Clinical Waste Bin,,False,,,{}
AMR-B-1,RETURN-AMR-B-1-5,,2026-01-02 13:05:41,2026-01-02 13:05:42,,,D47-WASTE,AMR-CENTRE,,,,,,,start,115541.729,2026-01-02 13:05:41,task_assigned,,,,[],[],[],0,0,,D47-WASTE,AMR-CENTRE,,0.0,0.0,0.0,0.0,205.976,Assigned task to AMR-B-1,,,,0.0,,,False,,,{}
AMR-B-1,RETURN-AMR-B-1-5,pickup,2026-01-02 13:05:41,2026-01-02 13:06:01,,,,,,,,,,,completed,115541.729,2026-01-02 13:05:41,segment_pickup,,,,[],[],[],0,0,,D47-WASTE,AMR-CENTRE,,20.0,0.0,0.0,0.0,0.0,"{""type"": ""pickup"", ""location"": ""D47-WASTE"", ""duration"": 20.0, ""from_x"": null, ""from_y"": null, ""to_x"": null, ""to_y"": null, ""from_floor"": null, ""to_floor"": null}",,,,0.0,,,False,,,{}
AMR-B-1,RETURN-AMR-B-1-5,corridor,2026-01-02 13:06:01,2026-01-02 13:06:06,D47-WASTE,C0-48,,,176.0,12.0,0,182.055,11.583,0,completed,115561.729,2026-01-02 13:06:01,segment_corridor,,,,[],[],[],0,0,,D47-WASTE,C0-48,,5.058,0.0,6.069,0.0,0.0,"{""type"": ""corridor"", ""from"": ""D47-WASTE"", ""to"": ""C0-48"", ""duration"": 5.057785115816788, ""distance_m"": 6.069342138980145, ""speed_factor"": 1.0, ""congestion_count"": 0, ""from_x"": 176.0, ""from_y"": 12.0, ""to_x"": 182.055, ""to_y"": 11.583, ""from_floor"": 0, ""to_floor"": 0}",,,,0.0,,,False,,,{}
AMR-B-1,RETURN-AMR-B-1-5,corridor,2026-01-02 13:06:06,2026-01-02 13:06:13,C0-48,C0-47,,,182.055,11.583,0,182.032,2.94,0,completed,115566.787,2026-01-02 13:06:06,segment_corridor,,,,[],[],[],0,0,,C0-48,C0-47,,7.203,0.0,8.643,0.0,0.0,"{""type"": ""corridor"", ""from"": ""C0-48"", ""to"": ""C0-47"", ""duration"": 7.202525502288148, ""distance_m"": 8.643030602745776, ""speed_factor"": 1.0, ""congestion_count"": 0, ""from_x"": 182.055, ""from_y"": 11.583, ""to_x"": 182.032, ""to_y"": 2.94, ""from_floor"": 0, ""to_floor"": 0}",,,,0.0,,,False,,,{}
AMR-B-1,RETURN-AMR-B-1-5,corridor,2026-01-02 13:06:13,2026-01-02 13:06:48,C0-47,C0-46,,,182.032,2.94,0,181.989,-38.315,0,completed,115573.99,2026-01-02 13:06:13,segment_corridor,,,,[],[],[],0,0,,C0-47,C0-46,,34.379,0.0,41.255,0.0,0.0,"{""type"": ""corridor"", ""from"": ""C0-47"", ""to"": ""C0-46"", ""duration"": 34.37918534116569, ""distance_m"": 41.255022409398826, ""speed_factor"": 1.0, ""congestion_count"": 0, ""from_x"": 182.032, ""from_y"": 2.94, ""to_x"": 181.989, ""to_y"": -38.315, ""from_floor"": 0, ""to_floor"": 0}",,,,0.0,,,False,,,{}
AMR-B-1,RETURN-AMR-B-1-5,corridor,2026-01-02 13:06:48,2026-01-02 13:06:51,C0-46,C0-4,,,181.989,-38.315,0,181.948,-41.989,0,completed,115608.369,2026-01-02 13:06:48,segment_corridor,,,,[],[],[],0,0,,C0-46,C0-4,,3.062,0.0,3.674,0.0,0.0,"{""type"": ""corridor"", ""from"": ""C0-46"", ""to"": ""C0-4"", ""duration"": 3.0618573021760644, ""distance_m"": 3.674228762611277, ""speed_factor"": 1.0, ""congestion_count"": 0, ""from_x"": 181.989, ""from_y"": -38.315, ""to_x"": 181.948, ""to_y"": -41.989, ""from_floor"": 0, ""to_floor"": 0}",,,,0.0,,,False,,,{}
AMR-B-1,RETURN-AMR-B-1-5,corridor,2026-01-02 13:06:51,2026-01-02 13:06:55,C0-4,C0-104,,,181.948,-41.989,0,181.881,-46.498,0,completed,115611.431,2026-01-02 13:06:51,segment_corridor,,,,[],[],[],0,0,,C0-4,C0-104,,3.758,0.0,4.509,0.0,0.0,"{""type"": ""corridor"", ""from"": ""C0-4"", ""to"": ""C0-104"", ""duration"": 3.757914795616196, ""distance_m"": 4.509497754739435, ""speed_factor"": 1.0, ""congestion_count"": 0, ""from_x"": 181.948, ""from_y"": -41.989, ""to_x"": 181.881, ""to_y"": -46.498, ""from_floor"": 0, ""to_floor"": 0}",,,,0.0,,,False,,,{}
AMR-B-1,RETURN-AMR-B-1-5,corridor,2026-01-02 13:06:55,2026-01-02 13:07:09,C0-104,C0-5,,,181.881,-46.498,0,181.917,-63.981,0,completed,115615.189,2026-01-02 13:06:55,segment_corridor,,,,[],[],[],0,0,,C0-104,C0-5,,14.569,0.0,17.483,0.0,0.0,"{""type"": ""corridor"", ""from"": ""C0-104"", ""to"": ""C0-5"", ""duration"": 14.569197553781445, ""distance_m"": 17.483037064537733, ""speed_factor"": 1.0, ""congestion_count"": 0, ""from_x"": 181.881, ""from_y"": -46.498, ""to_x"": 181.917, ""to_y"": -63.981, ""from_floor"": 0, ""to_floor"": 0}",,,,0.0,,,False,,,{}
AMR-B-1,RETURN-AMR-B-1-5,corridor,2026-01-02 13:07:09,2026-01-02 13:07:19,C0-5,C0-6,,,181.917,-63.981,0,181.948,-75.288,0,completed,115629.758,2026-01-02 13:07:09,segment_corridor,,,,[],[],[],0,0,,C0-5,C0-6,,9.423,0.0,11.307,0.0,0.0,"{""type"": ""corridor"", ""from"": ""C0-5"", ""to"": ""C0-6"", ""duration"": 9.422535413099334, ""distance_m"": 11.3070424957192, ""speed_factor"": 1.0, ""congestion_count"": 0, ""from_x"": 181.917, ""from_y"": -63.981, ""to_x"": 181.948, ""to_y"": -75.288, ""from_floor"": 0, ""to_floor"": 0}",,,,0.0,,,False,,,{}
AMR-B-1,RETURN-AMR-B-1-5,corridor,2026-01-02 13:07:19,2026-01-02 13:07:26,C0-6,C0-105,,,181.948,-75.288,0,172.881,-75.288,0,completed,115639.18,2026-01-02 13:07:19,segment_corridor,,,,[],[],[],0,0,,C0-6,C0-105,,7.556,0.0,9.067,0.0,0.0,"{""type"": ""corridor"", ""from"": ""C0-6"", ""to"": ""C0-105"", ""duration"": 7.555833333333339, ""distance_m"": 9.067000000000007, ""speed_factor"": 1.0, ""congestion_count"": 0, ""from_x"": 181.948, ""from_y"": -75.288, ""to_x"": 172.881, ""to_y"": -75.288, ""from_floor"": 0, ""to_floor"": 0}",,,,0.0,,,False,,,{}
AMR-B-1,RETURN-AMR-B-1-5,corridor,2026-01-02 13:07:26,2026-01-02 13:07:44,C0-105,C0-8,,,172.881,-75.288,0,151.852,-75.529,0,completed,115646.736,2026-01-02 13:07:26,segment_corridor,,,,[],[],[],0,0,,C0-105,C0-8,,17.525,0.0,21.03,0.0,0.0,"{""type"": ""corridor"", ""from"": ""C0-105"", ""to"": ""C0-8"", ""duration"": 17.525317440459926, ""distance_m"": 21.03038092855191, ""speed_factor"": 1.0, ""congestion_count"": 0, ""from_x"": 172.881, ""from_y"": -75.288, ""to_x"": 151.852, ""to_y"": -75.529, ""from_floor"": 0, ""to_floor"": 0}",,,,0.0,,,False,,,{}
AMR-B-1,RETURN-AMR-B-1-5,corridor,2026-01-02 13:07:44,2026-01-02 13:07:51,C0-8,C0-9,,,151.852,-75.529,0,151.815,-84.679,0,completed,115664.262,2026-01-02 13:07:44,segment_corridor,,,,[],[],[],0,0,,C0-8,C0-9,,7.625,0.0,9.15,0.0,0.0,"{""type"": ""corridor"", ""from"": ""C0-8"", ""to"": ""C0-9"", ""duration"": 7.625062340364472, ""distance_m"": 9.150074808437367, ""speed_factor"": 1.0, ""congestion_count"": 0, ""from_x"": 151.852, ""from_y"": -75.529, ""to_x"": 151.815, ""to_y"": -84.679, ""from_floor"": 0, ""to_floor"": 0}",,,,0.0,,,False,,,{}
AMR-B-1,RETURN-AMR-B-1-5,corridor,2026-01-02 13:07:51,2026-01-02 13:08:01,C0-9,C0-23,,,151.815,-84.679,0,140.608,-84.673,0,completed,115671.887,2026-01-02 13:07:51,segment_corridor,,,,[],[],[],0,0,,C0-9,C0-23,,9.339,0.0,11.207,0.0,0.0,"{""type"": ""corridor"", ""from"": ""C0-9"", ""to"": ""C0-23"", ""duration"": 9.33916800511575, ""distance_m"": 11.207001606138899, ""speed_factor"": 1.0, ""congestion_count"": 0, ""from_x"": 151.815, ""from_y"": -84.679, ""to_x"": 140.608, ""to_y"": -84.673, ""from_floor"": 0, ""to_floor"": 0}",,,,0.0,,,False,,,{}
AMR-B-1,RETURN-AMR-B-1-5,corridor,2026-01-02 13:08:01,2026-01-02 13:08:03,C0-23,Lift-2-F0,,,140.608,-84.673,0,140.476,-81.715,0,completed,115681.226,2026-01-02 13:08:01,segment_corridor,,,,[],[],[],0,0,,C0-23,Lift-2-F0,,2.467,0.0,2.961,0.0,0.0,"{""type"": ""corridor"", ""from"": ""C0-23"", ""to"": ""Lift-2-F0"", ""duration"": 2.4674531403858504, ""distance_m"": 2.96094376846302, ""speed_factor"": 1.0, ""congestion_count"": 0, ""from_x"": 140.608, ""from_y"": -84.673, ""to_x"": 140.476, ""to_y"": -81.715, ""from_floor"": 0, ""to_floor"": 0}",,,,0.0,,,False,,,{}
AMR-B-1,RETURN-AMR-B-1-5,lift_transfer,2026-01-02 13:08:03,2026-01-02 13:08:28,Lift-2-F0,Lift-2-F2,,,140.476,-81.715,0,140.476,-81.715,2,completed,115683.693,2026-01-02 13:08:03,segment_lift_transfer,,,,[],[],[],0,0,,Lift-2-F0,Lift-2-F2,Lift-2,24.444,0.0,8.0,0.021564102564102565,0.0,"{""type"": ""lift_transfer"", ""lift_id"": ""Lift-2"", ""from"": ""Lift-2-F0"", ""to"": ""Lift-2-F2"", ""from_floor"": 0, ""to_floor"": 2, ""wait_time"": 0.0, ""duration"": 24.444444444437977, ""distance_m"": 8.0, ""vertical_distance_m"": 8.0, ""energy_kwh"": 0.021564102564102565, ""from_x"": 140.476, ""from_y"": -81.715, ""to_x"": 140.476, ""to_y"": -81.715}",,,,0.0,,,False,,,{}
AMR-B-1,RETURN-AMR-B-1-5,corridor,2026-01-02 13:08:28,2026-01-02 13:08:31,Lift-2-F2,C2-12,,,140.476,-81.715,2,140.54,-85.162,2,completed,115708.138,2026-01-02 13:08:28,segment_corridor,,,,[],[],[],0,0,,Lift-2-F2,C2-12,,2.873,0.0,3.448,0.0,0.0,"{""type"": ""corridor"", ""from"": ""Lift-2-F2"", ""to"": ""C2-12"", ""duration"": 2.8729950738635908, ""distance_m"": 3.4475940886363086, ""speed_factor"": 1.0, ""congestion_count"": 0, ""from_x"": 140.476, ""from_y"": -81.715, ""to_x"": 140.54, ""to_y"": -85.162, ""from_floor"": 2, ""to_floor"": 2}",,,,0.0,,,False,,,{}
AMR-B-1,RETURN-AMR-B-1-5,corridor,2026-01-02 13:08:31,2026-01-02 13:08:35,C2-12,C2-22,,,140.54,-85.162,2,146.298,-84.823,2,completed,115711.011,2026-01-02 13:08:31,segment_corridor,,,,[],[],[],0,0,,C2-12,C2-22,,4.807,0.0,5.768,0.0,0.0,"{""type"": ""corridor"", ""from"": ""C2-12"", ""to"": ""C2-22"", ""duration"": 4.806642178046736, ""distance_m"": 5.767970613656082, ""speed_factor"": 1.0, ""congestion_count"": 0, ""from_x"": 140.54, ""from_y"": -85.162, ""to_x"": 146.298, ""to_y"": -84.823, ""from_floor"": 2, ""to_floor"": 2}",,,,0.0,,,False,,,{}
AMR-B-1,RETURN-AMR-B-1-5,corridor,2026-01-02 13:08:35,2026-01-02 13:08:40,C2-22,C2-10,,,146.298,-84.823,2,151.747,-84.823,2,completed,115715.817,2026-01-02 13:08:35,segment_corridor,,,,[],[],[],0,0,,C2-22,C2-10,,4.541,0.0,5.449,0.0,0.0,"{""type"": ""corridor"", ""from"": ""C2-22"", ""to"": ""C2-10"", ""duration"": 4.540833333333344, ""distance_m"": 5.449000000000012, ""speed_factor"": 1.0, ""congestion_count"": 0, ""from_x"": 146.298, ""from_y"": -84.823, ""to_x"": 151.747, ""to_y"": -84.823, ""from_floor"": 2, ""to_floor"": 2}",,,,0.0,,,False,,,{}
AMR-B-1,RETURN-AMR-B-1-5,corridor,2026-01-02 13:08:40,2026-01-02 13:08:45,C2-10,C2-11,,,151.747,-84.823,2,157.38,-84.803,2,completed,115720.358,2026-01-02 13:08:40,segment_corridor,,,,[],[],[],0,0,,C2-10,C2-11,,4.694,0.0,5.633,0.0,0.0,"{""type"": ""corridor"", ""from"": ""C2-10"", ""to"": ""C2-11"", ""duration"": 4.694196254122965, ""distance_m"": 5.633035504947558, ""speed_factor"": 1.0, ""congestion_count"": 0, ""from_x"": 151.747, ""from_y"": -84.823, ""to_x"": 157.38, ""to_y"": -84.803, ""from_floor"": 2, ""to_floor"": 2}",,,,0.0,,,False,,,{}
AMR-B-1,RETURN-AMR-B-1-5,corridor,2026-01-02 13:08:45,2026-01-02 13:08:47,C2-11,AMR-CENTRE,,,157.38,-84.803,2,157.36,-81.619,2,completed,115725.052,2026-01-02 13:08:45,segment_corridor,,,,[],[],[],0,0,,C2-11,AMR-CENTRE,,2.653,0.0,3.184,0.0,0.0,"{""type"": ""corridor"", ""from"": ""C2-11"", ""to"": ""AMR-CENTRE"", ""duration"": 2.6533856778756353, ""distance_m"": 3.1840628134507623, ""speed_factor"": 1.0, ""congestion_count"": 0, ""from_x"": 157.38, ""from_y"": -84.803, ""to_x"": 157.36, ""to_y"": -81.619, ""from_floor"": 2, ""to_floor"": 2}",,,,0.0,,,False,,,{}
AMR-B-1,RETURN-AMR-B-1-5,dropoff,2026-01-02 13:08:47,2026-01-02 13:09:07,,,,,,,,,,,completed,115727.706,2026-01-02 13:08:47,segment_dropoff,,,,[],[],[],0,0,,D47-WASTE,AMR-CENTRE,,20.0,0.0,0.0,0.0,0.0,"{""type"": ""dropoff"", ""location"": ""AMR-CENTRE"", ""duration"": 20.0, ""inventory_space"": """", ""from_x"": null, ""from_y"": null, ""to_x"": null, ""to_y"": null, ""from_floor"": null, ""to_floor"": null}",,,,0.0,,,False,,,{}
AMR-B-2,RETURN-GEN_WASTE_D44_00002-4,,2026-01-02 13:05:41,2026-01-02 13:05:42,,,AMR-CENTRE,D4-WASTE,,,,,,,start,115541.729,2026-01-02 13:05:41,task_assigned,Clinical Waste Bin,Clinical_Waste_Bin-shared_OPD_SET_1-000001,,[],[],[],0,0,,D47-WASTE,D4-WASTE,,0.0,0.0,0.0,0.0,391.576,Assigned task to AMR-B-2,task_generation_return,D44,Clinical,0.0,Clinical Waste Bin,,False,,,{}
AMR-B-2,RETURN-GEN_WASTE_D44_00002-4,corridor,2026-01-02 13:05:41,2026-01-02 13:05:44,AMR-CENTRE,C2-11,,,157.36,-81.619,2,157.38,-84.803,2,completed,115541.729,2026-01-02 13:05:41,segment_corridor,Clinical Waste Bin,Clinical_Waste_Bin-shared_OPD_SET_1-000001,,[],[],[],0,0,,AMR-CENTRE,C2-11,,2.653,0.0,3.184,0.0,0.0,"{""type"": ""corridor"", ""from"": ""AMR-CENTRE"", ""to"": ""C2-11"", ""duration"": 2.6533856778756353, ""distance_m"": 3.1840628134507623, ""speed_factor"": 1.0, ""congestion_count"": 0, ""from_x"": 157.36, ""from_y"": -81.619, ""to_x"": 157.38, ""to_y"": -84.803, ""from_floor"": 2, ""to_floor"": 2}",,,,0.0,,,False,,,{}
AMR-B-2,RETURN-GEN_WASTE_D44_00002-4,corridor,2026-01-02 13:05:44,2026-01-02 13:05:49,C2-11,C2-10,,,157.38,-84.803,2,151.747,-84.823,2,completed,115544.383,2026-01-02 13:05:44,segment_corridor,Clinical Waste Bin,Clinical_Waste_Bin-shared_OPD_SET_1-000001,,[],[],[],0,0,,C2-11,C2-10,,4.694,0.0,5.633,0.0,0.0,"{""type"": ""corridor"", ""from"": ""C2-11"", ""to"": ""C2-10"", ""duration"": 4.694196254122965, ""distance_m"": 5.633035504947558, ""speed_factor"": 1.0, ""congestion_count"": 0, ""from_x"": 157.38, ""from_y"": -84.803, ""to_x"": 151.747, ""to_y"": -84.823, ""from_floor"": 2, ""to_floor"": 2}",,,,0.0,,,False,,,{}
AMR-B-2,RETURN-GEN_WASTE_D44_00002-4,corridor,2026-01-02 13:05:49,2026-01-02 13:05:53,C2-10,C2-22,,,151.747,-84.823,2,146.298,-84.823,2,completed,115549.077,2026-01-02 13:05:49,segment_corridor,Clinical Waste Bin,Clinical_Waste_Bin-shared_OPD_SET_1-000001,,[],[],[],0,0,,C2-10,C2-22,,4.541,0.0,5.449,0.0,0.0,"{""type"": ""corridor"", ""from"": ""C2-10"", ""to"": ""C2-22"", ""duration"": 4.540833333333344, ""distance_m"": 5.449000000000012, ""speed_factor"": 1.0, ""congestion_count"": 0, ""from_x"": 151.747, ""from_y"": -84.823, ""to_x"": 146.298, ""to_y"": -84.823, ""from_floor"": 2, ""to_floor"": 2}",,,,0.0,,,False,,,{}
AMR-B-2,RETURN-GEN_WASTE_D44_00002-4,corridor,2026-01-02 13:05:53,2026-01-02 13:05:58,C2-22,C2-12,,,146.298,-84.823,2,140.54,-85.162,2,completed,115553.618,2026-01-02 13:05:53,segment_corridor,Clinical Waste Bin,Clinical_Waste_Bin-shared_OPD_SET_1-000001,,[],[],[],0,0,,C2-22,C2-12,,4.807,0.0,5.768,0.0,0.0,"{""type"": ""corridor"", ""from"": ""C2-22"", ""to"": ""C2-12"", ""duration"": 4.806642178046736, ""distance_m"": 5.767970613656082, ""speed_factor"": 1.0, ""congestion_count"": 0, ""from_x"": 146.298, ""from_y"": -84.823, ""to_x"": 140.54, ""to_y"": -85.162, ""from_floor"": 2, ""to_floor"": 2}",,,,0.0,,,False,,,{}
AMR-B-2,RETURN-GEN_WASTE_D44_00002-4,corridor,2026-01-02 13:05:58,2026-01-02 13:06:01,C2-12,Lift-4-F2,,,140.54,-85.162,2,140.605,-89.055,2,completed,115558.425,2026-01-02 13:05:58,segment_corridor,Clinical Waste Bin,Clinical_Waste_Bin-shared_OPD_SET_1-000001,,[],[],[],0,0,,C2-12,Lift-4-F2,,3.245,0.0,3.894,0.0,0.0,"{""type"": ""corridor"", ""from"": ""C2-12"", ""to"": ""Lift-4-F2"", ""duration"": 3.24461883568608, ""distance_m"": 3.893542602823296, ""speed_factor"": 1.0, ""congestion_count"": 0, ""from_x"": 140.54, ""from_y"": -85.162, ""to_x"": 140.605, ""to_y"": -89.055, ""from_floor"": 2, ""to_floor"": 2}",,,,0.0,,,False,,,{}
AMR-B-2,RETURN-GEN_WASTE_D44_00002-4,lift_transfer,2026-01-02 13:06:01,2026-01-02 13:06:26,Lift-4-F2,Lift-4-F0,,,140.605,-89.055,2,140.605,-89.055,0,completed,115561.669,2026-01-02 13:06:01,segment_lift_transfer,Clinical Waste Bin,Clinical_Waste_Bin-shared_OPD_SET_1-000001,,[],[],[],0,0,,Lift-4-F2,Lift-4-F0,Lift-4,24.444,0.0,8.0,0.02086538461538462,0.0,"{""type"": ""lift_transfer"", ""lift_id"": ""Lift-4"", ""from"": ""Lift-4-F2"", ""to"": ""Lift-4-F0"", ""from_floor"": 2, ""to_floor"": 0, ""wait_time"": 0.0, ""duration"": 24.444444444437977, ""distance_m"": 8.0, ""vertical_distance_m"": 8.0, ""energy_kwh"": 0.02086538461538462, ""from_x"": 140.605, ""from_y"": -89.055, ""to_x"": 140.605, ""to_y"": -89.055}",,,,0.0,,,False,,,{}
AMR-B-2,RETURN-GEN_WASTE_D44_00002-4,corridor,2026-01-02 13:06:26,2026-01-02 13:06:29,Lift-4-F0,C0-23,,,140.605,-89.055,0,140.608,-84.673,0,completed,115586.114,2026-01-02 13:06:26,segment_corridor,Clinical Waste Bin,Clinical_Waste_Bin-shared_OPD_SET_1-000001,,[],[],[],0,0,,Lift-4-F0,C0-23,,3.652,0.0,4.382,0.0,0.0,"{""type"": ""corridor"", ""from"": ""Lift-4-F0"", ""to"": ""C0-23"", ""duration"": 3.6516675224401896, ""distance_m"": 4.3820010269282275, ""speed_factor"": 1.0, ""congestion_count"": 0, ""from_x"": 140.605, ""from_y"": -89.055, ""to_x"": 140.608, ""to_y"": -84.673, ""from_floor"": 0, ""to_floor"": 0}",,,,0.0,,,False,,,{}
AMR-B-2,RETURN-GEN_WASTE_D44_00002-4,corridor,2026-01-02 13:06:29,2026-01-02 13:06:39,C0-23,C0-9,,,140.608,-84.673,0,151.815,-84.679,0,completed,115589.765,2026-01-02 13:06:29,segment_corridor,Clinical Waste Bin,Clinical_Waste_Bin-shared_OPD_SET_1-000001,,[],[],[],0,0,,C0-23,C0-9,,9.339,0.0,11.207,0.0,0.0,"{""type"": ""corridor"", ""from"": ""C0-23"", ""to"": ""C0-9"", ""duration"": 9.33916800511575, ""distance_m"": 11.207001606138899, ""speed_factor"": 1.0, ""congestion_count"": 0, ""from_x"": 140.608, ""from_y"": -84.673, ""to_x"": 151.815, ""to_y"": -84.679, ""from_floor"": 0, ""to_floor"": 0}",,,,0.0,,,False,,,{}
AMR-B-2,RETURN-GEN_WASTE_D44_00002-4,corridor,2026-01-02 13:06:39,2026-01-02 13:06:46,C0-9,C0-8,,,151.815,-84.679,0,151.852,-75.529,0,completed,115599.104,2026-01-02 13:06:39,segment_corridor,Clinical Waste Bin,Clinical_Waste_Bin-shared_OPD_SET_1-000001,,[],[],[],0,0,,C0-9,C0-8,,7.625,0.0,9.15,0.0,0.0,"{""type"": ""corridor"", ""from"": ""C0-9"", ""to"": ""C0-8"", ""duration"": 7.625062340364472, ""distance_m"": 9.150074808437367, ""speed_factor"": 1.0, ""congestion_count"": 0, ""from_x"": 151.815, ""from_y"": -84.679, ""to_x"": 151.852, ""to_y"": -75.529, ""from_floor"": 0, ""to_floor"": 0}",,,,0.0,,,False,,,{}
AMR-B-2,RETURN-GEN_WASTE_D44_00002-4,corridor,2026-01-02 13:06:46,2026-01-02 13:07:04,C0-8,C0-105,,,151.852,-75.529,0,172.881,-75.288,0,completed,115606.729,2026-01-02 13:06:46,segment_corridor,Clinical Waste Bin,Clinical_Waste_Bin-shared_OPD_SET_1-000001,,[],[],[],0,0,,C0-8,C0-105,,17.525,0.0,21.03,0.0,0.0,"{""type"": ""corridor"", ""from"": ""C0-8"", ""to"": ""C0-105"", ""duration"": 17.525317440459926, ""distance_m"": 21.03038092855191, ""speed_factor"": 1.0, ""congestion_count"": 0, ""from_x"": 151.852, ""from_y"": -75.529, ""to_x"": 172.881, ""to_y"": -75.288, ""from_floor"": 0, ""to_floor"": 0}",,,,0.0,,,False,,,{}
AMR-B-2,RETURN-GEN_WASTE_D44_00002-4,corridor,2026-01-02 13:07:04,2026-01-02 13:07:13,C0-105,C0-6,,,172.881,-75.288,0,181.948,-75.288,0,completed,115624.255,2026-01-02 13:07:04,segment_corridor,Clinical Waste Bin,Clinical_Waste_Bin-shared_OPD_SET_1-000001,,[],[],[],0,0,,C0-105,C0-6,,8.889,0.0,9.067,0.0,0.0,"{""type"": ""corridor"", ""from"": ""C0-105"", ""to"": ""C0-6"", ""duration"": 8.889215686274516, ""distance_m"": 9.067000000000007, ""speed_factor"": 0.85, ""congestion_count"": 1, ""from_x"": 172.881, ""from_y"": -75.288, ""to_x"": 181.948, ""to_y"": -75.288, ""from_floor"": 0, ""to_floor"": 0}",,,,0.0,,,False,,,{}
AMR-B-2,RETURN-GEN_WASTE_D44_00002-4,corridor,2026-01-02 13:07:13,2026-01-02 13:07:24,C0-6,C0-5,,,181.948,-75.288,0,181.917,-63.981,0,completed,115633.144,2026-01-02 13:07:13,segment_corridor,Clinical Waste Bin,Clinical_Waste_Bin-shared_OPD_SET_1-000001,,[],[],[],0,0,,C0-6,C0-5,,11.085,0.0,11.307,0.0,0.0,"{""type"": ""corridor"", ""from"": ""C0-6"", ""to"": ""C0-5"", ""duration"": 11.085335780116864, ""distance_m"": 11.3070424957192, ""speed_factor"": 0.85, ""congestion_count"": 1, ""from_x"": 181.948, ""from_y"": -75.288, ""to_x"": 181.917, ""to_y"": -63.981, ""from_floor"": 0, ""to_floor"": 0}",,,,0.0,,,False,,,{}
AMR-B-2,RETURN-GEN_WASTE_D44_00002-4,corridor,2026-01-02 13:07:24,2026-01-02 13:07:41,C0-5,C0-104,,,181.917,-63.981,0,181.881,-46.498,0,completed,115644.229,2026-01-02 13:07:24,segment_corridor,Clinical Waste Bin,Clinical_Waste_Bin-shared_OPD_SET_1-000001,,[],[],[],0,0,,C0-5,C0-104,,17.14,0.0,17.483,0.0,0.0,"{""type"": ""corridor"", ""from"": ""C0-5"", ""to"": ""C0-104"", ""duration"": 17.140232416213465, ""distance_m"": 17.483037064537733, ""speed_factor"": 0.85, ""congestion_count"": 1, ""from_x"": 181.917, ""from_y"": -63.981, ""to_x"": 181.881, ""to_y"": -46.498, ""from_floor"": 0, ""to_floor"": 0}",,,,0.0,,,False,,,{}
AMR-B-2,RETURN-GEN_WASTE_D44_00002-4,corridor,2026-01-02 13:07:41,2026-01-02 13:07:45,C0-104,C0-4,,,181.881,-46.498,0,181.948,-41.989,0,completed,115661.37,2026-01-02 13:07:41,segment_corridor,Clinical Waste Bin,Clinical_Waste_Bin-shared_OPD_SET_1-000001,,[],[],[],0,0,,C0-104,C0-4,,3.758,0.0,4.509,0.0,0.0,"{""type"": ""corridor"", ""from"": ""C0-104"", ""to"": ""C0-4"", ""duration"": 3.757914795616196, ""distance_m"": 4.509497754739435, ""speed_factor"": 1.0, ""congestion_count"": 0, ""from_x"": 181.881, ""from_y"": -46.498, ""to_x"": 181.948, ""to_y"": -41.989, ""from_floor"": 0, ""to_floor"": 0}",,,,0.0,,,False,,,{}
AMR-B-2,RETURN-GEN_WASTE_D44_00002-4,corridor,2026-01-02 13:07:45,2026-01-02 13:07:48,C0-4,C0-46,,,181.948,-41.989,0,181.989,-38.315,0,completed,115665.127,2026-01-02 13:07:45,segment_corridor,Clinical Waste Bin,Clinical_Waste_Bin-shared_OPD_SET_1-000001,,[],[],[],0,0,,C0-4,C0-46,,3.062,0.0,3.674,0.0,0.0,"{""type"": ""corridor"", ""from"": ""C0-4"", ""to"": ""C0-46"", ""duration"": 3.0618573021760644, ""distance_m"": 3.674228762611277, ""speed_factor"": 1.0, ""congestion_count"": 0, ""from_x"": 181.948, ""from_y"": -41.989, ""to_x"": 181.989, ""to_y"": -38.315, ""from_floor"": 0, ""to_floor"": 0}",,,,0.0,,,False,,,{}
AMR-B-2,RETURN-GEN_WASTE_D44_00002-4,corridor,2026-01-02 13:07:48,2026-01-02 13:08:22,C0-46,C0-47,,,181.989,-38.315,0,182.032,2.94,0,completed,115668.189,2026-01-02 13:07:48,segment_corridor,Clinical Waste Bin,Clinical_Waste_Bin-shared_OPD_SET_1-000001,,[],[],[],0,0,,C0-46,C0-47,,34.379,0.0,41.255,0.0,0.0,"{""type"": ""corridor"", ""from"": ""C0-46"", ""to"": ""C0-47"", ""duration"": 34.37918534116569, ""distance_m"": 41.255022409398826, ""speed_factor"": 1.0, ""congestion_count"": 0, ""from_x"": 181.989, ""from_y"": -38.315, ""to_x"": 182.032, ""to_y"": 2.94, ""from_floor"": 0, ""to_floor"": 0}",,,,0.0,,,False,,,{}
AMR-B-2,RETURN-GEN_WASTE_D44_00002-4,corridor,2026-01-02 13:08:22,2026-01-02 13:08:29,C0-47,C0-48,,,182.032,2.94,0,182.055,11.583,0,completed,115702.569,2026-01-02 13:08:22,segment_corridor,Clinical Waste Bin,Clinical_Waste_Bin-shared_OPD_SET_1-000001,,[],[],[],0,0,,C0-47,C0-48,,7.203,0.0,8.643,0.0,0.0,"{""type"": ""corridor"", ""from"": ""C0-47"", ""to"": ""C0-48"", ""duration"": 7.202525502288148, ""distance_m"": 8.643030602745776, ""speed_factor"": 1.0, ""congestion_count"": 0, ""from_x"": 182.032, ""from_y"": 2.94, ""to_x"": 182.055, ""to_y"": 11.583, ""from_floor"": 0, ""to_floor"": 0}",,,,0.0,,,False,,,{}
AMR-B-2,RETURN-GEN_WASTE_D44_00002-4,corridor,2026-01-02 13:08:29,2026-01-02 13:08:34,C0-48,D47-WASTE,,,182.055,11.583,0,176.0,12.0,0,completed,115709.771,2026-01-02 13:08:29,segment_corridor,Clinical Waste Bin,Clinical_Waste_Bin-shared_OPD_SET_1-000001,,[],[],[],0,0,,C0-48,D47-WASTE,,5.058,0.0,6.069,0.0,0.0,"{""type"": ""corridor"", ""from"": ""C0-48"", ""to"": ""D47-WASTE"", ""duration"": 5.057785115816788, ""distance_m"": 6.069342138980145, ""speed_factor"": 1.0, ""congestion_count"": 0, ""from_x"": 182.055, ""from_y"": 11.583, ""to_x"": 176.0, ""to_y"": 12.0, ""from_floor"": 0, ""to_floor"": 0}",,,,0.0,,,False,,,{}
AMR-B-2,RETURN-GEN_WASTE_D44_00002-4,pickup,2026-01-02 13:08:34,2026-01-02 13:08:54,,,,,,,,,,,completed,115714.829,2026-01-02 13:08:34,segment_pickup,Clinical Waste Bin,Clinical_Waste_Bin-shared_OPD_SET_1-000001,,[],[],[],0,0,,D47-WASTE,D4-WASTE,,20.0,0.0,0.0,0.0,0.0,"{""type"": ""pickup"", ""location"": ""D47-WASTE"", ""duration"": 20.0, ""from_x"": null, ""from_y"": null, ""to_x"": null, ""to_y"": null, ""from_floor"": null, ""to_floor"": null}",,,,0.0,,,False,,,{}
AMR-B-2,RETURN-GEN_WASTE_D44_00002-4,corridor,2026-01-02 13:08:54,2026-01-02 13:09:00,D47-WASTE,C0-48,,,176.0,12.0,0,182.055,11.583,0,completed,115734.829,2026-01-02 13:08:54,segment_corridor,Clinical Waste Bin,Clinical_Waste_Bin-shared_OPD_SET_1-000001,,[],[],[],0,0,,D47-WASTE,C0-48,,5.95,0.0,6.069,0.0,0.0,"{""type"": ""corridor"", ""from"": ""D47-WASTE"", ""to"": ""C0-48"", ""duration"": 5.950335430372692, ""distance_m"": 6.069342138980145, ""speed_factor"": 0.85, ""congestion_count"": 1, ""from_x"": 176.0, ""from_y"": 12.0, ""to_x"": 182.055, ""to_y"": 11.583, ""from_floor"": 0, ""to_floor"": 0}",,,,0.0,,,False,,,{}
AMR-B-2,RETURN-GEN_WASTE_D44_00002-4,corridor,2026-01-02 13:09:00,2026-01-02 13:09:07,C0-48,C0-47,,,182.055,11.583,0,182.032,2.94,0,completed,115740.779,2026-01-02 13:09:00,segment_corridor,Clinical Waste Bin,Clinical_Waste_Bin-shared_OPD_SET_1-000001,,[],[],[],0,0,,C0-48,C0-47,,7.203,0.0,8.643,0.0,0.0,"{""type"": ""corridor"", ""from"": ""C0-48"", ""to"": ""C0-47"", ""duration"": 7.202525502288148, ""distance_m"": 8.643030602745776, ""speed_factor"": 1.0, ""congestion_count"": 0, ""from_x"": 182.055, ""from_y"": 11.583, ""to_x"": 182.032, ""to_y"": 2.94, ""from_floor"": 0, ""to_floor"": 0}",,,,0.0,,,False,,,{}
AMR-B-2,RETURN-GEN_WASTE_D44_00002-4,corridor,2026-01-02 13:09:07,2026-01-02 13:09:42,C0-47,C0-46,,,182.032,2.94,0,181.989,-38.315,0,completed,115747.982,2026-01-02 13:09:07,segment_corridor,Clinical Waste Bin,Clinical_Waste_Bin-shared_OPD_SET_1-000001,,[],[],[],0,0,,C0-47,C0-46,,34.379,0.0,41.255,0.0,0.0,"{""type"": ""corridor"", ""from"": ""C0-47"", ""to"": ""C0-46"", ""duration"": 34.37918534116569, ""distance_m"": 41.255022409398826, ""speed_factor"": 1.0, ""congestion_count"": 0, ""from_x"": 182.032, ""from_y"": 2.94, ""to_x"": 181.989, ""to_y"": -38.315, ""from_floor"": 0, ""to_floor"": 0}",,,,0.0,,,False,,,{}
AMR-B-2,RETURN-GEN_WASTE_D44_00002-4,corridor,2026-01-02 13:09:42,2026-01-02 13:09:45,C0-46,C0-4,,,181.989,-38.315,0,181.948,-41.989,0,completed,115782.361,2026-01-02 13:09:42,segment_corridor,Clinical Waste Bin,Clinical_Waste_Bin-shared_OPD_SET_1-000001,,[],[],[],0,0,,C0-46,C0-4,,3.062,0.0,3.674,0.0,0.0,"{""type"": ""corridor"", ""from"": ""C0-46"", ""to"": ""C0-4"", ""duration"": 3.0618573021760644, ""distance_m"": 3.674228762611277, ""speed_factor"": 1.0, ""congestion_count"": 0, ""from_x"": 181.989, ""from_y"": -38.315, ""to_x"": 181.948, ""to_y"": -41.989, ""from_floor"": 0, ""to_floor"": 0}",,,,0.0,,,False,,,{}
AMR-B-2,RETURN-GEN_WASTE_D44_00002-4,corridor,2026-01-02 13:09:45,2026-01-02 13:09:49,C0-4,C0-104,,,181.948,-41.989,0,181.881,-46.498,0,completed,115785.423,2026-01-02 13:09:45,segment_corridor,Clinical Waste Bin,Clinical_Waste_Bin-shared_OPD_SET_1-000001,,[],[],[],0,0,,C0-4,C0-104,,3.758,0.0,4.509,0.0,0.0,"{""type"": ""corridor"", ""from"": ""C0-4"", ""to"": ""C0-104"", ""duration"": 3.757914795616196, ""distance_m"": 4.509497754739435, ""speed_factor"": 1.0, ""congestion_count"": 0, ""from_x"": 181.948, ""from_y"": -41.989, ""to_x"": 181.881, ""to_y"": -46.498, ""from_floor"": 0, ""to_floor"": 0}",,,,0.0,,,False,,,{}
AMR-B-2,RETURN-GEN_WASTE_D44_00002-4,corridor,2026-01-02 13:09:49,2026-01-02 13:10:03,C0-104,C0-5,,,181.881,-46.498,0,181.917,-63.981,0,completed,115789.181,2026-01-02 13:09:49,segment_corridor,Clinical Waste Bin,Clinical_Waste_Bin-shared_OPD_SET_1-000001,,[],[],[],0,0,,C0-104,C0-5,,14.569,0.0,17.483,0.0,0.0,"{""type"": ""corridor"", ""from"": ""C0-104"", ""to"": ""C0-5"", ""duration"": 14.569197553781445, ""distance_m"": 17.483037064537733, ""speed_factor"": 1.0, ""congestion_count"": 0, ""from_x"": 181.881, ""from_y"": -46.498, ""to_x"": 181.917, ""to_y"": -63.981, ""from_floor"": 0, ""to_floor"": 0}",,,,0.0,,,False,,,{}
AMR-B-2,RETURN-GEN_WASTE_D44_00002-4,corridor,2026-01-02 13:10:03,2026-01-02 13:10:13,C0-5,C0-6,,,181.917,-63.981,0,181.948,-75.288,0,completed,115803.75,2026-01-02 13:10:03,segment_corridor,Clinical Waste Bin,Clinical_Waste_Bin-shared_OPD_SET_1-000001,,[],[],[],0,0,,C0-5,C0-6,,9.423,0.0,11.307,0.0,0.0,"{""type"": ""corridor"", ""from"": ""C0-5"", ""to"": ""C0-6"", ""duration"": 9.422535413099334, ""distance_m"": 11.3070424957192, ""speed_factor"": 1.0, ""congestion_count"": 0, ""from_x"": 181.917, ""from_y"": -63.981, ""to_x"": 181.948, ""to_y"": -75.288, ""from_floor"": 0, ""to_floor"": 0}",,,,0.0,,,False,,,{}
AMR-B-2,RETURN-GEN_WASTE_D44_00002-4,corridor,2026-01-02 13:10:13,2026-01-02 13:10:20,C0-6,C0-105,,,181.948,-75.288,0,172.881,-75.288,0,completed,115813.172,2026-01-02 13:10:13,segment_corridor,Clinical Waste Bin,Clinical_Waste_Bin-shared_OPD_SET_1-000001,,[],[],[],0,0,,C0-6,C0-105,,7.556,0.0,9.067,0.0,0.0,"{""type"": ""corridor"", ""from"": ""C0-6"", ""to"": ""C0-105"", ""duration"": 7.555833333333339, ""distance_m"": 9.067000000000007, ""speed_factor"": 1.0, ""congestion_count"": 0, ""from_x"": 181.948, ""from_y"": -75.288, ""to_x"": 172.881, ""to_y"": -75.288, ""from_floor"": 0, ""to_floor"": 0}",,,,0.0,,,False,,,{}
AMR-B-2,RETURN-GEN_WASTE_D44_00002-4,corridor,2026-01-02 13:10:20,2026-01-02 13:10:38,C0-105,C0-8,,,172.881,-75.288,0,151.852,-75.529,0,completed,115820.728,2026-01-02 13:10:20,segment_corridor,Clinical Waste Bin,Clinical_Waste_Bin-shared_OPD_SET_1-000001,,[],[],[],0,0,,C0-105,C0-8,,17.525,0.0,21.03,0.0,0.0,"{""type"": ""corridor"", ""from"": ""C0-105"", ""to"": ""C0-8"", ""duration"": 17.525317440459926, ""distance_m"": 21.03038092855191, ""speed_factor"": 1.0, ""congestion_count"": 0, ""from_x"": 172.881, ""from_y"": -75.288, ""to_x"": 151.852, ""to_y"": -75.529, ""from_floor"": 0, ""to_floor"": 0}",,,,0.0,,,False,,,{}
AMR-B-2,RETURN-GEN_WASTE_D44_00002-4,corridor,2026-01-02 13:10:38,2026-01-02 13:10:45,C0-8,C0-9,,,151.852,-75.529,0,151.815,-84.679,0,completed,115838.254,2026-01-02 13:10:38,segment_corridor,Clinical Waste Bin,Clinical_Waste_Bin-shared_OPD_SET_1-000001,,[],[],[],0,0,,C0-8,C0-9,,7.625,0.0,9.15,0.0,0.0,"{""type"": ""corridor"", ""from"": ""C0-8"", ""to"": ""C0-9"", ""duration"": 7.625062340364472, ""distance_m"": 9.150074808437367, ""speed_factor"": 1.0, ""congestion_count"": 0, ""from_x"": 151.852, ""from_y"": -75.529, ""to_x"": 151.815, ""to_y"": -84.679, ""from_floor"": 0, ""to_floor"": 0}",,,,0.0,,,False,,,{}
AMR-B-2,RETURN-GEN_WASTE_D44_00002-4,corridor,2026-01-02 13:10:45,2026-01-02 13:10:52,C0-9,C0-78,,,151.815,-84.679,0,151.853,-93.062,0,completed,115845.879,2026-01-02 13:10:45,segment_corridor,Clinical Waste Bin,Clinical_Waste_Bin-shared_OPD_SET_1-000001,,[],[],[],0,0,,C0-9,C0-78,,6.986,0.0,8.383,0.0,0.0,"{""type"": ""corridor"", ""from"": ""C0-9"", ""to"": ""C0-78"", ""duration"": 6.9859051052021055, ""distance_m"": 8.383086126242526, ""speed_factor"": 1.0, ""congestion_count"": 0, ""from_x"": 151.815, ""from_y"": -84.679, ""to_x"": 151.853, ""to_y"": -93.062, ""from_floor"": 0, ""to_floor"": 0}",,,,0.0,,,False,,,{}
AMR-B-2,RETURN-GEN_WASTE_D44_00002-4,corridor,2026-01-02 13:10:52,2026-01-02 13:11:01,C0-78,C0-10,,,151.853,-93.062,0,151.906,-103.332,0,completed,115852.865,2026-01-02 13:10:52,segment_corridor,Clinical Waste Bin,Clinical_Waste_Bin-shared_OPD_SET_1-000001,,[],[],[],0,0,,C0-78,C0-10,,8.558,0.0,10.27,0.0,0.0,"{""type"": ""corridor"", ""from"": ""C0-78"", ""to"": ""C0-10"", ""duration"": 8.558447297196428, ""distance_m"": 10.270136756635713, ""speed_factor"": 1.0, ""congestion_count"": 0, ""from_x"": 151.853, ""from_y"": -93.062, ""to_x"": 151.906, ""to_y"": -103.332, ""from_floor"": 0, ""to_floor"": 0}",,,,0.0,,,False,,,{}
AMR-B-2,RETURN-GEN_WASTE_D44_00002-4,corridor,2026-01-02 13:11:01,2026-01-02 13:11:07,C0-10,C0-107,,,151.906,-103.332,0,151.875,-110.231,0,completed,115861.423,2026-01-02 13:11:01,segment_corridor,Clinical Waste Bin,Clinical_Waste_Bin-shared_OPD_SET_1-000001,,[],[],[],0,0,,C0-10,C0-107,,5.749,0.0,6.899,0.0,0.0,"{""type"": ""corridor"", ""from"": ""C0-10"", ""to"": ""C0-107"", ""duration"": 5.749224706186238, ""distance_m"": 6.899069647423485, ""speed_factor"": 1.0, ""congestion_count"": 0, ""from_x"": 151.906, ""from_y"": -103.332, ""to_x"": 151.875, ""to_y"": -110.231, ""from_floor"": 0, ""to_floor"": 0}",,,,0.0,,,False,,,{}
AMR-B-2,RETURN-GEN_WASTE_D44_00002-4,corridor,2026-01-02 13:11:07,2026-01-02 13:11:14,C0-107,C0-82,,,151.875,-110.231,0,151.957,-118.723,0,completed,115867.172,2026-01-02 13:11:07,segment_corridor,Clinical Waste Bin,Clinical_Waste_Bin-shared_OPD_SET_1-000001,,[],[],[],0,0,,C0-107,C0-82,,7.077,0.0,8.492,0.0,0.0,"{""type"": ""corridor"", ""from"": ""C0-107"", ""to"": ""C0-82"", ""duration"": 7.076996577331065, ""distance_m"": 8.492395892797278, ""speed_factor"": 1.0, ""congestion_count"": 0, ""from_x"": 151.875, ""from_y"": -110.231, ""to_x"": 151.957, ""to_y"": -118.723, ""from_floor"": 0, ""to_floor"": 0}",,,,0.0,,,False,,,{}
AMR-B-2,RETURN-GEN_WASTE_D44_00002-4,corridor,2026-01-02 13:11:14,2026-01-02 13:11:17,C0-82,C0-12,,,151.957,-118.723,0,151.969,-122.524,0,completed,115874.249,2026-01-02 13:11:14,segment_corridor,Clinical Waste Bin,Clinical_Waste_Bin-shared_OPD_SET_1-000001,,[],[],[],0,0,,C0-82,C0-12,,3.168,0.0,3.801,0.0,0.0,"{""type"": ""corridor"", ""from"": ""C0-82"", ""to"": ""C0-12"", ""duration"": 3.167515785280321, ""distance_m"": 3.8010189423363854, ""speed_factor"": 1.0, ""congestion_count"": 0, ""from_x"": 151.957, ""from_y"": -118.723, ""to_x"": 151.969, ""to_y"": -122.524, ""from_floor"": 0, ""to_floor"": 0}",,,,0.0,,,False,,,{}
AMR-B-2,RETURN-GEN_WASTE_D44_00002-4,corridor,2026-01-02 13:11:17,2026-01-02 13:11:25,C0-12,C0-13,,,151.969,-122.524,0,151.939,-132.199,0,completed,115877.417,2026-01-02 13:11:17,segment_corridor,Clinical Waste Bin,Clinical_Waste_Bin-shared_OPD_SET_1-000001,,[],[],[],0,0,,C0-12,C0-13,,8.063,0.0,9.675,0.0,0.0,"{""type"": ""corridor"", ""from"": ""C0-12"", ""to"": ""C0-13"", ""duration"": 8.062538759596766, ""distance_m"": 9.675046511516118, ""speed_factor"": 1.0, ""congestion_count"": 0, ""from_x"": 151.969, ""from_y"": -122.524, ""to_x"": 151.939, ""to_y"": -132.199, ""from_floor"": 0, ""to_floor"": 0}",,,,0.0,,,False,,,{}
AMR-B-2,RETURN-GEN_WASTE_D44_00002-4,corridor,2026-01-02 13:11:25,2026-01-02 13:11:33,C0-13,C0-14,,,151.939,-132.199,0,142.333,-132.392,0,completed,115885.479,2026-01-02 13:11:25,segment_corridor,Clinical Waste Bin,Clinical_Waste_Bin-shared_OPD_SET_1-000001,,[],[],[],0,0,,C0-13,C0-14,,8.007,0.0,9.608,0.0,0.0,"{""type"": ""corridor"", ""from"": ""C0-13"", ""to"": ""C0-14"", ""duration"": 8.006615537236133, ""distance_m"": 9.607938644683358, ""speed_factor"": 1.0, ""congestion_count"": 0, ""from_x"": 151.939, ""from_y"": -132.199, ""to_x"": 142.333, ""to_y"": -132.392, ""from_floor"": 0, ""to_floor"": 0}",,,,0.0,,,False,,,{}
AMR-B-2,RETURN-GEN_WASTE_D44_00002-4,corridor,2026-01-02 13:11:33,2026-01-02 13:11:36,C0-14,C0-15,,,142.333,-132.392,0,142.311,-135.582,0,completed,115893.486,2026-01-02 13:11:33,segment_corridor,Clinical Waste Bin,Clinical_Waste_Bin-shared_OPD_SET_1-000001,,[],[],[],0,0,,C0-14,C0-15,,2.658,0.0,3.19,0.0,0.0,"{""type"": ""corridor"", ""from"": ""C0-14"", ""to"": ""C0-15"", ""duration"": 2.6583965509724488, ""distance_m"": 3.1900758611669384, ""speed_factor"": 1.0, ""congestion_count"": 0, ""from_x"": 142.333, ""from_y"": -132.392, ""to_x"": 142.311, ""to_y"": -135.582, ""from_floor"": 0, ""to_floor"": 0}",,,,0.0,,,False,,,{}
AMR-B-2,RETURN-GEN_WASTE_D44_00002-4,corridor,2026-01-02 13:11:36,2026-01-02 13:11:38,C0-15,C0-44,,,142.311,-135.582,0,142.385,-138.767,0,completed,115896.144,2026-01-02 13:11:36,segment_corridor,Clinical Waste Bin,Clinical_Waste_Bin-shared_OPD_SET_1-000001,,[],[],[],0,0,,C0-15,C0-44,,2.655,0.0,3.186,0.0,0.0,"{""type"": ""corridor"", ""from"": ""C0-15"", ""to"": ""C0-44"", ""duration"": 2.6548829488740613, ""distance_m"": 3.1858595386488733, ""speed_factor"": 1.0, ""congestion_count"": 0, ""from_x"": 142.311, ""from_y"": -135.582, ""to_x"": 142.385, ""to_y"": -138.767, ""from_floor"": 0, ""to_floor"": 0}",,,,0.0,,,False,,,{}
AMR-B-2,RETURN-GEN_WASTE_D44_00002-4,corridor,2026-01-02 13:11:38,2026-01-02 13:11:45,C0-44,C0-45,,,142.385,-138.767,0,142.637,-146.743,0,completed,115898.799,2026-01-02 13:11:38,segment_corridor,Clinical Waste Bin,Clinical_Waste_Bin-shared_OPD_SET_1-000001,,[],[],[],0,0,,C0-44,C0-45,,6.65,0.0,7.98,0.0,0.0,"{""type"": ""corridor"", ""from"": ""C0-44"", ""to"": ""C0-45"", ""duration"": 6.649983291541249, ""distance_m"": 7.979979949849498, ""speed_factor"": 1.0, ""congestion_count"": 0, ""from_x"": 142.385, ""from_y"": -138.767, ""to_x"": 142.637, ""to_y"": -146.743, ""from_floor"": 0, ""to_floor"": 0}",,,,0.0,,,False,,,{}
AMR-B-2,RETURN-GEN_WASTE_D44_00002-4,corridor,2026-01-02 13:11:45,2026-01-02 13:11:48,C0-45,C0-16,,,142.637,-146.743,0,142.744,-150.046,0,completed,115905.449,2026-01-02 13:11:45,segment_corridor,Clinical Waste Bin,Clinical_Waste_Bin-shared_OPD_SET_1-000001,,[],[],[],0,0,,C0-45,C0-16,,2.754,0.0,3.305,0.0,0.0,"{""type"": ""corridor"", ""from"": ""C0-45"", ""to"": ""C0-16"", ""duration"": 2.7539438891241836, ""distance_m"": 3.30473266694902, ""speed_factor"": 1.0, ""congestion_count"": 0, ""from_x"": 142.637, ""from_y"": -146.743, ""to_x"": 142.744, ""to_y"": -150.046, ""from_floor"": 0, ""to_floor"": 0}",,,,0.0,,,False,,,{}
AMR-B-2,RETURN-GEN_WASTE_D44_00002-4,corridor,2026-01-02 13:11:48,2026-01-02 13:11:50,C0-16,C0-17,,,142.744,-150.046,0,139.652,-150.053,0,completed,115908.203,2026-01-02 13:11:48,segment_corridor,Clinical Waste Bin,Clinical_Waste_Bin-shared_OPD_SET_1-000001,,[],[],[],0,0,,C0-16,C0-17,,2.577,0.0,3.092,0.0,0.0,"{""type"": ""corridor"", ""from"": ""C0-16"", ""to"": ""C0-17"", ""duration"": 2.5766732697198815, ""distance_m"": 3.0920079236638576, ""speed_factor"": 1.0, ""congestion_count"": 0, ""from_x"": 142.744, ""from_y"": -150.046, ""to_x"": 139.652, ""to_y"": -150.053, ""from_floor"": 0, ""to_floor"": 0}",,,,0.0,,,False,,,{}
AMR-B-2,RETURN-GEN_WASTE_D44_00002-4,corridor,2026-01-02 13:11:50,2026-01-02 13:11:53,C0-17,D4-WASTE,,,139.652,-150.053,0,139.696,-153.083,0,completed,115910.78,2026-01-02 13:11:50,segment_corridor,Clinical Waste Bin,Clinical_Waste_Bin-shared_OPD_SET_1-000001,,[],[],[],0,0,,C0-17,D4-WASTE,,2.525,0.0,3.03,0.0,0.0,"{""type"": ""corridor"", ""from"": ""C0-17"", ""to"": ""D4-WASTE"", ""duration"": 2.5252662125891696, ""distance_m"": 3.0303194551070036, ""speed_factor"": 1.0, ""congestion_count"": 0, ""from_x"": 139.652, ""from_y"": -150.053, ""to_x"": 139.696, ""to_y"": -153.083, ""from_floor"": 0, ""to_floor"": 0}",,,,0.0,,,False,,,{}
AMR-B-2,RETURN-GEN_WASTE_D44_00002-4,dropoff,2026-01-02 13:11:53,2026-01-02 13:12:13,,,,,,,,,,,completed,115913.305,2026-01-02 13:11:53,segment_dropoff,Clinical Waste Bin,Clinical_Waste_Bin-shared_OPD_SET_1-000001,,[],[],[],0,0,,D47-WASTE,D4-WASTE,,20.0,0.0,0.0,0.0,0.0,"{""type"": ""dropoff"", ""location"": ""D4-WASTE"", ""duration"": 20.0, ""inventory_space"": ""Clinical Waste Bin space 1"", ""from_x"": null, ""from_y"": null, ""to_x"": null, ""to_y"": null, ""from_floor"": null, ""to_floor"": null}",,,,0.0,,,False,,,{}
AMR-B-1,RETURN-AMR-B-1-5,,2026-01-02 13:09:07,2026-01-02 13:09:07,,,,,,,,,,,finish,115747.706,2026-01-02 13:09:07,task_complete,,,,[],[],[],0,0,,D47-WASTE,AMR-CENTRE,,0.0,0.0,0.0,0.0,0.0,Task RETURN-AMR-B-1-5 completed,,,,0.0,,,False,,,{}
AMR-B-2,RETURN-GEN_WASTE_D44_00002-4,,2026-01-02 13:12:13,2026-01-02 13:12:13,,,,,,,,,,,finish,115933.305,2026-01-02 13:12:13,task_complete,Clinical Waste Bin,Clinical_Waste_Bin-shared_OPD_SET_1-000001,,[],[],[],0,0,,D47-WASTE,D4-WASTE,,0.0,0.0,0.0,0.0,0.0,Task RETURN-GEN_WASTE_D44_00002-4 completed,task_generation_return,D44,Clinical,0.0,Clinical Waste Bin,,False,,,{}
AMR-B-2,RETURN-AMR-B-2-6,,2026-01-02 13:12:13,2026-01-02 13:12:14,,,D4-WASTE,AMR-CENTRE,,,,,,,start,115933.305,2026-01-02 13:12:13,task_assigned,,,,[],[],[],0,0,,D4-WASTE,AMR-CENTRE,,0.0,0.0,0.0,0.0,164.801,Assigned task to AMR-B-2,,,,0.0,,,False,,,{}
AMR-B-2,RETURN-AMR-B-2-6,pickup,2026-01-02 13:12:13,2026-01-02 13:12:33,,,,,,,,,,,completed,115933.305,2026-01-02 13:12:13,segment_pickup,,,,[],[],[],0,0,,D4-WASTE,AMR-CENTRE,,20.0,0.0,0.0,0.0,0.0,"{""type"": ""pickup"", ""location"": ""D4-WASTE"", ""duration"": 20.0, ""from_x"": null, ""from_y"": null, ""to_x"": null, ""to_y"": null, ""from_floor"": null, ""to_floor"": null}",,,,0.0,,,False,,,{}
AMR-B-2,RETURN-AMR-B-2-6,corridor,2026-01-02 13:12:33,2026-01-02 13:12:35,D4-WASTE,C0-17,,,139.696,-153.083,0,139.652,-150.053,0,completed,115953.305,2026-01-02 13:12:33,segment_corridor,,,,[],[],[],0,0,,D4-WASTE,C0-17,,2.525,0.0,3.03,0.0,0.0,"{""type"": ""corridor"", ""from"": ""D4-WASTE"", ""to"": ""C0-17"", ""duration"": 2.5252662125891696, ""distance_m"": 3.0303194551070036, ""speed_factor"": 1.0, ""congestion_count"": 0, ""from_x"": 139.696, ""from_y"": -153.083, ""to_x"": 139.652, ""to_y"": -150.053, ""from_floor"": 0, ""to_floor"": 0}",,,,0.0,,,False,,,{}
AMR-B-2,RETURN-AMR-B-2-6,corridor,2026-01-02 13:12:35,2026-01-02 13:12:38,C0-17,C0-16,,,139.652,-150.053,0,142.744,-150.046,0,completed,115955.83,2026-01-02 13:12:35,segment_corridor,,,,[],[],[],0,0,,C0-17,C0-16,,2.577,0.0,3.092,0.0,0.0,"{""type"": ""corridor"", ""from"": ""C0-17"", ""to"": ""C0-16"", ""duration"": 2.5766732697198815, ""distance_m"": 3.0920079236638576, ""speed_factor"": 1.0, ""congestion_count"": 0, ""from_x"": 139.652, ""from_y"": -150.053, ""to_x"": 142.744, ""to_y"": -150.046, ""from_floor"": 0, ""to_floor"": 0}",,,,0.0,,,False,,,{}
AMR-B-2,RETURN-AMR-B-2-6,corridor,2026-01-02 13:12:38,2026-01-02 13:12:41,C0-16,C0-45,,,142.744,-150.046,0,142.637,-146.743,0,completed,115958.407,2026-01-02 13:12:38,segment_corridor,,,,[],[],[],0,0,,C0-16,C0-45,,2.754,0.0,3.305,0.0,0.0,"{""type"": ""corridor"", ""from"": ""C0-16"", ""to"": ""C0-45"", ""duration"": 2.7539438891241836, ""distance_m"": 3.30473266694902, ""speed_factor"": 1.0, ""congestion_count"": 0, ""from_x"": 142.744, ""from_y"": -150.046, ""to_x"": 142.637, ""to_y"": -146.743, ""from_floor"": 0, ""to_floor"": 0}",,,,0.0,,,False,,,{}
AMR-B-2,RETURN-AMR-B-2-6,corridor,2026-01-02 13:12:41,2026-01-02 13:12:47,C0-45,C0-44,,,142.637,-146.743,0,142.385,-138.767,0,completed,115961.161,2026-01-02 13:12:41,segment_corridor,,,,[],[],[],0,0,,C0-45,C0-44,,6.65,0.0,7.98,0.0,0.0,"{""type"": ""corridor"", ""from"": ""C0-45"", ""to"": ""C0-44"", ""duration"": 6.649983291541249, ""distance_m"": 7.979979949849498, ""speed_factor"": 1.0, ""congestion_count"": 0, ""from_x"": 142.637, ""from_y"": -146.743, ""to_x"": 142.385, ""to_y"": -138.767, ""from_floor"": 0, ""to_floor"": 0}",,,,0.0,,,False,,,{}
AMR-B-2,RETURN-AMR-B-2-6,corridor,2026-01-02 13:12:47,2026-01-02 13:12:50,C0-44,C0-15,,,142.385,-138.767,0,142.311,-135.582,0,completed,115967.811,2026-01-02 13:12:47,segment_corridor,,,,[],[],[],0,0,,C0-44,C0-15,,2.655,0.0,3.186,0.0,0.0,"{""type"": ""corridor"", ""from"": ""C0-44"", ""to"": ""C0-15"", ""duration"": 2.6548829488740613, ""distance_m"": 3.1858595386488733, ""speed_factor"": 1.0, ""congestion_count"": 0, ""from_x"": 142.385, ""from_y"": -138.767, ""to_x"": 142.311, ""to_y"": -135.582, ""from_floor"": 0, ""to_floor"": 0}",,,,0.0,,,False,,,{}
AMR-B-2,RETURN-AMR-B-2-6,corridor,2026-01-02 13:12:50,2026-01-02 13:12:53,C0-15,C0-14,,,142.311,-135.582,0,142.333,-132.392,0,completed,115970.466,2026-01-02 13:12:50,segment_corridor,,,,[],[],[],0,0,,C0-15,C0-14,,2.658,0.0,3.19,0.0,0.0,"{""type"": ""corridor"", ""from"": ""C0-15"", ""to"": ""C0-14"", ""duration"": 2.6583965509724488, ""distance_m"": 3.1900758611669384, ""speed_factor"": 1.0, ""congestion_count"": 0, ""from_x"": 142.311, ""from_y"": -135.582, ""to_x"": 142.333, ""to_y"": -132.392, ""from_floor"": 0, ""to_floor"": 0}",,,,0.0,,,False,,,{}
AMR-B-2,RETURN-AMR-B-2-6,corridor,2026-01-02 13:12:53,2026-01-02 13:13:01,C0-14,C0-13,,,142.333,-132.392,0,151.939,-132.199,0,completed,115973.124,2026-01-02 13:12:53,segment_corridor,,,,[],[],[],0,0,,C0-14,C0-13,,8.007,0.0,9.608,0.0,0.0,"{""type"": ""corridor"", ""from"": ""C0-14"", ""to"": ""C0-13"", ""duration"": 8.006615537236133, ""distance_m"": 9.607938644683358, ""speed_factor"": 1.0, ""congestion_count"": 0, ""from_x"": 142.333, ""from_y"": -132.392, ""to_x"": 151.939, ""to_y"": -132.199, ""from_floor"": 0, ""to_floor"": 0}",,,,0.0,,,False,,,{}
AMR-B-2,RETURN-AMR-B-2-6,corridor,2026-01-02 13:13:01,2026-01-02 13:13:09,C0-13,C0-12,,,151.939,-132.199,0,151.969,-122.524,0,completed,115981.131,2026-01-02 13:13:01,segment_corridor,,,,[],[],[],0,0,,C0-13,C0-12,,8.063,0.0,9.675,0.0,0.0,"{""type"": ""corridor"", ""from"": ""C0-13"", ""to"": ""C0-12"", ""duration"": 8.062538759596766, ""distance_m"": 9.675046511516118, ""speed_factor"": 1.0, ""congestion_count"": 0, ""from_x"": 151.939, ""from_y"": -132.199, ""to_x"": 151.969, ""to_y"": -122.524, ""from_floor"": 0, ""to_floor"": 0}",,,,0.0,,,False,,,{}
AMR-B-2,RETURN-AMR-B-2-6,corridor,2026-01-02 13:13:09,2026-01-02 13:13:12,C0-12,C0-82,,,151.969,-122.524,0,151.957,-118.723,0,completed,115989.193,2026-01-02 13:13:09,segment_corridor,,,,[],[],[],0,0,,C0-12,C0-82,,3.168,0.0,3.801,0.0,0.0,"{""type"": ""corridor"", ""from"": ""C0-12"", ""to"": ""C0-82"", ""duration"": 3.167515785280321, ""distance_m"": 3.8010189423363854, ""speed_factor"": 1.0, ""congestion_count"": 0, ""from_x"": 151.969, ""from_y"": -122.524, ""to_x"": 151.957, ""to_y"": -118.723, ""from_floor"": 0, ""to_floor"": 0}",,,,0.0,,,False,,,{}
AMR-B-2,RETURN-AMR-B-2-6,corridor,2026-01-02 13:13:12,2026-01-02 13:13:19,C0-82,C0-107,,,151.957,-118.723,0,151.875,-110.231,0,completed,115992.361,2026-01-02 13:13:12,segment_corridor,,,,[],[],[],0,0,,C0-82,C0-107,,7.077,0.0,8.492,0.0,0.0,"{""type"": ""corridor"", ""from"": ""C0-82"", ""to"": ""C0-107"", ""duration"": 7.076996577331065, ""distance_m"": 8.492395892797278, ""speed_factor"": 1.0, ""congestion_count"": 0, ""from_x"": 151.957, ""from_y"": -118.723, ""to_x"": 151.875, ""to_y"": -110.231, ""from_floor"": 0, ""to_floor"": 0}",,,,0.0,,,False,,,{}
AMR-B-2,RETURN-AMR-B-2-6,corridor,2026-01-02 13:13:19,2026-01-02 13:13:25,C0-107,C0-10,,,151.875,-110.231,0,151.906,-103.332,0,completed,115999.438,2026-01-02 13:13:19,segment_corridor,,,,[],[],[],0,0,,C0-107,C0-10,,5.749,0.0,6.899,0.0,0.0,"{""type"": ""corridor"", ""from"": ""C0-107"", ""to"": ""C0-10"", ""duration"": 5.749224706186238, ""distance_m"": 6.899069647423485, ""speed_factor"": 1.0, ""congestion_count"": 0, ""from_x"": 151.875, ""from_y"": -110.231, ""to_x"": 151.906, ""to_y"": -103.332, ""from_floor"": 0, ""to_floor"": 0}",,,,0.0,,,False,,,{}
AMR-B-2,RETURN-AMR-B-2-6,corridor,2026-01-02 13:13:25,2026-01-02 13:13:33,C0-10,C0-78,,,151.906,-103.332,0,151.853,-93.062,0,completed,116005.187,2026-01-02 13:13:25,segment_corridor,,,,[],[],[],0,0,,C0-10,C0-78,,8.558,0.0,10.27,0.0,0.0,"{""type"": ""corridor"", ""from"": ""C0-10"", ""to"": ""C0-78"", ""duration"": 8.558447297196428, ""distance_m"": 10.270136756635713, ""speed_factor"": 1.0, ""congestion_count"": 0, ""from_x"": 151.906, ""from_y"": -103.332, ""to_x"": 151.853, ""to_y"": -93.062, ""from_floor"": 0, ""to_floor"": 0}",,,,0.0,,,False,,,{}
AMR-B-2,RETURN-AMR-B-2-6,corridor,2026-01-02 13:13:33,2026-01-02 13:13:40,C0-78,C0-9,,,151.853,-93.062,0,151.815,-84.679,0,completed,116013.745,2026-01-02 13:13:33,segment_corridor,,,,[],[],[],0,0,,C0-78,C0-9,,6.986,0.0,8.383,0.0,0.0,"{""type"": ""corridor"", ""from"": ""C0-78"", ""to"": ""C0-9"", ""duration"": 6.9859051052021055, ""distance_m"": 8.383086126242526, ""speed_factor"": 1.0, ""congestion_count"": 0, ""from_x"": 151.853, ""from_y"": -93.062, ""to_x"": 151.815, ""to_y"": -84.679, ""from_floor"": 0, ""to_floor"": 0}",,,,0.0,,,False,,,{}
AMR-B-2,RETURN-AMR-B-2-6,corridor,2026-01-02 13:13:40,2026-01-02 13:13:50,C0-9,C0-23,,,151.815,-84.679,0,140.608,-84.673,0,completed,116020.731,2026-01-02 13:13:40,segment_corridor,,,,[],[],[],0,0,,C0-9,C0-23,,9.339,0.0,11.207,0.0,0.0,"{""type"": ""corridor"", ""from"": ""C0-9"", ""to"": ""C0-23"", ""duration"": 9.33916800511575, ""distance_m"": 11.207001606138899, ""speed_factor"": 1.0, ""congestion_count"": 0, ""from_x"": 151.815, ""from_y"": -84.679, ""to_x"": 140.608, ""to_y"": -84.673, ""from_floor"": 0, ""to_floor"": 0}",,,,0.0,,,False,,,{}
AMR-B-2,RETURN-AMR-B-2-6,corridor,2026-01-02 13:13:50,2026-01-02 13:13:53,C0-23,Lift-4-F0,,,140.608,-84.673,0,140.605,-89.055,0,completed,116030.071,2026-01-02 13:13:50,segment_corridor,,,,[],[],[],0,0,,C0-23,Lift-4-F0,,3.652,0.0,4.382,0.0,0.0,"{""type"": ""corridor"", ""from"": ""C0-23"", ""to"": ""Lift-4-F0"", ""duration"": 3.6516675224401896, ""distance_m"": 4.3820010269282275, ""speed_factor"": 1.0, ""congestion_count"": 0, ""from_x"": 140.608, ""from_y"": -84.673, ""to_x"": 140.605, ""to_y"": -89.055, ""from_floor"": 0, ""to_floor"": 0}",,,,0.0,,,False,,,{}
AMR-B-2,RETURN-AMR-B-2-6,lift_transfer,2026-01-02 13:13:53,2026-01-02 13:14:18,Lift-4-F0,Lift-4-F2,,,140.605,-89.055,0,140.605,-89.055,2,completed,116033.722,2026-01-02 13:13:53,segment_lift_transfer,,,,[],[],[],0,0,,Lift-4-F0,Lift-4-F2,Lift-4,24.444,0.0,8.0,0.021564102564102565,0.0,"{""type"": ""lift_transfer"", ""lift_id"": ""Lift-4"", ""from"": ""Lift-4-F0"", ""to"": ""Lift-4-F2"", ""from_floor"": 0, ""to_floor"": 2, ""wait_time"": 0.0, ""duration"": 24.444444444437977, ""distance_m"": 8.0, ""vertical_distance_m"": 8.0, ""energy_kwh"": 0.021564102564102565, ""from_x"": 140.605, ""from_y"": -89.055, ""to_x"": 140.605, ""to_y"": -89.055}",,,,0.0,,,False,,,{}
AMR-B-2,RETURN-AMR-B-2-6,corridor,2026-01-02 13:14:18,2026-01-02 13:14:21,Lift-4-F2,C2-12,,,140.605,-89.055,2,140.54,-85.162,2,completed,116058.167,2026-01-02 13:14:18,segment_corridor,,,,[],[],[],0,0,,Lift-4-F2,C2-12,,3.245,0.0,3.894,0.0,0.0,"{""type"": ""corridor"", ""from"": ""Lift-4-F2"", ""to"": ""C2-12"", ""duration"": 3.24461883568608, ""distance_m"": 3.893542602823296, ""speed_factor"": 1.0, ""congestion_count"": 0, ""from_x"": 140.605, ""from_y"": -89.055, ""to_x"": 140.54, ""to_y"": -85.162, ""from_floor"": 2, ""to_floor"": 2}",,,,0.0,,,False,,,{}
AMR-B-2,RETURN-AMR-B-2-6,corridor,2026-01-02 13:14:21,2026-01-02 13:14:26,C2-12,C2-22,,,140.54,-85.162,2,146.298,-84.823,2,completed,116061.411,2026-01-02 13:14:21,segment_corridor,,,,[],[],[],0,0,,C2-12,C2-22,,4.807,0.0,5.768,0.0,0.0,"{""type"": ""corridor"", ""from"": ""C2-12"", ""to"": ""C2-22"", ""duration"": 4.806642178046736, ""distance_m"": 5.767970613656082, ""speed_factor"": 1.0, ""congestion_count"": 0, ""from_x"": 140.54, ""from_y"": -85.162, ""to_x"": 146.298, ""to_y"": -84.823, ""from_floor"": 2, ""to_floor"": 2}",,,,0.0,,,False,,,{}
AMR-B-2,RETURN-AMR-B-2-6,corridor,2026-01-02 13:14:26,2026-01-02 13:14:30,C2-22,C2-10,,,146.298,-84.823,2,151.747,-84.823,2,completed,116066.218,2026-01-02 13:14:26,segment_corridor,,,,[],[],[],0,0,,C2-22,C2-10,,4.541,0.0,5.449,0.0,0.0,"{""type"": ""corridor"", ""from"": ""C2-22"", ""to"": ""C2-10"", ""duration"": 4.540833333333344, ""distance_m"": 5.449000000000012, ""speed_factor"": 1.0, ""congestion_count"": 0, ""from_x"": 146.298, ""from_y"": -84.823, ""to_x"": 151.747, ""to_y"": -84.823, ""from_floor"": 2, ""to_floor"": 2}",,,,0.0,,,False,,,{}
AMR-B-2,RETURN-AMR-B-2-6,corridor,2026-01-02 13:14:30,2026-01-02 13:14:35,C2-10,C2-11,,,151.747,-84.823,2,157.38,-84.803,2,completed,116070.759,2026-01-02 13:14:30,segment_corridor,,,,[],[],[],0,0,,C2-10,C2-11,,4.694,0.0,5.633,0.0,0.0,"{""type"": ""corridor"", ""from"": ""C2-10"", ""to"": ""C2-11"", ""duration"": 4.694196254122965, ""distance_m"": 5.633035504947558, ""speed_factor"": 1.0, ""congestion_count"": 0, ""from_x"": 151.747, ""from_y"": -84.823, ""to_x"": 157.38, ""to_y"": -84.803, ""from_floor"": 2, ""to_floor"": 2}",,,,0.0,,,False,,,{}
AMR-B-2,RETURN-AMR-B-2-6,corridor,2026-01-02 13:14:35,2026-01-02 13:14:38,C2-11,AMR-CENTRE,,,157.38,-84.803,2,157.36,-81.619,2,completed,116075.453,2026-01-02 13:14:35,segment_corridor,,,,[],[],[],0,0,,C2-11,AMR-CENTRE,,2.653,0.0,3.184,0.0,0.0,"{""type"": ""corridor"", ""from"": ""C2-11"", ""to"": ""AMR-CENTRE"", ""duration"": 2.6533856778756353, ""distance_m"": 3.1840628134507623, ""speed_factor"": 1.0, ""congestion_count"": 0, ""from_x"": 157.38, ""from_y"": -84.803, ""to_x"": 157.36, ""to_y"": -81.619, ""from_floor"": 2, ""to_floor"": 2}",,,,0.0,,,False,,,{}
AMR-B-2,RETURN-AMR-B-2-6,dropoff,2026-01-02 13:14:38,2026-01-02 13:14:58,,,,,,,,,,,completed,116078.106,2026-01-02 13:14:38,segment_dropoff,,,,[],[],[],0,0,,D4-WASTE,AMR-CENTRE,,20.0,0.0,0.0,0.0,0.0,"{""type"": ""dropoff"", ""location"": ""AMR-CENTRE"", ""duration"": 20.0, ""inventory_space"": """", ""from_x"": null, ""from_y"": null, ""to_x"": null, ""to_y"": null, ""from_floor"": null, ""to_floor"": null}",,,,0.0,,,False,,,{}
AMR-B-2,RETURN-AMR-B-2-6,,2026-01-02 13:14:58,2026-01-02 13:14:58,,,,,,,,,,,finish,116098.106,2026-01-02 13:14:58,task_complete,,,,[],[],[],0,0,,D4-WASTE,AMR-CENTRE,,0.0,0.0,0.0,0.0,0.0,Task RETURN-AMR-B-2-6 completed,,,,0.0,,,False,,,{}
,GEN_WASTE_D44_00003,,2026-01-05 05:00:00,2026-01-05 05:00:00,D4-WASTE,D47-WASTE,,,139.696,-153.083,0,176.0,12.0,0,generated,345600.0,2026-01-05 05:00:00,task_generated,Clinical Waste Bin,Clinical_Waste_Bin-shared_OPD_SET_1-000001,,[],[],[],0,0,,D4-WASTE,D47-WASTE,,0.0,0.0,0.0,0.0,0.0,Generated threshold waste task,department_waste,D44,Clinical,0.616,Clinical Waste Bin,,False,,,{}
AMR-B-1,GEN_WASTE_D44_00003,,2026-01-05 05:00:00,2026-01-05 05:00:01,,,AMR-CENTRE,D47-WASTE,,,,,,,start,345600.0,2026-01-05 05:00:00,task_assigned,Clinical Waste Bin,Clinical_Waste_Bin-shared_OPD_SET_1-000001,,[],[],[],0,0,,D4-WASTE,D47-WASTE,,0.0,0.0,0.0,0.0,341.729,Assigned task to AMR-B-1,department_waste,D44,Clinical,0.616,Clinical Waste Bin,,False,,,{}
AMR-B-1,GEN_WASTE_D44_00003,corridor,2026-01-05 05:00:00,2026-01-05 05:00:02,AMR-CENTRE,C2-11,,,157.36,-81.619,2,157.38,-84.803,2,completed,345600.0,2026-01-05 05:00:00,segment_corridor,,,,[],[],[],0,0,,AMR-CENTRE,C2-11,,2.653,0.0,3.184,0.0,0.0,"{""type"": ""corridor"", ""from"": ""AMR-CENTRE"", ""to"": ""C2-11"", ""duration"": 2.6533856778756353, ""distance_m"": 3.1840628134507623, ""speed_factor"": 1.0, ""congestion_count"": 0, ""from_x"": 157.36, ""from_y"": -81.619, ""to_x"": 157.38, ""to_y"": -84.803, ""from_floor"": 2, ""to_floor"": 2}",,,,0.0,,,False,,,{}
AMR-B-1,GEN_WASTE_D44_00003,corridor,2026-01-05 05:00:02,2026-01-05 05:00:07,C2-11,C2-10,,,157.38,-84.803,2,151.747,-84.823,2,completed,345602.653,2026-01-05 05:00:02,segment_corridor,,,,[],[],[],0,0,,C2-11,C2-10,,4.694,0.0,5.633,0.0,0.0,"{""type"": ""corridor"", ""from"": ""C2-11"", ""to"": ""C2-10"", ""duration"": 4.694196254122965, ""distance_m"": 5.633035504947558, ""speed_factor"": 1.0, ""congestion_count"": 0, ""from_x"": 157.38, ""from_y"": -84.803, ""to_x"": 151.747, ""to_y"": -84.823, ""from_floor"": 2, ""to_floor"": 2}",,,,0.0,,,False,,,{}
AMR-B-1,GEN_WASTE_D44_00003,corridor,2026-01-05 05:00:07,2026-01-05 05:00:11,C2-10,C2-22,,,151.747,-84.823,2,146.298,-84.823,2,completed,345607.348,2026-01-05 05:00:07,segment_corridor,,,,[],[],[],0,0,,C2-10,C2-22,,4.541,0.0,5.449,0.0,0.0,"{""type"": ""corridor"", ""from"": ""C2-10"", ""to"": ""C2-22"", ""duration"": 4.540833333333344, ""distance_m"": 5.449000000000012, ""speed_factor"": 1.0, ""congestion_count"": 0, ""from_x"": 151.747, ""from_y"": -84.823, ""to_x"": 146.298, ""to_y"": -84.823, ""from_floor"": 2, ""to_floor"": 2}",,,,0.0,,,False,,,{}
AMR-B-1,GEN_WASTE_D44_00003,corridor,2026-01-05 05:00:11,2026-01-05 05:00:16,C2-22,C2-12,,,146.298,-84.823,2,140.54,-85.162,2,completed,345611.888,2026-01-05 05:00:11,segment_corridor,,,,[],[],[],0,0,,C2-22,C2-12,,4.807,0.0,5.768,0.0,0.0,"{""type"": ""corridor"", ""from"": ""C2-22"", ""to"": ""C2-12"", ""duration"": 4.806642178046736, ""distance_m"": 5.767970613656082, ""speed_factor"": 1.0, ""congestion_count"": 0, ""from_x"": 146.298, ""from_y"": -84.823, ""to_x"": 140.54, ""to_y"": -85.162, ""from_floor"": 2, ""to_floor"": 2}",,,,0.0,,,False,,,{}
AMR-B-1,GEN_WASTE_D44_00003,corridor,2026-01-05 05:00:16,2026-01-05 05:00:19,C2-12,Lift-2-F2,,,140.54,-85.162,2,140.476,-81.715,2,completed,345616.695,2026-01-05 05:00:16,segment_corridor,,,,[],[],[],0,0,,C2-12,Lift-2-F2,,2.873,0.0,3.448,0.0,0.0,"{""type"": ""corridor"", ""from"": ""C2-12"", ""to"": ""Lift-2-F2"", ""duration"": 2.8729950738635908, ""distance_m"": 3.4475940886363086, ""speed_factor"": 1.0, ""congestion_count"": 0, ""from_x"": 140.54, ""from_y"": -85.162, ""to_x"": 140.476, ""to_y"": -81.715, ""from_floor"": 2, ""to_floor"": 2}",,,,0.0,,,False,,,{}
AMR-B-1,GEN_WASTE_D44_00003,lift_transfer,2026-01-05 05:00:19,2026-01-05 05:00:44,Lift-2-F2,Lift-2-F0,,,140.476,-81.715,2,140.476,-81.715,0,completed,345619.568,2026-01-05 05:00:19,segment_lift_transfer,,,,[],[],[],0,0,,Lift-2-F2,Lift-2-F0,Lift-2,24.444,0.0,8.0,0.02086538461538462,0.0,"{""type"": ""lift_transfer"", ""lift_id"": ""Lift-2"", ""from"": ""Lift-2-F2"", ""to"": ""Lift-2-F0"", ""from_floor"": 2, ""to_floor"": 0, ""wait_time"": 0.0, ""duration"": 24.444444444437977, ""distance_m"": 8.0, ""vertical_distance_m"": 8.0, ""energy_kwh"": 0.02086538461538462, ""from_x"": 140.476, ""from_y"": -81.715, ""to_x"": 140.476, ""to_y"": -81.715}",,,,0.0,,,False,,,{}
AMR-B-1,GEN_WASTE_D44_00003,corridor,2026-01-05 05:00:44,2026-01-05 05:00:46,Lift-2-F0,C0-23,,,140.476,-81.715,0,140.608,-84.673,0,completed,345644.012,2026-01-05 05:00:44,segment_corridor,,,,[],[],[],0,0,,Lift-2-F0,C0-23,,2.467,0.0,2.961,0.0,0.0,"{""type"": ""corridor"", ""from"": ""Lift-2-F0"", ""to"": ""C0-23"", ""duration"": 2.4674531403858504, ""distance_m"": 2.96094376846302, ""speed_factor"": 1.0, ""congestion_count"": 0, ""from_x"": 140.476, ""from_y"": -81.715, ""to_x"": 140.608, ""to_y"": -84.673, ""from_floor"": 0, ""to_floor"": 0}",,,,0.0,,,False,,,{}
AMR-B-1,GEN_WASTE_D44_00003,corridor,2026-01-05 05:00:46,2026-01-05 05:00:55,C0-23,C0-9,,,140.608,-84.673,0,151.815,-84.679,0,completed,345646.48,2026-01-05 05:00:46,segment_corridor,,,,[],[],[],0,0,,C0-23,C0-9,,9.339,0.0,11.207,0.0,0.0,"{""type"": ""corridor"", ""from"": ""C0-23"", ""to"": ""C0-9"", ""duration"": 9.33916800511575, ""distance_m"": 11.207001606138899, ""speed_factor"": 1.0, ""congestion_count"": 0, ""from_x"": 140.608, ""from_y"": -84.673, ""to_x"": 151.815, ""to_y"": -84.679, ""from_floor"": 0, ""to_floor"": 0}",,,,0.0,,,False,,,{}
AMR-B-1,GEN_WASTE_D44_00003,corridor,2026-01-05 05:00:55,2026-01-05 05:01:02,C0-9,C0-78,,,151.815,-84.679,0,151.853,-93.062,0,completed,345655.819,2026-01-05 05:00:55,segment_corridor,,,,[],[],[],0,0,,C0-9,C0-78,,6.986,0.0,8.383,0.0,0.0,"{""type"": ""corridor"", ""from"": ""C0-9"", ""to"": ""C0-78"", ""duration"": 6.9859051052021055, ""distance_m"": 8.383086126242526, ""speed_factor"": 1.0, ""congestion_count"": 0, ""from_x"": 151.815, ""from_y"": -84.679, ""to_x"": 151.853, ""to_y"": -93.062, ""from_floor"": 0, ""to_floor"": 0}",,,,0.0,,,False,,,{}
AMR-B-1,GEN_WASTE_D44_00003,corridor,2026-01-05 05:01:02,2026-01-05 05:01:11,C0-78,C0-10,,,151.853,-93.062,0,151.906,-103.332,0,completed,345662.805,2026-01-05 05:01:02,segment_corridor,,,,[],[],[],0,0,,C0-78,C0-10,,8.558,0.0,10.27,0.0,0.0,"{""type"": ""corridor"", ""from"": ""C0-78"", ""to"": ""C0-10"", ""duration"": 8.558447297196428, ""distance_m"": 10.270136756635713, ""speed_factor"": 1.0, ""congestion_count"": 0, ""from_x"": 151.853, ""from_y"": -93.062, ""to_x"": 151.906, ""to_y"": -103.332, ""from_floor"": 0, ""to_floor"": 0}",,,,0.0,,,False,,,{}
AMR-B-1,GEN_WASTE_D44_00003,corridor,2026-01-05 05:01:11,2026-01-05 05:01:17,C0-10,C0-107,,,151.906,-103.332,0,151.875,-110.231,0,completed,345671.363,2026-01-05 05:01:11,segment_corridor,,,,[],[],[],0,0,,C0-10,C0-107,,5.749,0.0,6.899,0.0,0.0,"{""type"": ""corridor"", ""from"": ""C0-10"", ""to"": ""C0-107"", ""duration"": 5.749224706186238, ""distance_m"": 6.899069647423485, ""speed_factor"": 1.0, ""congestion_count"": 0, ""from_x"": 151.906, ""from_y"": -103.332, ""to_x"": 151.875, ""to_y"": -110.231, ""from_floor"": 0, ""to_floor"": 0}",,,,0.0,,,False,,,{}
AMR-B-1,GEN_WASTE_D44_00003,corridor,2026-01-05 05:01:17,2026-01-05 05:01:24,C0-107,C0-82,,,151.875,-110.231,0,151.957,-118.723,0,completed,345677.113,2026-01-05 05:01:17,segment_corridor,,,,[],[],[],0,0,,C0-107,C0-82,,7.077,0.0,8.492,0.0,0.0,"{""type"": ""corridor"", ""from"": ""C0-107"", ""to"": ""C0-82"", ""duration"": 7.076996577331065, ""distance_m"": 8.492395892797278, ""speed_factor"": 1.0, ""congestion_count"": 0, ""from_x"": 151.875, ""from_y"": -110.231, ""to_x"": 151.957, ""to_y"": -118.723, ""from_floor"": 0, ""to_floor"": 0}",,,,0.0,,,False,,,{}
AMR-B-1,GEN_WASTE_D44_00003,corridor,2026-01-05 05:01:24,2026-01-05 05:01:27,C0-82,C0-12,,,151.957,-118.723,0,151.969,-122.524,0,completed,345684.19,2026-01-05 05:01:24,segment_corridor,,,,[],[],[],0,0,,C0-82,C0-12,,3.168,0.0,3.801,0.0,0.0,"{""type"": ""corridor"", ""from"": ""C0-82"", ""to"": ""C0-12"", ""duration"": 3.167515785280321, ""distance_m"": 3.8010189423363854, ""speed_factor"": 1.0, ""congestion_count"": 0, ""from_x"": 151.957, ""from_y"": -118.723, ""to_x"": 151.969, ""to_y"": -122.524, ""from_floor"": 0, ""to_floor"": 0}",,,,0.0,,,False,,,{}
AMR-B-1,GEN_WASTE_D44_00003,corridor,2026-01-05 05:01:27,2026-01-05 05:01:35,C0-12,C0-13,,,151.969,-122.524,0,151.939,-132.199,0,completed,345687.357,2026-01-05 05:01:27,segment_corridor,,,,[],[],[],0,0,,C0-12,C0-13,,8.063,0.0,9.675,0.0,0.0,"{""type"": ""corridor"", ""from"": ""C0-12"", ""to"": ""C0-13"", ""duration"": 8.062538759596766, ""distance_m"": 9.675046511516118, ""speed_factor"": 1.0, ""congestion_count"": 0, ""from_x"": 151.969, ""from_y"": -122.524, ""to_x"": 151.939, ""to_y"": -132.199, ""from_floor"": 0, ""to_floor"": 0}",,,,0.0,,,False,,,{}
AMR-B-1,GEN_WASTE_D44_00003,corridor,2026-01-05 05:01:35,2026-01-05 05:01:43,C0-13,C0-14,,,151.939,-132.199,0,142.333,-132.392,0,completed,345695.42,2026-01-05 05:01:35,segment_corridor,,,,[],[],[],0,0,,C0-13,C0-14,,8.007,0.0,9.608,0.0,0.0,"{""type"": ""corridor"", ""from"": ""C0-13"", ""to"": ""C0-14"", ""duration"": 8.006615537236133, ""distance_m"": 9.607938644683358, ""speed_factor"": 1.0, ""congestion_count"": 0, ""from_x"": 151.939, ""from_y"": -132.199, ""to_x"": 142.333, ""to_y"": -132.392, ""from_floor"": 0, ""to_floor"": 0}",,,,0.0,,,False,,,{}
AMR-B-1,GEN_WASTE_D44_00003,corridor,2026-01-05 05:01:43,2026-01-05 05:01:46,C0-14,C0-15,,,142.333,-132.392,0,142.311,-135.582,0,completed,345703.426,2026-01-05 05:01:43,segment_corridor,,,,[],[],[],0,0,,C0-14,C0-15,,2.658,0.0,3.19,0.0,0.0,"{""type"": ""corridor"", ""from"": ""C0-14"", ""to"": ""C0-15"", ""duration"": 2.6583965509724488, ""distance_m"": 3.1900758611669384, ""speed_factor"": 1.0, ""congestion_count"": 0, ""from_x"": 142.333, ""from_y"": -132.392, ""to_x"": 142.311, ""to_y"": -135.582, ""from_floor"": 0, ""to_floor"": 0}",,,,0.0,,,False,,,{}
AMR-B-1,GEN_WASTE_D44_00003,corridor,2026-01-05 05:01:46,2026-01-05 05:01:48,C0-15,C0-44,,,142.311,-135.582,0,142.385,-138.767,0,completed,345706.085,2026-01-05 05:01:46,segment_corridor,,,,[],[],[],0,0,,C0-15,C0-44,,2.655,0.0,3.186,0.0,0.0,"{""type"": ""corridor"", ""from"": ""C0-15"", ""to"": ""C0-44"", ""duration"": 2.6548829488740613, ""distance_m"": 3.1858595386488733, ""speed_factor"": 1.0, ""congestion_count"": 0, ""from_x"": 142.311, ""from_y"": -135.582, ""to_x"": 142.385, ""to_y"": -138.767, ""from_floor"": 0, ""to_floor"": 0}",,,,0.0,,,False,,,{}
AMR-B-1,GEN_WASTE_D44_00003,corridor,2026-01-05 05:01:48,2026-01-05 05:01:55,C0-44,C0-45,,,142.385,-138.767,0,142.637,-146.743,0,completed,345708.74,2026-01-05 05:01:48,segment_corridor,,,,[],[],[],0,0,,C0-44,C0-45,,6.65,0.0,7.98,0.0,0.0,"{""type"": ""corridor"", ""from"": ""C0-44"", ""to"": ""C0-45"", ""duration"": 6.649983291541249, ""distance_m"": 7.979979949849498, ""speed_factor"": 1.0, ""congestion_count"": 0, ""from_x"": 142.385, ""from_y"": -138.767, ""to_x"": 142.637, ""to_y"": -146.743, ""from_floor"": 0, ""to_floor"": 0}",,,,0.0,,,False,,,{}
AMR-B-1,GEN_WASTE_D44_00003,corridor,2026-01-05 05:01:55,2026-01-05 05:01:58,C0-45,C0-16,,,142.637,-146.743,0,142.744,-150.046,0,completed,345715.39,2026-01-05 05:01:55,segment_corridor,,,,[],[],[],0,0,,C0-45,C0-16,,2.754,0.0,3.305,0.0,0.0,"{""type"": ""corridor"", ""from"": ""C0-45"", ""to"": ""C0-16"", ""duration"": 2.7539438891241836, ""distance_m"": 3.30473266694902, ""speed_factor"": 1.0, ""congestion_count"": 0, ""from_x"": 142.637, ""from_y"": -146.743, ""to_x"": 142.744, ""to_y"": -150.046, ""from_floor"": 0, ""to_floor"": 0}",,,,0.0,,,False,,,{}
AMR-B-1,GEN_WASTE_D44_00003,corridor,2026-01-05 05:01:58,2026-01-05 05:02:00,C0-16,C0-17,,,142.744,-150.046,0,139.652,-150.053,0,completed,345718.144,2026-01-05 05:01:58,segment_corridor,,,,[],[],[],0,0,,C0-16,C0-17,,2.577,0.0,3.092,0.0,0.0,"{""type"": ""corridor"", ""from"": ""C0-16"", ""to"": ""C0-17"", ""duration"": 2.5766732697198815, ""distance_m"": 3.0920079236638576, ""speed_factor"": 1.0, ""congestion_count"": 0, ""from_x"": 142.744, ""from_y"": -150.046, ""to_x"": 139.652, ""to_y"": -150.053, ""from_floor"": 0, ""to_floor"": 0}",,,,0.0,,,False,,,{}
AMR-B-1,GEN_WASTE_D44_00003,corridor,2026-01-05 05:02:00,2026-01-05 05:02:03,C0-17,D4-WASTE,,,139.652,-150.053,0,139.696,-153.083,0,completed,345720.72,2026-01-05 05:02:00,segment_corridor,,,,[],[],[],0,0,,C0-17,D4-WASTE,,2.525,0.0,3.03,0.0,0.0,"{""type"": ""corridor"", ""from"": ""C0-17"", ""to"": ""D4-WASTE"", ""duration"": 2.5252662125891696, ""distance_m"": 3.0303194551070036, ""speed_factor"": 1.0, ""congestion_count"": 0, ""from_x"": 139.652, ""from_y"": -150.053, ""to_x"": 139.696, ""to_y"": -153.083, ""from_floor"": 0, ""to_floor"": 0}",,,,0.0,,,False,,,{}
AMR-B-1,GEN_WASTE_D44_00003,pickup,2026-01-05 05:02:03,2026-01-05 05:02:23,,,,,,,,,,,completed,345723.246,2026-01-05 05:02:03,segment_pickup,Clinical Waste Bin,Clinical_Waste_Bin-shared_OPD_SET_1-000001,,[],[],[],0,0,,D4-WASTE,D47-WASTE,,20.0,0.0,0.0,0.0,0.0,"{""type"": ""pickup"", ""location"": ""D4-WASTE"", ""duration"": 20.0, ""from_x"": null, ""from_y"": null, ""to_x"": null, ""to_y"": null, ""from_floor"": null, ""to_floor"": null}",,,,0.0,,,False,,,{}
AMR-B-1,GEN_WASTE_D44_00003,corridor,2026-01-05 05:02:23,2026-01-05 05:02:26,D4-WASTE,C0-17,,,139.696,-153.083,0,139.652,-150.053,0,completed,345743.246,2026-01-05 05:02:23,segment_corridor,Clinical Waste Bin,Clinical_Waste_Bin-shared_OPD_SET_1-000001,,[],[],[],0,0,,D4-WASTE,C0-17,,2.971,0.0,3.03,0.0,0.0,"{""type"": ""corridor"", ""from"": ""D4-WASTE"", ""to"": ""C0-17"", ""duration"": 2.9709014265754936, ""distance_m"": 3.0303194551070036, ""speed_factor"": 0.85, ""congestion_count"": 1, ""from_x"": 139.696, ""from_y"": -153.083, ""to_x"": 139.652, ""to_y"": -150.053, ""from_floor"": 0, ""to_floor"": 0}",,,,0.0,,,False,,,{}
AMR-B-1,GEN_WASTE_D44_00003,corridor,2026-01-05 05:02:26,2026-01-05 05:02:29,C0-17,C0-16,,,139.652,-150.053,0,142.744,-150.046,0,completed,345746.216,2026-01-05 05:02:26,segment_corridor,Clinical Waste Bin,Clinical_Waste_Bin-shared_OPD_SET_1-000001,,[],[],[],0,0,,C0-17,C0-16,,3.031,0.0,3.092,0.0,0.0,"{""type"": ""corridor"", ""from"": ""C0-17"", ""to"": ""C0-16"", ""duration"": 3.031380317317508, ""distance_m"": 3.0920079236638576, ""speed_factor"": 0.85, ""congestion_count"": 1, ""from_x"": 139.652, ""from_y"": -150.053, ""to_x"": 142.744, ""to_y"": -150.046, ""from_floor"": 0, ""to_floor"": 0}",,,,0.0,,,False,,,{}
AMR-B-1,GEN_WASTE_D44_00003,corridor,2026-01-05 05:02:29,2026-01-05 05:02:32,C0-16,C0-45,,,142.744,-150.046,0,142.637,-146.743,0,completed,345749.248,2026-01-05 05:02:29,segment_corridor,Clinical Waste Bin,Clinical_Waste_Bin-shared_OPD_SET_1-000001,,[],[],[],0,0,,C0-16,C0-45,,2.754,0.0,3.305,0.0,0.0,"{""type"": ""corridor"", ""from"": ""C0-16"", ""to"": ""C0-45"", ""duration"": 2.7539438891241836, ""distance_m"": 3.30473266694902, ""speed_factor"": 1.0, ""congestion_count"": 0, ""from_x"": 142.744, ""from_y"": -150.046, ""to_x"": 142.637, ""to_y"": -146.743, ""from_floor"": 0, ""to_floor"": 0}",,,,0.0,,,False,,,{}
AMR-B-1,GEN_WASTE_D44_00003,corridor,2026-01-05 05:02:32,2026-01-05 05:02:38,C0-45,C0-44,,,142.637,-146.743,0,142.385,-138.767,0,completed,345752.002,2026-01-05 05:02:32,segment_corridor,Clinical Waste Bin,Clinical_Waste_Bin-shared_OPD_SET_1-000001,,[],[],[],0,0,,C0-45,C0-44,,6.65,0.0,7.98,0.0,0.0,"{""type"": ""corridor"", ""from"": ""C0-45"", ""to"": ""C0-44"", ""duration"": 6.649983291541249, ""distance_m"": 7.979979949849498, ""speed_factor"": 1.0, ""congestion_count"": 0, ""from_x"": 142.637, ""from_y"": -146.743, ""to_x"": 142.385, ""to_y"": -138.767, ""from_floor"": 0, ""to_floor"": 0}",,,,0.0,,,False,,,{}
AMR-B-1,GEN_WASTE_D44_00003,corridor,2026-01-05 05:02:38,2026-01-05 05:02:41,C0-44,C0-15,,,142.385,-138.767,0,142.311,-135.582,0,completed,345758.652,2026-01-05 05:02:38,segment_corridor,Clinical Waste Bin,Clinical_Waste_Bin-shared_OPD_SET_1-000001,,[],[],[],0,0,,C0-44,C0-15,,2.655,0.0,3.186,0.0,0.0,"{""type"": ""corridor"", ""from"": ""C0-44"", ""to"": ""C0-15"", ""duration"": 2.6548829488740613, ""distance_m"": 3.1858595386488733, ""speed_factor"": 1.0, ""congestion_count"": 0, ""from_x"": 142.385, ""from_y"": -138.767, ""to_x"": 142.311, ""to_y"": -135.582, ""from_floor"": 0, ""to_floor"": 0}",,,,0.0,,,False,,,{}
AMR-B-1,GEN_WASTE_D44_00003,corridor,2026-01-05 05:02:41,2026-01-05 05:02:43,C0-15,C0-14,,,142.311,-135.582,0,142.333,-132.392,0,completed,345761.307,2026-01-05 05:02:41,segment_corridor,Clinical Waste Bin,Clinical_Waste_Bin-shared_OPD_SET_1-000001,,[],[],[],0,0,,C0-15,C0-14,,2.658,0.0,3.19,0.0,0.0,"{""type"": ""corridor"", ""from"": ""C0-15"", ""to"": ""C0-14"", ""duration"": 2.6583965509724488, ""distance_m"": 3.1900758611669384, ""speed_factor"": 1.0, ""congestion_count"": 0, ""from_x"": 142.311, ""from_y"": -135.582, ""to_x"": 142.333, ""to_y"": -132.392, ""from_floor"": 0, ""to_floor"": 0}",,,,0.0,,,False,,,{}
AMR-B-1,GEN_WASTE_D44_00003,corridor,2026-01-05 05:02:43,2026-01-05 05:02:51,C0-14,C0-13,,,142.333,-132.392,0,151.939,-132.199,0,completed,345763.965,2026-01-05 05:02:43,segment_corridor,Clinical Waste Bin,Clinical_Waste_Bin-shared_OPD_SET_1-000001,,[],[],[],0,0,,C0-14,C0-13,,8.007,0.0,9.608,0.0,0.0,"{""type"": ""corridor"", ""from"": ""C0-14"", ""to"": ""C0-13"", ""duration"": 8.006615537236133, ""distance_m"": 9.607938644683358, ""speed_factor"": 1.0, ""congestion_count"": 0, ""from_x"": 142.333, ""from_y"": -132.392, ""to_x"": 151.939, ""to_y"": -132.199, ""from_floor"": 0, ""to_floor"": 0}",,,,0.0,,,False,,,{}
AMR-B-1,GEN_WASTE_D44_00003,corridor,2026-01-05 05:02:51,2026-01-05 05:03:00,C0-13,C0-12,,,151.939,-132.199,0,151.969,-122.524,0,completed,345771.972,2026-01-05 05:02:51,segment_corridor,Clinical Waste Bin,Clinical_Waste_Bin-shared_OPD_SET_1-000001,,[],[],[],0,0,,C0-13,C0-12,,8.063,0.0,9.675,0.0,0.0,"{""type"": ""corridor"", ""from"": ""C0-13"", ""to"": ""C0-12"", ""duration"": 8.062538759596766, ""distance_m"": 9.675046511516118, ""speed_factor"": 1.0, ""congestion_count"": 0, ""from_x"": 151.939, ""from_y"": -132.199, ""to_x"": 151.969, ""to_y"": -122.524, ""from_floor"": 0, ""to_floor"": 0}",,,,0.0,,,False,,,{}
AMR-B-1,GEN_WASTE_D44_00003,corridor,2026-01-05 05:03:00,2026-01-05 05:03:03,C0-12,C0-82,,,151.969,-122.524,0,151.957,-118.723,0,completed,345780.034,2026-01-05 05:03:00,segment_corridor,Clinical Waste Bin,Clinical_Waste_Bin-shared_OPD_SET_1-000001,,[],[],[],0,0,,C0-12,C0-82,,3.168,0.0,3.801,0.0,0.0,"{""type"": ""corridor"", ""from"": ""C0-12"", ""to"": ""C0-82"", ""duration"": 3.167515785280321, ""distance_m"": 3.8010189423363854, ""speed_factor"": 1.0, ""congestion_count"": 0, ""from_x"": 151.969, ""from_y"": -122.524, ""to_x"": 151.957, ""to_y"": -118.723, ""from_floor"": 0, ""to_floor"": 0}",,,,0.0,,,False,,,{}
AMR-B-1,GEN_WASTE_D44_00003,corridor,2026-01-05 05:03:03,2026-01-05 05:03:10,C0-82,C0-107,,,151.957,-118.723,0,151.875,-110.231,0,completed,345783.202,2026-01-05 05:03:03,segment_corridor,Clinical Waste Bin,Clinical_Waste_Bin-shared_OPD_SET_1-000001,,[],[],[],0,0,,C0-82,C0-107,,7.077,0.0,8.492,0.0,0.0,"{""type"": ""corridor"", ""from"": ""C0-82"", ""to"": ""C0-107"", ""duration"": 7.076996577331065, ""distance_m"": 8.492395892797278, ""speed_factor"": 1.0, ""congestion_count"": 0, ""from_x"": 151.957, ""from_y"": -118.723, ""to_x"": 151.875, ""to_y"": -110.231, ""from_floor"": 0, ""to_floor"": 0}",,,,0.0,,,False,,,{}
AMR-B-1,GEN_WASTE_D44_00003,corridor,2026-01-05 05:03:10,2026-01-05 05:03:16,C0-107,C0-10,,,151.875,-110.231,0,151.906,-103.332,0,completed,345790.279,2026-01-05 05:03:10,segment_corridor,Clinical Waste Bin,Clinical_Waste_Bin-shared_OPD_SET_1-000001,,[],[],[],0,0,,C0-107,C0-10,,5.749,0.0,6.899,0.0,0.0,"{""type"": ""corridor"", ""from"": ""C0-107"", ""to"": ""C0-10"", ""duration"": 5.749224706186238, ""distance_m"": 6.899069647423485, ""speed_factor"": 1.0, ""congestion_count"": 0, ""from_x"": 151.875, ""from_y"": -110.231, ""to_x"": 151.906, ""to_y"": -103.332, ""from_floor"": 0, ""to_floor"": 0}",,,,0.0,,,False,,,{}
AMR-B-1,GEN_WASTE_D44_00003,corridor,2026-01-05 05:03:16,2026-01-05 05:03:24,C0-10,C0-78,,,151.906,-103.332,0,151.853,-93.062,0,completed,345796.028,2026-01-05 05:03:16,segment_corridor,Clinical Waste Bin,Clinical_Waste_Bin-shared_OPD_SET_1-000001,,[],[],[],0,0,,C0-10,C0-78,,8.558,0.0,10.27,0.0,0.0,"{""type"": ""corridor"", ""from"": ""C0-10"", ""to"": ""C0-78"", ""duration"": 8.558447297196428, ""distance_m"": 10.270136756635713, ""speed_factor"": 1.0, ""congestion_count"": 0, ""from_x"": 151.906, ""from_y"": -103.332, ""to_x"": 151.853, ""to_y"": -93.062, ""from_floor"": 0, ""to_floor"": 0}",,,,0.0,,,False,,,{}
AMR-B-1,GEN_WASTE_D44_00003,corridor,2026-01-05 05:03:24,2026-01-05 05:03:31,C0-78,C0-9,,,151.853,-93.062,0,151.815,-84.679,0,completed,345804.586,2026-01-05 05:03:24,segment_corridor,Clinical Waste Bin,Clinical_Waste_Bin-shared_OPD_SET_1-000001,,[],[],[],0,0,,C0-78,C0-9,,6.986,0.0,8.383,0.0,0.0,"{""type"": ""corridor"", ""from"": ""C0-78"", ""to"": ""C0-9"", ""duration"": 6.9859051052021055, ""distance_m"": 8.383086126242526, ""speed_factor"": 1.0, ""congestion_count"": 0, ""from_x"": 151.853, ""from_y"": -93.062, ""to_x"": 151.815, ""to_y"": -84.679, ""from_floor"": 0, ""to_floor"": 0}",,,,0.0,,,False,,,{}
AMR-B-1,GEN_WASTE_D44_00003,corridor,2026-01-05 05:03:31,2026-01-05 05:03:39,C0-9,C0-8,,,151.815,-84.679,0,151.852,-75.529,0,completed,345811.572,2026-01-05 05:03:31,segment_corridor,Clinical Waste Bin,Clinical_Waste_Bin-shared_OPD_SET_1-000001,,[],[],[],0,0,,C0-9,C0-8,,7.625,0.0,9.15,0.0,0.0,"{""type"": ""corridor"", ""from"": ""C0-9"", ""to"": ""C0-8"", ""duration"": 7.625062340364472, ""distance_m"": 9.150074808437367, ""speed_factor"": 1.0, ""congestion_count"": 0, ""from_x"": 151.815, ""from_y"": -84.679, ""to_x"": 151.852, ""to_y"": -75.529, ""from_floor"": 0, ""to_floor"": 0}",,,,0.0,,,False,,,{}
AMR-B-1,GEN_WASTE_D44_00003,corridor,2026-01-05 05:03:39,2026-01-05 05:03:56,C0-8,C0-105,,,151.852,-75.529,0,172.881,-75.288,0,completed,345819.197,2026-01-05 05:03:39,segment_corridor,Clinical Waste Bin,Clinical_Waste_Bin-shared_OPD_SET_1-000001,,[],[],[],0,0,,C0-8,C0-105,,17.525,0.0,21.03,0.0,0.0,"{""type"": ""corridor"", ""from"": ""C0-8"", ""to"": ""C0-105"", ""duration"": 17.525317440459926, ""distance_m"": 21.03038092855191, ""speed_factor"": 1.0, ""congestion_count"": 0, ""from_x"": 151.852, ""from_y"": -75.529, ""to_x"": 172.881, ""to_y"": -75.288, ""from_floor"": 0, ""to_floor"": 0}",,,,0.0,,,False,,,{}
AMR-B-1,GEN_WASTE_D44_00003,corridor,2026-01-05 05:03:56,2026-01-05 05:04:04,C0-105,C0-6,,,172.881,-75.288,0,181.948,-75.288,0,completed,345836.723,2026-01-05 05:03:56,segment_corridor,Clinical Waste Bin,Clinical_Waste_Bin-shared_OPD_SET_1-000001,,[],[],[],0,0,,C0-105,C0-6,,7.556,0.0,9.067,0.0,0.0,"{""type"": ""corridor"", ""from"": ""C0-105"", ""to"": ""C0-6"", ""duration"": 7.555833333333339, ""distance_m"": 9.067000000000007, ""speed_factor"": 1.0, ""congestion_count"": 0, ""from_x"": 172.881, ""from_y"": -75.288, ""to_x"": 181.948, ""to_y"": -75.288, ""from_floor"": 0, ""to_floor"": 0}",,,,0.0,,,False,,,{}
AMR-B-1,GEN_WASTE_D44_00003,corridor,2026-01-05 05:04:04,2026-01-05 05:04:13,C0-6,C0-5,,,181.948,-75.288,0,181.917,-63.981,0,completed,345844.278,2026-01-05 05:04:04,segment_corridor,Clinical Waste Bin,Clinical_Waste_Bin-shared_OPD_SET_1-000001,,[],[],[],0,0,,C0-6,C0-5,,9.423,0.0,11.307,0.0,0.0,"{""type"": ""corridor"", ""from"": ""C0-6"", ""to"": ""C0-5"", ""duration"": 9.422535413099334, ""distance_m"": 11.3070424957192, ""speed_factor"": 1.0, ""congestion_count"": 0, ""from_x"": 181.948, ""from_y"": -75.288, ""to_x"": 181.917, ""to_y"": -63.981, ""from_floor"": 0, ""to_floor"": 0}",,,,0.0,,,False,,,{}
AMR-B-1,GEN_WASTE_D44_00003,corridor,2026-01-05 05:04:13,2026-01-05 05:04:28,C0-5,C0-104,,,181.917,-63.981,0,181.881,-46.498,0,completed,345853.701,2026-01-05 05:04:13,segment_corridor,Clinical Waste Bin,Clinical_Waste_Bin-shared_OPD_SET_1-000001,,[],[],[],0,0,,C0-5,C0-104,,14.569,0.0,17.483,0.0,0.0,"{""type"": ""corridor"", ""from"": ""C0-5"", ""to"": ""C0-104"", ""duration"": 14.569197553781445, ""distance_m"": 17.483037064537733, ""speed_factor"": 1.0, ""congestion_count"": 0, ""from_x"": 181.917, ""from_y"": -63.981, ""to_x"": 181.881, ""to_y"": -46.498, ""from_floor"": 0, ""to_floor"": 0}",,,,0.0,,,False,,,{}
AMR-B-1,GEN_WASTE_D44_00003,corridor,2026-01-05 05:04:28,2026-01-05 05:04:32,C0-104,C0-4,,,181.881,-46.498,0,181.948,-41.989,0,completed,345868.27,2026-01-05 05:04:28,segment_corridor,Clinical Waste Bin,Clinical_Waste_Bin-shared_OPD_SET_1-000001,,[],[],[],0,0,,C0-104,C0-4,,3.758,0.0,4.509,0.0,0.0,"{""type"": ""corridor"", ""from"": ""C0-104"", ""to"": ""C0-4"", ""duration"": 3.757914795616196, ""distance_m"": 4.509497754739435, ""speed_factor"": 1.0, ""congestion_count"": 0, ""from_x"": 181.881, ""from_y"": -46.498, ""to_x"": 181.948, ""to_y"": -41.989, ""from_floor"": 0, ""to_floor"": 0}",,,,0.0,,,False,,,{}
AMR-B-1,GEN_WASTE_D44_00003,corridor,2026-01-05 05:04:32,2026-01-05 05:04:35,C0-4,C0-46,,,181.948,-41.989,0,181.989,-38.315,0,completed,345872.028,2026-01-05 05:04:32,segment_corridor,Clinical Waste Bin,Clinical_Waste_Bin-shared_OPD_SET_1-000001,,[],[],[],0,0,,C0-4,C0-46,,3.062,0.0,3.674,0.0,0.0,"{""type"": ""corridor"", ""from"": ""C0-4"", ""to"": ""C0-46"", ""duration"": 3.0618573021760644, ""distance_m"": 3.674228762611277, ""speed_factor"": 1.0, ""congestion_count"": 0, ""from_x"": 181.948, ""from_y"": -41.989, ""to_x"": 181.989, ""to_y"": -38.315, ""from_floor"": 0, ""to_floor"": 0}",,,,0.0,,,False,,,{}
AMR-B-1,GEN_WASTE_D44_00003,corridor,2026-01-05 05:04:35,2026-01-05 05:05:09,C0-46,C0-47,,,181.989,-38.315,0,182.032,2.94,0,completed,345875.09,2026-01-05 05:04:35,segment_corridor,Clinical Waste Bin,Clinical_Waste_Bin-shared_OPD_SET_1-000001,,[],[],[],0,0,,C0-46,C0-47,,34.379,0.0,41.255,0.0,0.0,"{""type"": ""corridor"", ""from"": ""C0-46"", ""to"": ""C0-47"", ""duration"": 34.37918534116569, ""distance_m"": 41.255022409398826, ""speed_factor"": 1.0, ""congestion_count"": 0, ""from_x"": 181.989, ""from_y"": -38.315, ""to_x"": 182.032, ""to_y"": 2.94, ""from_floor"": 0, ""to_floor"": 0}",,,,0.0,,,False,,,{}
AMR-B-1,GEN_WASTE_D44_00003,corridor,2026-01-05 05:05:09,2026-01-05 05:05:16,C0-47,C0-48,,,182.032,2.94,0,182.055,11.583,0,completed,345909.469,2026-01-05 05:05:09,segment_corridor,Clinical Waste Bin,Clinical_Waste_Bin-shared_OPD_SET_1-000001,,[],[],[],0,0,,C0-47,C0-48,,7.203,0.0,8.643,0.0,0.0,"{""type"": ""corridor"", ""from"": ""C0-47"", ""to"": ""C0-48"", ""duration"": 7.202525502288148, ""distance_m"": 8.643030602745776, ""speed_factor"": 1.0, ""congestion_count"": 0, ""from_x"": 182.032, ""from_y"": 2.94, ""to_x"": 182.055, ""to_y"": 11.583, ""from_floor"": 0, ""to_floor"": 0}",,,,0.0,,,False,,,{}
AMR-B-1,GEN_WASTE_D44_00003,corridor,2026-01-05 05:05:16,2026-01-05 05:05:21,C0-48,D47-WASTE,,,182.055,11.583,0,176.0,12.0,0,completed,345916.672,2026-01-05 05:05:16,segment_corridor,Clinical Waste Bin,Clinical_Waste_Bin-shared_OPD_SET_1-000001,,[],[],[],0,0,,C0-48,D47-WASTE,,5.058,0.0,6.069,0.0,0.0,"{""type"": ""corridor"", ""from"": ""C0-48"", ""to"": ""D47-WASTE"", ""duration"": 5.057785115816788, ""distance_m"": 6.069342138980145, ""speed_factor"": 1.0, ""congestion_count"": 0, ""from_x"": 182.055, ""from_y"": 11.583, ""to_x"": 176.0, ""to_y"": 12.0, ""from_floor"": 0, ""to_floor"": 0}",,,,0.0,,,False,,,{}
AMR-B-1,GEN_WASTE_D44_00003,dropoff,2026-01-05 05:05:21,2026-01-05 05:05:41,,,,,,,,,,,completed,345921.729,2026-01-05 05:05:21,segment_dropoff,Clinical Waste Bin,Clinical_Waste_Bin-shared_OPD_SET_1-000001,,[],[],[],0,0,,D4-WASTE,D47-WASTE,,20.0,0.0,0.0,0.0,0.0,"{""type"": ""dropoff"", ""location"": ""D47-WASTE"", ""duration"": 20.0, ""inventory_space"": """", ""from_x"": null, ""from_y"": null, ""to_x"": null, ""to_y"": null, ""from_floor"": null, ""to_floor"": null}",,,,0.0,,,False,,,{}
AMR-B-1,GEN_WASTE_D44_00003,,2026-01-05 05:05:41,2026-01-05 05:05:41,,,,,,,,,,,finish,345941.729,2026-01-05 05:05:41,task_complete,Clinical Waste Bin,Clinical_Waste_Bin-shared_OPD_SET_1-000001,,[],[],[],0,0,,D4-WASTE,D47-WASTE,,0.0,0.0,0.0,0.0,0.0,Task GEN_WASTE_D44_00003 completed,department_waste,D44,Clinical,0.616,Clinical Waste Bin,,False,,,{}
,RETURN-GEN_WASTE_D44_00003-7,,2026-01-05 05:05:41,2026-01-05 05:05:41,D47-WASTE,D4-WASTE,,,176.0,12.0,0,139.696,-153.083,0,generated,345941.729,2026-01-05 05:05:41,return_task_generated,Clinical Waste Bin,Clinical_Waste_Bin-shared_OPD_SET_1-000001,,[],[],[],0,0,,D47-WASTE,D4-WASTE,,0.0,0.0,0.0,0.0,0.0,Generated delayed return for GEN_WASTE_D44_00003,task_generation_return,D44,,0.0,Clinical Waste Bin,,False,,,{}
AMR-B-1,RETURN-AMR-B-1-8,,2026-01-05 05:05:41,2026-01-05 05:05:42,,,D47-WASTE,AMR-CENTRE,,,,,,,start,345941.729,2026-01-05 05:05:41,task_assigned,,,,[],[],[],0,0,,D47-WASTE,AMR-CENTRE,,0.0,0.0,0.0,0.0,205.976,Assigned task to AMR-B-1,,,,0.0,,,False,,,{}
AMR-B-1,RETURN-AMR-B-1-8,pickup,2026-01-05 05:05:41,2026-01-05 05:06:01,,,,,,,,,,,completed,345941.729,2026-01-05 05:05:41,segment_pickup,,,,[],[],[],0,0,,D47-WASTE,AMR-CENTRE,,20.0,0.0,0.0,0.0,0.0,"{""type"": ""pickup"", ""location"": ""D47-WASTE"", ""duration"": 20.0, ""from_x"": null, ""from_y"": null, ""to_x"": null, ""to_y"": null, ""from_floor"": null, ""to_floor"": null}",,,,0.0,,,False,,,{}
AMR-B-1,RETURN-AMR-B-1-8,corridor,2026-01-05 05:06:01,2026-01-05 05:06:06,D47-WASTE,C0-48,,,176.0,12.0,0,182.055,11.583,0,completed,345961.729,2026-01-05 05:06:01,segment_corridor,,,,[],[],[],0,0,,D47-WASTE,C0-48,,5.058,0.0,6.069,0.0,0.0,"{""type"": ""corridor"", ""from"": ""D47-WASTE"", ""to"": ""C0-48"", ""duration"": 5.057785115816788, ""distance_m"": 6.069342138980145, ""speed_factor"": 1.0, ""congestion_count"": 0, ""from_x"": 176.0, ""from_y"": 12.0, ""to_x"": 182.055, ""to_y"": 11.583, ""from_floor"": 0, ""to_floor"": 0}",,,,0.0,,,False,,,{}
AMR-B-1,RETURN-AMR-B-1-8,corridor,2026-01-05 05:06:06,2026-01-05 05:06:13,C0-48,C0-47,,,182.055,11.583,0,182.032,2.94,0,completed,345966.787,2026-01-05 05:06:06,segment_corridor,,,,[],[],[],0,0,,C0-48,C0-47,,7.203,0.0,8.643,0.0,0.0,"{""type"": ""corridor"", ""from"": ""C0-48"", ""to"": ""C0-47"", ""duration"": 7.202525502288148, ""distance_m"": 8.643030602745776, ""speed_factor"": 1.0, ""congestion_count"": 0, ""from_x"": 182.055, ""from_y"": 11.583, ""to_x"": 182.032, ""to_y"": 2.94, ""from_floor"": 0, ""to_floor"": 0}",,,,0.0,,,False,,,{}
AMR-B-1,RETURN-AMR-B-1-8,corridor,2026-01-05 05:06:13,2026-01-05 05:06:48,C0-47,C0-46,,,182.032,2.94,0,181.989,-38.315,0,completed,345973.99,2026-01-05 05:06:13,segment_corridor,,,,[],[],[],0,0,,C0-47,C0-46,,34.379,0.0,41.255,0.0,0.0,"{""type"": ""corridor"", ""from"": ""C0-47"", ""to"": ""C0-46"", ""duration"": 34.37918534116569, ""distance_m"": 41.255022409398826, ""speed_factor"": 1.0, ""congestion_count"": 0, ""from_x"": 182.032, ""from_y"": 2.94, ""to_x"": 181.989, ""to_y"": -38.315, ""from_floor"": 0, ""to_floor"": 0}",,,,0.0,,,False,,,{}
AMR-B-1,RETURN-AMR-B-1-8,corridor,2026-01-05 05:06:48,2026-01-05 05:06:51,C0-46,C0-4,,,181.989,-38.315,0,181.948,-41.989,0,completed,346008.369,2026-01-05 05:06:48,segment_corridor,,,,[],[],[],0,0,,C0-46,C0-4,,3.062,0.0,3.674,0.0,0.0,"{""type"": ""corridor"", ""from"": ""C0-46"", ""to"": ""C0-4"", ""duration"": 3.0618573021760644, ""distance_m"": 3.674228762611277, ""speed_factor"": 1.0, ""congestion_count"": 0, ""from_x"": 181.989, ""from_y"": -38.315, ""to_x"": 181.948, ""to_y"": -41.989, ""from_floor"": 0, ""to_floor"": 0}",,,,0.0,,,False,,,{}
AMR-B-1,RETURN-AMR-B-1-8,corridor,2026-01-05 05:06:51,2026-01-05 05:06:55,C0-4,C0-104,,,181.948,-41.989,0,181.881,-46.498,0,completed,346011.431,2026-01-05 05:06:51,segment_corridor,,,,[],[],[],0,0,,C0-4,C0-104,,3.758,0.0,4.509,0.0,0.0,"{""type"": ""corridor"", ""from"": ""C0-4"", ""to"": ""C0-104"", ""duration"": 3.757914795616196, ""distance_m"": 4.509497754739435, ""speed_factor"": 1.0, ""congestion_count"": 0, ""from_x"": 181.948, ""from_y"": -41.989, ""to_x"": 181.881, ""to_y"": -46.498, ""from_floor"": 0, ""to_floor"": 0}",,,,0.0,,,False,,,{}
AMR-B-1,RETURN-AMR-B-1-8,corridor,2026-01-05 05:06:55,2026-01-05 05:07:09,C0-104,C0-5,,,181.881,-46.498,0,181.917,-63.981,0,completed,346015.189,2026-01-05 05:06:55,segment_corridor,,,,[],[],[],0,0,,C0-104,C0-5,,14.569,0.0,17.483,0.0,0.0,"{""type"": ""corridor"", ""from"": ""C0-104"", ""to"": ""C0-5"", ""duration"": 14.569197553781445, ""distance_m"": 17.483037064537733, ""speed_factor"": 1.0, ""congestion_count"": 0, ""from_x"": 181.881, ""from_y"": -46.498, ""to_x"": 181.917, ""to_y"": -63.981, ""from_floor"": 0, ""to_floor"": 0}",,,,0.0,,,False,,,{}
AMR-B-1,RETURN-AMR-B-1-8,corridor,2026-01-05 05:07:09,2026-01-05 05:07:19,C0-5,C0-6,,,181.917,-63.981,0,181.948,-75.288,0,completed,346029.758,2026-01-05 05:07:09,segment_corridor,,,,[],[],[],0,0,,C0-5,C0-6,,9.423,0.0,11.307,0.0,0.0,"{""type"": ""corridor"", ""from"": ""C0-5"", ""to"": ""C0-6"", ""duration"": 9.422535413099334, ""distance_m"": 11.3070424957192, ""speed_factor"": 1.0, ""congestion_count"": 0, ""from_x"": 181.917, ""from_y"": -63.981, ""to_x"": 181.948, ""to_y"": -75.288, ""from_floor"": 0, ""to_floor"": 0}",,,,0.0,,,False,,,{}
AMR-B-1,RETURN-AMR-B-1-8,corridor,2026-01-05 05:07:19,2026-01-05 05:07:26,C0-6,C0-105,,,181.948,-75.288,0,172.881,-75.288,0,completed,346039.18,2026-01-05 05:07:19,segment_corridor,,,,[],[],[],0,0,,C0-6,C0-105,,7.556,0.0,9.067,0.0,0.0,"{""type"": ""corridor"", ""from"": ""C0-6"", ""to"": ""C0-105"", ""duration"": 7.555833333333339, ""distance_m"": 9.067000000000007, ""speed_factor"": 1.0, ""congestion_count"": 0, ""from_x"": 181.948, ""from_y"": -75.288, ""to_x"": 172.881, ""to_y"": -75.288, ""from_floor"": 0, ""to_floor"": 0}",,,,0.0,,,False,,,{}
AMR-B-1,RETURN-AMR-B-1-8,corridor,2026-01-05 05:07:26,2026-01-05 05:07:44,C0-105,C0-8,,,172.881,-75.288,0,151.852,-75.529,0,completed,346046.736,2026-01-05 05:07:26,segment_corridor,,,,[],[],[],0,0,,C0-105,C0-8,,17.525,0.0,21.03,0.0,0.0,"{""type"": ""corridor"", ""from"": ""C0-105"", ""to"": ""C0-8"", ""duration"": 17.525317440459926, ""distance_m"": 21.03038092855191, ""speed_factor"": 1.0, ""congestion_count"": 0, ""from_x"": 172.881, ""from_y"": -75.288, ""to_x"": 151.852, ""to_y"": -75.529, ""from_floor"": 0, ""to_floor"": 0}",,,,0.0,,,False,,,{}
AMR-B-1,RETURN-AMR-B-1-8,corridor,2026-01-05 05:07:44,2026-01-05 05:07:51,C0-8,C0-9,,,151.852,-75.529,0,151.815,-84.679,0,completed,346064.262,2026-01-05 05:07:44,segment_corridor,,,,[],[],[],0,0,,C0-8,C0-9,,7.625,0.0,9.15,0.0,0.0,"{""type"": ""corridor"", ""from"": ""C0-8"", ""to"": ""C0-9"", ""duration"": 7.625062340364472, ""distance_m"": 9.150074808437367, ""speed_factor"": 1.0, ""congestion_count"": 0, ""from_x"": 151.852, ""from_y"": -75.529, ""to_x"": 151.815, ""to_y"": -84.679, ""from_floor"": 0, ""to_floor"": 0}",,,,0.0,,,False,,,{}
AMR-B-1,RETURN-AMR-B-1-8,corridor,2026-01-05 05:07:51,2026-01-05 05:08:01,C0-9,C0-23,,,151.815,-84.679,0,140.608,-84.673,0,completed,346071.887,2026-01-05 05:07:51,segment_corridor,,,,[],[],[],0,0,,C0-9,C0-23,,9.339,0.0,11.207,0.0,0.0,"{""type"": ""corridor"", ""from"": ""C0-9"", ""to"": ""C0-23"", ""duration"": 9.33916800511575, ""distance_m"": 11.207001606138899, ""speed_factor"": 1.0, ""congestion_count"": 0, ""from_x"": 151.815, ""from_y"": -84.679, ""to_x"": 140.608, ""to_y"": -84.673, ""from_floor"": 0, ""to_floor"": 0}",,,,0.0,,,False,,,{}
AMR-B-1,RETURN-AMR-B-1-8,corridor,2026-01-05 05:08:01,2026-01-05 05:08:03,C0-23,Lift-2-F0,,,140.608,-84.673,0,140.476,-81.715,0,completed,346081.226,2026-01-05 05:08:01,segment_corridor,,,,[],[],[],0,0,,C0-23,Lift-2-F0,,2.467,0.0,2.961,0.0,0.0,"{""type"": ""corridor"", ""from"": ""C0-23"", ""to"": ""Lift-2-F0"", ""duration"": 2.4674531403858504, ""distance_m"": 2.96094376846302, ""speed_factor"": 1.0, ""congestion_count"": 0, ""from_x"": 140.608, ""from_y"": -84.673, ""to_x"": 140.476, ""to_y"": -81.715, ""from_floor"": 0, ""to_floor"": 0}",,,,0.0,,,False,,,{}
AMR-B-1,RETURN-AMR-B-1-8,lift_transfer,2026-01-05 05:08:03,2026-01-05 05:08:28,Lift-2-F0,Lift-2-F2,,,140.476,-81.715,0,140.476,-81.715,2,completed,346083.693,2026-01-05 05:08:03,segment_lift_transfer,,,,[],[],[],0,0,,Lift-2-F0,Lift-2-F2,Lift-2,24.444,0.0,8.0,0.021564102564102565,0.0,"{""type"": ""lift_transfer"", ""lift_id"": ""Lift-2"", ""from"": ""Lift-2-F0"", ""to"": ""Lift-2-F2"", ""from_floor"": 0, ""to_floor"": 2, ""wait_time"": 0.0, ""duration"": 24.444444444437977, ""distance_m"": 8.0, ""vertical_distance_m"": 8.0, ""energy_kwh"": 0.021564102564102565, ""from_x"": 140.476, ""from_y"": -81.715, ""to_x"": 140.476, ""to_y"": -81.715}",,,,0.0,,,False,,,{}
AMR-B-1,RETURN-AMR-B-1-8,corridor,2026-01-05 05:08:28,2026-01-05 05:08:31,Lift-2-F2,C2-12,,,140.476,-81.715,2,140.54,-85.162,2,completed,346108.138,2026-01-05 05:08:28,segment_corridor,,,,[],[],[],0,0,,Lift-2-F2,C2-12,,2.873,0.0,3.448,0.0,0.0,"{""type"": ""corridor"", ""from"": ""Lift-2-F2"", ""to"": ""C2-12"", ""duration"": 2.8729950738635908, ""distance_m"": 3.4475940886363086, ""speed_factor"": 1.0, ""congestion_count"": 0, ""from_x"": 140.476, ""from_y"": -81.715, ""to_x"": 140.54, ""to_y"": -85.162, ""from_floor"": 2, ""to_floor"": 2}",,,,0.0,,,False,,,{}
AMR-B-1,RETURN-AMR-B-1-8,corridor,2026-01-05 05:08:31,2026-01-05 05:08:35,C2-12,C2-22,,,140.54,-85.162,2,146.298,-84.823,2,completed,346111.011,2026-01-05 05:08:31,segment_corridor,,,,[],[],[],0,0,,C2-12,C2-22,,4.807,0.0,5.768,0.0,0.0,"{""type"": ""corridor"", ""from"": ""C2-12"", ""to"": ""C2-22"", ""duration"": 4.806642178046736, ""distance_m"": 5.767970613656082, ""speed_factor"": 1.0, ""congestion_count"": 0, ""from_x"": 140.54, ""from_y"": -85.162, ""to_x"": 146.298, ""to_y"": -84.823, ""from_floor"": 2, ""to_floor"": 2}",,,,0.0,,,False,,,{}
AMR-B-1,RETURN-AMR-B-1-8,corridor,2026-01-05 05:08:35,2026-01-05 05:08:40,C2-22,C2-10,,,146.298,-84.823,2,151.747,-84.823,2,completed,346115.817,2026-01-05 05:08:35,segment_corridor,,,,[],[],[],0,0,,C2-22,C2-10,,4.541,0.0,5.449,0.0,0.0,"{""type"": ""corridor"", ""from"": ""C2-22"", ""to"": ""C2-10"", ""duration"": 4.540833333333344, ""distance_m"": 5.449000000000012, ""speed_factor"": 1.0, ""congestion_count"": 0, ""from_x"": 146.298, ""from_y"": -84.823, ""to_x"": 151.747, ""to_y"": -84.823, ""from_floor"": 2, ""to_floor"": 2}",,,,0.0,,,False,,,{}
AMR-B-1,RETURN-AMR-B-1-8,corridor,2026-01-05 05:08:40,2026-01-05 05:08:45,C2-10,C2-11,,,151.747,-84.823,2,157.38,-84.803,2,completed,346120.358,2026-01-05 05:08:40,segment_corridor,,,,[],[],[],0,0,,C2-10,C2-11,,4.694,0.0,5.633,0.0,0.0,"{""type"": ""corridor"", ""from"": ""C2-10"", ""to"": ""C2-11"", ""duration"": 4.694196254122965, ""distance_m"": 5.633035504947558, ""speed_factor"": 1.0, ""congestion_count"": 0, ""from_x"": 151.747, ""from_y"": -84.823, ""to_x"": 157.38, ""to_y"": -84.803, ""from_floor"": 2, ""to_floor"": 2}",,,,0.0,,,False,,,{}
AMR-B-1,RETURN-AMR-B-1-8,corridor,2026-01-05 05:08:45,2026-01-05 05:08:47,C2-11,AMR-CENTRE,,,157.38,-84.803,2,157.36,-81.619,2,completed,346125.052,2026-01-05 05:08:45,segment_corridor,,,,[],[],[],0,0,,C2-11,AMR-CENTRE,,2.653,0.0,3.184,0.0,0.0,"{""type"": ""corridor"", ""from"": ""C2-11"", ""to"": ""AMR-CENTRE"", ""duration"": 2.6533856778756353, ""distance_m"": 3.1840628134507623, ""speed_factor"": 1.0, ""congestion_count"": 0, ""from_x"": 157.38, ""from_y"": -84.803, ""to_x"": 157.36, ""to_y"": -81.619, ""from_floor"": 2, ""to_floor"": 2}",,,,0.0,,,False,,,{}
AMR-B-1,RETURN-AMR-B-1-8,dropoff,2026-01-05 05:08:47,2026-01-05 05:09:07,,,,,,,,,,,completed,346127.706,2026-01-05 05:08:47,segment_dropoff,,,,[],[],[],0,0,,D47-WASTE,AMR-CENTRE,,20.0,0.0,0.0,0.0,0.0,"{""type"": ""dropoff"", ""location"": ""AMR-CENTRE"", ""duration"": 20.0, ""inventory_space"": """", ""from_x"": null, ""from_y"": null, ""to_x"": null, ""to_y"": null, ""from_floor"": null, ""to_floor"": null}",,,,0.0,,,False,,,{}
AMR-B-2,RETURN-GEN_WASTE_D44_00003-7,,2026-01-05 05:05:41,2026-01-05 05:05:42,,,AMR-CENTRE,D4-WASTE,,,,,,,start,345941.729,2026-01-05 05:05:41,task_assigned,Clinical Waste Bin,Clinical_Waste_Bin-shared_OPD_SET_1-000001,,[],[],[],0,0,,D47-WASTE,D4-WASTE,,0.0,0.0,0.0,0.0,391.576,Assigned task to AMR-B-2,task_generation_return,D44,Clinical,0.0,Clinical Waste Bin,,False,,,{}
AMR-B-2,RETURN-GEN_WASTE_D44_00003-7,corridor,2026-01-05 05:05:41,2026-01-05 05:05:44,AMR-CENTRE,C2-11,,,157.36,-81.619,2,157.38,-84.803,2,completed,345941.729,2026-01-05 05:05:41,segment_corridor,Clinical Waste Bin,Clinical_Waste_Bin-shared_OPD_SET_1-000001,,[],[],[],0,0,,AMR-CENTRE,C2-11,,2.653,0.0,3.184,0.0,0.0,"{""type"": ""corridor"", ""from"": ""AMR-CENTRE"", ""to"": ""C2-11"", ""duration"": 2.6533856778756353, ""distance_m"": 3.1840628134507623, ""speed_factor"": 1.0, ""congestion_count"": 0, ""from_x"": 157.36, ""from_y"": -81.619, ""to_x"": 157.38, ""to_y"": -84.803, ""from_floor"": 2, ""to_floor"": 2}",,,,0.0,,,False,,,{}
AMR-B-2,RETURN-GEN_WASTE_D44_00003-7,corridor,2026-01-05 05:05:44,2026-01-05 05:05:49,C2-11,C2-10,,,157.38,-84.803,2,151.747,-84.823,2,completed,345944.383,2026-01-05 05:05:44,segment_corridor,Clinical Waste Bin,Clinical_Waste_Bin-shared_OPD_SET_1-000001,,[],[],[],0,0,,C2-11,C2-10,,4.694,0.0,5.633,0.0,0.0,"{""type"": ""corridor"", ""from"": ""C2-11"", ""to"": ""C2-10"", ""duration"": 4.694196254122965, ""distance_m"": 5.633035504947558, ""speed_factor"": 1.0, ""congestion_count"": 0, ""from_x"": 157.38, ""from_y"": -84.803, ""to_x"": 151.747, ""to_y"": -84.823, ""from_floor"": 2, ""to_floor"": 2}",,,,0.0,,,False,,,{}
AMR-B-2,RETURN-GEN_WASTE_D44_00003-7,corridor,2026-01-05 05:05:49,2026-01-05 05:05:53,C2-10,C2-22,,,151.747,-84.823,2,146.298,-84.823,2,completed,345949.077,2026-01-05 05:05:49,segment_corridor,Clinical Waste Bin,Clinical_Waste_Bin-shared_OPD_SET_1-000001,,[],[],[],0,0,,C2-10,C2-22,,4.541,0.0,5.449,0.0,0.0,"{""type"": ""corridor"", ""from"": ""C2-10"", ""to"": ""C2-22"", ""duration"": 4.540833333333344, ""distance_m"": 5.449000000000012, ""speed_factor"": 1.0, ""congestion_count"": 0, ""from_x"": 151.747, ""from_y"": -84.823, ""to_x"": 146.298, ""to_y"": -84.823, ""from_floor"": 2, ""to_floor"": 2}",,,,0.0,,,False,,,{}
AMR-B-2,RETURN-GEN_WASTE_D44_00003-7,corridor,2026-01-05 05:05:53,2026-01-05 05:05:58,C2-22,C2-12,,,146.298,-84.823,2,140.54,-85.162,2,completed,345953.618,2026-01-05 05:05:53,segment_corridor,Clinical Waste Bin,Clinical_Waste_Bin-shared_OPD_SET_1-000001,,[],[],[],0,0,,C2-22,C2-12,,4.807,0.0,5.768,0.0,0.0,"{""type"": ""corridor"", ""from"": ""C2-22"", ""to"": ""C2-12"", ""duration"": 4.806642178046736, ""distance_m"": 5.767970613656082, ""speed_factor"": 1.0, ""congestion_count"": 0, ""from_x"": 146.298, ""from_y"": -84.823, ""to_x"": 140.54, ""to_y"": -85.162, ""from_floor"": 2, ""to_floor"": 2}",,,,0.0,,,False,,,{}
AMR-B-2,RETURN-GEN_WASTE_D44_00003-7,corridor,2026-01-05 05:05:58,2026-01-05 05:06:01,C2-12,Lift-4-F2,,,140.54,-85.162,2,140.605,-89.055,2,completed,345958.425,2026-01-05 05:05:58,segment_corridor,Clinical Waste Bin,Clinical_Waste_Bin-shared_OPD_SET_1-000001,,[],[],[],0,0,,C2-12,Lift-4-F2,,3.245,0.0,3.894,0.0,0.0,"{""type"": ""corridor"", ""from"": ""C2-12"", ""to"": ""Lift-4-F2"", ""duration"": 3.24461883568608, ""distance_m"": 3.893542602823296, ""speed_factor"": 1.0, ""congestion_count"": 0, ""from_x"": 140.54, ""from_y"": -85.162, ""to_x"": 140.605, ""to_y"": -89.055, ""from_floor"": 2, ""to_floor"": 2}",,,,0.0,,,False,,,{}
AMR-B-2,RETURN-GEN_WASTE_D44_00003-7,lift_transfer,2026-01-05 05:06:01,2026-01-05 05:06:26,Lift-4-F2,Lift-4-F0,,,140.605,-89.055,2,140.605,-89.055,0,completed,345961.669,2026-01-05 05:06:01,segment_lift_transfer,Clinical Waste Bin,Clinical_Waste_Bin-shared_OPD_SET_1-000001,,[],[],[],0,0,,Lift-4-F2,Lift-4-F0,Lift-4,24.444,0.0,8.0,0.02086538461538462,0.0,"{""type"": ""lift_transfer"", ""lift_id"": ""Lift-4"", ""from"": ""Lift-4-F2"", ""to"": ""Lift-4-F0"", ""from_floor"": 2, ""to_floor"": 0, ""wait_time"": 0.0, ""duration"": 24.444444444437977, ""distance_m"": 8.0, ""vertical_distance_m"": 8.0, ""energy_kwh"": 0.02086538461538462, ""from_x"": 140.605, ""from_y"": -89.055, ""to_x"": 140.605, ""to_y"": -89.055}",,,,0.0,,,False,,,{}
AMR-B-2,RETURN-GEN_WASTE_D44_00003-7,corridor,2026-01-05 05:06:26,2026-01-05 05:06:29,Lift-4-F0,C0-23,,,140.605,-89.055,0,140.608,-84.673,0,completed,345986.114,2026-01-05 05:06:26,segment_corridor,Clinical Waste Bin,Clinical_Waste_Bin-shared_OPD_SET_1-000001,,[],[],[],0,0,,Lift-4-F0,C0-23,,3.652,0.0,4.382,0.0,0.0,"{""type"": ""corridor"", ""from"": ""Lift-4-F0"", ""to"": ""C0-23"", ""duration"": 3.6516675224401896, ""distance_m"": 4.3820010269282275, ""speed_factor"": 1.0, ""congestion_count"": 0, ""from_x"": 140.605, ""from_y"": -89.055, ""to_x"": 140.608, ""to_y"": -84.673, ""from_floor"": 0, ""to_floor"": 0}",,,,0.0,,,False,,,{}
AMR-B-2,RETURN-GEN_WASTE_D44_00003-7,corridor,2026-01-05 05:06:29,2026-01-05 05:06:39,C0-23,C0-9,,,140.608,-84.673,0,151.815,-84.679,0,completed,345989.765,2026-01-05 05:06:29,segment_corridor,Clinical Waste Bin,Clinical_Waste_Bin-shared_OPD_SET_1-000001,,[],[],[],0,0,,C0-23,C0-9,,9.339,0.0,11.207,0.0,0.0,"{""type"": ""corridor"", ""from"": ""C0-23"", ""to"": ""C0-9"", ""duration"": 9.33916800511575, ""distance_m"": 11.207001606138899, ""speed_factor"": 1.0, ""congestion_count"": 0, ""from_x"": 140.608, ""from_y"": -84.673, ""to_x"": 151.815, ""to_y"": -84.679, ""from_floor"": 0, ""to_floor"": 0}",,,,0.0,,,False,,,{}
AMR-B-2,RETURN-GEN_WASTE_D44_00003-7,corridor,2026-01-05 05:06:39,2026-01-05 05:06:46,C0-9,C0-8,,,151.815,-84.679,0,151.852,-75.529,0,completed,345999.104,2026-01-05 05:06:39,segment_corridor,Clinical Waste Bin,Clinical_Waste_Bin-shared_OPD_SET_1-000001,,[],[],[],0,0,,C0-9,C0-8,,7.625,0.0,9.15,0.0,0.0,"{""type"": ""corridor"", ""from"": ""C0-9"", ""to"": ""C0-8"", ""duration"": 7.625062340364472, ""distance_m"": 9.150074808437367, ""speed_factor"": 1.0, ""congestion_count"": 0, ""from_x"": 151.815, ""from_y"": -84.679, ""to_x"": 151.852, ""to_y"": -75.529, ""from_floor"": 0, ""to_floor"": 0}",,,,0.0,,,False,,,{}
AMR-B-2,RETURN-GEN_WASTE_D44_00003-7,corridor,2026-01-05 05:06:46,2026-01-05 05:07:04,C0-8,C0-105,,,151.852,-75.529,0,172.881,-75.288,0,completed,346006.729,2026-01-05 05:06:46,segment_corridor,Clinical Waste Bin,Clinical_Waste_Bin-shared_OPD_SET_1-000001,,[],[],[],0,0,,C0-8,C0-105,,17.525,0.0,21.03,0.0,0.0,"{""type"": ""corridor"", ""from"": ""C0-8"", ""to"": ""C0-105"", ""duration"": 17.525317440459926, ""distance_m"": 21.03038092855191, ""speed_factor"": 1.0, ""congestion_count"": 0, ""from_x"": 151.852, ""from_y"": -75.529, ""to_x"": 172.881, ""to_y"": -75.288, ""from_floor"": 0, ""to_floor"": 0}",,,,0.0,,,False,,,{}
AMR-B-2,RETURN-GEN_WASTE_D44_00003-7,corridor,2026-01-05 05:07:04,2026-01-05 05:07:13,C0-105,C0-6,,,172.881,-75.288,0,181.948,-75.288,0,completed,346024.255,2026-01-05 05:07:04,segment_corridor,Clinical Waste Bin,Clinical_Waste_Bin-shared_OPD_SET_1-000001,,[],[],[],0,0,,C0-105,C0-6,,8.889,0.0,9.067,0.0,0.0,"{""type"": ""corridor"", ""from"": ""C0-105"", ""to"": ""C0-6"", ""duration"": 8.889215686274516, ""distance_m"": 9.067000000000007, ""speed_factor"": 0.85, ""congestion_count"": 1, ""from_x"": 172.881, ""from_y"": -75.288, ""to_x"": 181.948, ""to_y"": -75.288, ""from_floor"": 0, ""to_floor"": 0}",,,,0.0,,,False,,,{}
AMR-B-2,RETURN-GEN_WASTE_D44_00003-7,corridor,2026-01-05 05:07:13,2026-01-05 05:07:24,C0-6,C0-5,,,181.948,-75.288,0,181.917,-63.981,0,completed,346033.144,2026-01-05 05:07:13,segment_corridor,Clinical Waste Bin,Clinical_Waste_Bin-shared_OPD_SET_1-000001,,[],[],[],0,0,,C0-6,C0-5,,11.085,0.0,11.307,0.0,0.0,"{""type"": ""corridor"", ""from"": ""C0-6"", ""to"": ""C0-5"", ""duration"": 11.085335780116864, ""distance_m"": 11.3070424957192, ""speed_factor"": 0.85, ""congestion_count"": 1, ""from_x"": 181.948, ""from_y"": -75.288, ""to_x"": 181.917, ""to_y"": -63.981, ""from_floor"": 0, ""to_floor"": 0}",,,,0.0,,,False,,,{}
AMR-B-2,RETURN-GEN_WASTE_D44_00003-7,corridor,2026-01-05 05:07:24,2026-01-05 05:07:41,C0-5,C0-104,,,181.917,-63.981,0,181.881,-46.498,0,completed,346044.229,2026-01-05 05:07:24,segment_corridor,Clinical Waste Bin,Clinical_Waste_Bin-shared_OPD_SET_1-000001,,[],[],[],0,0,,C0-5,C0-104,,17.14,0.0,17.483,0.0,0.0,"{""type"": ""corridor"", ""from"": ""C0-5"", ""to"": ""C0-104"", ""duration"": 17.140232416213465, ""distance_m"": 17.483037064537733, ""speed_factor"": 0.85, ""congestion_count"": 1, ""from_x"": 181.917, ""from_y"": -63.981, ""to_x"": 181.881, ""to_y"": -46.498, ""from_floor"": 0, ""to_floor"": 0}",,,,0.0,,,False,,,{}
AMR-B-2,RETURN-GEN_WASTE_D44_00003-7,corridor,2026-01-05 05:07:41,2026-01-05 05:07:45,C0-104,C0-4,,,181.881,-46.498,0,181.948,-41.989,0,completed,346061.37,2026-01-05 05:07:41,segment_corridor,Clinical Waste Bin,Clinical_Waste_Bin-shared_OPD_SET_1-000001,,[],[],[],0,0,,C0-104,C0-4,,3.758,0.0,4.509,0.0,0.0,"{""type"": ""corridor"", ""from"": ""C0-104"", ""to"": ""C0-4"", ""duration"": 3.757914795616196, ""distance_m"": 4.509497754739435, ""speed_factor"": 1.0, ""congestion_count"": 0, ""from_x"": 181.881, ""from_y"": -46.498, ""to_x"": 181.948, ""to_y"": -41.989, ""from_floor"": 0, ""to_floor"": 0}",,,,0.0,,,False,,,{}
AMR-B-2,RETURN-GEN_WASTE_D44_00003-7,corridor,2026-01-05 05:07:45,2026-01-05 05:07:48,C0-4,C0-46,,,181.948,-41.989,0,181.989,-38.315,0,completed,346065.127,2026-01-05 05:07:45,segment_corridor,Clinical Waste Bin,Clinical_Waste_Bin-shared_OPD_SET_1-000001,,[],[],[],0,0,,C0-4,C0-46,,3.062,0.0,3.674,0.0,0.0,"{""type"": ""corridor"", ""from"": ""C0-4"", ""to"": ""C0-46"", ""duration"": 3.0618573021760644, ""distance_m"": 3.674228762611277, ""speed_factor"": 1.0, ""congestion_count"": 0, ""from_x"": 181.948, ""from_y"": -41.989, ""to_x"": 181.989, ""to_y"": -38.315, ""from_floor"": 0, ""to_floor"": 0}",,,,0.0,,,False,,,{}
AMR-B-2,RETURN-GEN_WASTE_D44_00003-7,corridor,2026-01-05 05:07:48,2026-01-05 05:08:22,C0-46,C0-47,,,181.989,-38.315,0,182.032,2.94,0,completed,346068.189,2026-01-05 05:07:48,segment_corridor,Clinical Waste Bin,Clinical_Waste_Bin-shared_OPD_SET_1-000001,,[],[],[],0,0,,C0-46,C0-47,,34.379,0.0,41.255,0.0,0.0,"{""type"": ""corridor"", ""from"": ""C0-46"", ""to"": ""C0-47"", ""duration"": 34.37918534116569, ""distance_m"": 41.255022409398826, ""speed_factor"": 1.0, ""congestion_count"": 0, ""from_x"": 181.989, ""from_y"": -38.315, ""to_x"": 182.032, ""to_y"": 2.94, ""from_floor"": 0, ""to_floor"": 0}",,,,0.0,,,False,,,{}
AMR-B-2,RETURN-GEN_WASTE_D44_00003-7,corridor,2026-01-05 05:08:22,2026-01-05 05:08:29,C0-47,C0-48,,,182.032,2.94,0,182.055,11.583,0,completed,346102.569,2026-01-05 05:08:22,segment_corridor,Clinical Waste Bin,Clinical_Waste_Bin-shared_OPD_SET_1-000001,,[],[],[],0,0,,C0-47,C0-48,,7.203,0.0,8.643,0.0,0.0,"{""type"": ""corridor"", ""from"": ""C0-47"", ""to"": ""C0-48"", ""duration"": 7.202525502288148, ""distance_m"": 8.643030602745776, ""speed_factor"": 1.0, ""congestion_count"": 0, ""from_x"": 182.032, ""from_y"": 2.94, ""to_x"": 182.055, ""to_y"": 11.583, ""from_floor"": 0, ""to_floor"": 0}",,,,0.0,,,False,,,{}
AMR-B-2,RETURN-GEN_WASTE_D44_00003-7,corridor,2026-01-05 05:08:29,2026-01-05 05:08:34,C0-48,D47-WASTE,,,182.055,11.583,0,176.0,12.0,0,completed,346109.771,2026-01-05 05:08:29,segment_corridor,Clinical Waste Bin,Clinical_Waste_Bin-shared_OPD_SET_1-000001,,[],[],[],0,0,,C0-48,D47-WASTE,,5.058,0.0,6.069,0.0,0.0,"{""type"": ""corridor"", ""from"": ""C0-48"", ""to"": ""D47-WASTE"", ""duration"": 5.057785115816788, ""distance_m"": 6.069342138980145, ""speed_factor"": 1.0, ""congestion_count"": 0, ""from_x"": 182.055, ""from_y"": 11.583, ""to_x"": 176.0, ""to_y"": 12.0, ""from_floor"": 0, ""to_floor"": 0}",,,,0.0,,,False,,,{}
AMR-B-2,RETURN-GEN_WASTE_D44_00003-7,pickup,2026-01-05 05:08:34,2026-01-05 05:08:54,,,,,,,,,,,completed,346114.829,2026-01-05 05:08:34,segment_pickup,Clinical Waste Bin,Clinical_Waste_Bin-shared_OPD_SET_1-000001,,[],[],[],0,0,,D47-WASTE,D4-WASTE,,20.0,0.0,0.0,0.0,0.0,"{""type"": ""pickup"", ""location"": ""D47-WASTE"", ""duration"": 20.0, ""from_x"": null, ""from_y"": null, ""to_x"": null, ""to_y"": null, ""from_floor"": null, ""to_floor"": null}",,,,0.0,,,False,,,{}
AMR-B-2,RETURN-GEN_WASTE_D44_00003-7,corridor,2026-01-05 05:08:54,2026-01-05 05:09:00,D47-WASTE,C0-48,,,176.0,12.0,0,182.055,11.583,0,completed,346134.829,2026-01-05 05:08:54,segment_corridor,Clinical Waste Bin,Clinical_Waste_Bin-shared_OPD_SET_1-000001,,[],[],[],0,0,,D47-WASTE,C0-48,,5.95,0.0,6.069,0.0,0.0,"{""type"": ""corridor"", ""from"": ""D47-WASTE"", ""to"": ""C0-48"", ""duration"": 5.950335430372692, ""distance_m"": 6.069342138980145, ""speed_factor"": 0.85, ""congestion_count"": 1, ""from_x"": 176.0, ""from_y"": 12.0, ""to_x"": 182.055, ""to_y"": 11.583, ""from_floor"": 0, ""to_floor"": 0}",,,,0.0,,,False,,,{}
AMR-B-2,RETURN-GEN_WASTE_D44_00003-7,corridor,2026-01-05 05:09:00,2026-01-05 05:09:07,C0-48,C0-47,,,182.055,11.583,0,182.032,2.94,0,completed,346140.779,2026-01-05 05:09:00,segment_corridor,Clinical Waste Bin,Clinical_Waste_Bin-shared_OPD_SET_1-000001,,[],[],[],0,0,,C0-48,C0-47,,7.203,0.0,8.643,0.0,0.0,"{""type"": ""corridor"", ""from"": ""C0-48"", ""to"": ""C0-47"", ""duration"": 7.202525502288148, ""distance_m"": 8.643030602745776, ""speed_factor"": 1.0, ""congestion_count"": 0, ""from_x"": 182.055, ""from_y"": 11.583, ""to_x"": 182.032, ""to_y"": 2.94, ""from_floor"": 0, ""to_floor"": 0}",,,,0.0,,,False,,,{}
AMR-B-2,RETURN-GEN_WASTE_D44_00003-7,corridor,2026-01-05 05:09:07,2026-01-05 05:09:42,C0-47,C0-46,,,182.032,2.94,0,181.989,-38.315,0,completed,346147.982,2026-01-05 05:09:07,segment_corridor,Clinical Waste Bin,Clinical_Waste_Bin-shared_OPD_SET_1-000001,,[],[],[],0,0,,C0-47,C0-46,,34.379,0.0,41.255,0.0,0.0,"{""type"": ""corridor"", ""from"": ""C0-47"", ""to"": ""C0-46"", ""duration"": 34.37918534116569, ""distance_m"": 41.255022409398826, ""speed_factor"": 1.0, ""congestion_count"": 0, ""from_x"": 182.032, ""from_y"": 2.94, ""to_x"": 181.989, ""to_y"": -38.315, ""from_floor"": 0, ""to_floor"": 0}",,,,0.0,,,False,,,{}
AMR-B-2,RETURN-GEN_WASTE_D44_00003-7,corridor,2026-01-05 05:09:42,2026-01-05 05:09:45,C0-46,C0-4,,,181.989,-38.315,0,181.948,-41.989,0,completed,346182.361,2026-01-05 05:09:42,segment_corridor,Clinical Waste Bin,Clinical_Waste_Bin-shared_OPD_SET_1-000001,,[],[],[],0,0,,C0-46,C0-4,,3.062,0.0,3.674,0.0,0.0,"{""type"": ""corridor"", ""from"": ""C0-46"", ""to"": ""C0-4"", ""duration"": 3.0618573021760644, ""distance_m"": 3.674228762611277, ""speed_factor"": 1.0, ""congestion_count"": 0, ""from_x"": 181.989, ""from_y"": -38.315, ""to_x"": 181.948, ""to_y"": -41.989, ""from_floor"": 0, ""to_floor"": 0}",,,,0.0,,,False,,,{}
AMR-B-2,RETURN-GEN_WASTE_D44_00003-7,corridor,2026-01-05 05:09:45,2026-01-05 05:09:49,C0-4,C0-104,,,181.948,-41.989,0,181.881,-46.498,0,completed,346185.423,2026-01-05 05:09:45,segment_corridor,Clinical Waste Bin,Clinical_Waste_Bin-shared_OPD_SET_1-000001,,[],[],[],0,0,,C0-4,C0-104,,3.758,0.0,4.509,0.0,0.0,"{""type"": ""corridor"", ""from"": ""C0-4"", ""to"": ""C0-104"", ""duration"": 3.757914795616196, ""distance_m"": 4.509497754739435, ""speed_factor"": 1.0, ""congestion_count"": 0, ""from_x"": 181.948, ""from_y"": -41.989, ""to_x"": 181.881, ""to_y"": -46.498, ""from_floor"": 0, ""to_floor"": 0}",,,,0.0,,,False,,,{}
AMR-B-2,RETURN-GEN_WASTE_D44_00003-7,corridor,2026-01-05 05:09:49,2026-01-05 05:10:03,C0-104,C0-5,,,181.881,-46.498,0,181.917,-63.981,0,completed,346189.181,2026-01-05 05:09:49,segment_corridor,Clinical Waste Bin,Clinical_Waste_Bin-shared_OPD_SET_1-000001,,[],[],[],0,0,,C0-104,C0-5,,14.569,0.0,17.483,0.0,0.0,"{""type"": ""corridor"", ""from"": ""C0-104"", ""to"": ""C0-5"", ""duration"": 14.569197553781445, ""distance_m"": 17.483037064537733, ""speed_factor"": 1.0, ""congestion_count"": 0, ""from_x"": 181.881, ""from_y"": -46.498, ""to_x"": 181.917, ""to_y"": -63.981, ""from_floor"": 0, ""to_floor"": 0}",,,,0.0,,,False,,,{}
AMR-B-2,RETURN-GEN_WASTE_D44_00003-7,corridor,2026-01-05 05:10:03,2026-01-05 05:10:13,C0-5,C0-6,,,181.917,-63.981,0,181.948,-75.288,0,completed,346203.75,2026-01-05 05:10:03,segment_corridor,Clinical Waste Bin,Clinical_Waste_Bin-shared_OPD_SET_1-000001,,[],[],[],0,0,,C0-5,C0-6,,9.423,0.0,11.307,0.0,0.0,"{""type"": ""corridor"", ""from"": ""C0-5"", ""to"": ""C0-6"", ""duration"": 9.422535413099334, ""distance_m"": 11.3070424957192, ""speed_factor"": 1.0, ""congestion_count"": 0, ""from_x"": 181.917, ""from_y"": -63.981, ""to_x"": 181.948, ""to_y"": -75.288, ""from_floor"": 0, ""to_floor"": 0}",,,,0.0,,,False,,,{}
AMR-B-2,RETURN-GEN_WASTE_D44_00003-7,corridor,2026-01-05 05:10:13,2026-01-05 05:10:20,C0-6,C0-105,,,181.948,-75.288,0,172.881,-75.288,0,completed,346213.172,2026-01-05 05:10:13,segment_corridor,Clinical Waste Bin,Clinical_Waste_Bin-shared_OPD_SET_1-000001,,[],[],[],0,0,,C0-6,C0-105,,7.556,0.0,9.067,0.0,0.0,"{""type"": ""corridor"", ""from"": ""C0-6"", ""to"": ""C0-105"", ""duration"": 7.555833333333339, ""distance_m"": 9.067000000000007, ""speed_factor"": 1.0, ""congestion_count"": 0, ""from_x"": 181.948, ""from_y"": -75.288, ""to_x"": 172.881, ""to_y"": -75.288, ""from_floor"": 0, ""to_floor"": 0}",,,,0.0,,,False,,,{}
AMR-B-2,RETURN-GEN_WASTE_D44_00003-7,corridor,2026-01-05 05:10:20,2026-01-05 05:10:38,C0-105,C0-8,,,172.881,-75.288,0,151.852,-75.529,0,completed,346220.728,2026-01-05 05:10:20,segment_corridor,Clinical Waste Bin,Clinical_Waste_Bin-shared_OPD_SET_1-000001,,[],[],[],0,0,,C0-105,C0-8,,17.525,0.0,21.03,0.0,0.0,"{""type"": ""corridor"", ""from"": ""C0-105"", ""to"": ""C0-8"", ""duration"": 17.525317440459926, ""distance_m"": 21.03038092855191, ""speed_factor"": 1.0, ""congestion_count"": 0, ""from_x"": 172.881, ""from_y"": -75.288, ""to_x"": 151.852, ""to_y"": -75.529, ""from_floor"": 0, ""to_floor"": 0}",,,,0.0,,,False,,,{}
AMR-B-2,RETURN-GEN_WASTE_D44_00003-7,corridor,2026-01-05 05:10:38,2026-01-05 05:10:45,C0-8,C0-9,,,151.852,-75.529,0,151.815,-84.679,0,completed,346238.254,2026-01-05 05:10:38,segment_corridor,Clinical Waste Bin,Clinical_Waste_Bin-shared_OPD_SET_1-000001,,[],[],[],0,0,,C0-8,C0-9,,7.625,0.0,9.15,0.0,0.0,"{""type"": ""corridor"", ""from"": ""C0-8"", ""to"": ""C0-9"", ""duration"": 7.625062340364472, ""distance_m"": 9.150074808437367, ""speed_factor"": 1.0, ""congestion_count"": 0, ""from_x"": 151.852, ""from_y"": -75.529, ""to_x"": 151.815, ""to_y"": -84.679, ""from_floor"": 0, ""to_floor"": 0}",,,,0.0,,,False,,,{}
AMR-B-2,RETURN-GEN_WASTE_D44_00003-7,corridor,2026-01-05 05:10:45,2026-01-05 05:10:52,C0-9,C0-78,,,151.815,-84.679,0,151.853,-93.062,0,completed,346245.879,2026-01-05 05:10:45,segment_corridor,Clinical Waste Bin,Clinical_Waste_Bin-shared_OPD_SET_1-000001,,[],[],[],0,0,,C0-9,C0-78,,6.986,0.0,8.383,0.0,0.0,"{""type"": ""corridor"", ""from"": ""C0-9"", ""to"": ""C0-78"", ""duration"": 6.9859051052021055, ""distance_m"": 8.383086126242526, ""speed_factor"": 1.0, ""congestion_count"": 0, ""from_x"": 151.815, ""from_y"": -84.679, ""to_x"": 151.853, ""to_y"": -93.062, ""from_floor"": 0, ""to_floor"": 0}",,,,0.0,,,False,,,{}
AMR-B-2,RETURN-GEN_WASTE_D44_00003-7,corridor,2026-01-05 05:10:52,2026-01-05 05:11:01,C0-78,C0-10,,,151.853,-93.062,0,151.906,-103.332,0,completed,346252.865,2026-01-05 05:10:52,segment_corridor,Clinical Waste Bin,Clinical_Waste_Bin-shared_OPD_SET_1-000001,,[],[],[],0,0,,C0-78,C0-10,,8.558,0.0,10.27,0.0,0.0,"{""type"": ""corridor"", ""from"": ""C0-78"", ""to"": ""C0-10"", ""duration"": 8.558447297196428, ""distance_m"": 10.270136756635713, ""speed_factor"": 1.0, ""congestion_count"": 0, ""from_x"": 151.853, ""from_y"": -93.062, ""to_x"": 151.906, ""to_y"": -103.332, ""from_floor"": 0, ""to_floor"": 0}",,,,0.0,,,False,,,{}
AMR-B-2,RETURN-GEN_WASTE_D44_00003-7,corridor,2026-01-05 05:11:01,2026-01-05 05:11:07,C0-10,C0-107,,,151.906,-103.332,0,151.875,-110.231,0,completed,346261.423,2026-01-05 05:11:01,segment_corridor,Clinical Waste Bin,Clinical_Waste_Bin-shared_OPD_SET_1-000001,,[],[],[],0,0,,C0-10,C0-107,,5.749,0.0,6.899,0.0,0.0,"{""type"": ""corridor"", ""from"": ""C0-10"", ""to"": ""C0-107"", ""duration"": 5.749224706186238, ""distance_m"": 6.899069647423485, ""speed_factor"": 1.0, ""congestion_count"": 0, ""from_x"": 151.906, ""from_y"": -103.332, ""to_x"": 151.875, ""to_y"": -110.231, ""from_floor"": 0, ""to_floor"": 0}",,,,0.0,,,False,,,{}
AMR-B-2,RETURN-GEN_WASTE_D44_00003-7,corridor,2026-01-05 05:11:07,2026-01-05 05:11:14,C0-107,C0-82,,,151.875,-110.231,0,151.957,-118.723,0,completed,346267.172,2026-01-05 05:11:07,segment_corridor,Clinical Waste Bin,Clinical_Waste_Bin-shared_OPD_SET_1-000001,,[],[],[],0,0,,C0-107,C0-82,,7.077,0.0,8.492,0.0,0.0,"{""type"": ""corridor"", ""from"": ""C0-107"", ""to"": ""C0-82"", ""duration"": 7.076996577331065, ""distance_m"": 8.492395892797278, ""speed_factor"": 1.0, ""congestion_count"": 0, ""from_x"": 151.875, ""from_y"": -110.231, ""to_x"": 151.957, ""to_y"": -118.723, ""from_floor"": 0, ""to_floor"": 0}",,,,0.0,,,False,,,{}
AMR-B-2,RETURN-GEN_WASTE_D44_00003-7,corridor,2026-01-05 05:11:14,2026-01-05 05:11:17,C0-82,C0-12,,,151.957,-118.723,0,151.969,-122.524,0,completed,346274.249,2026-01-05 05:11:14,segment_corridor,Clinical Waste Bin,Clinical_Waste_Bin-shared_OPD_SET_1-000001,,[],[],[],0,0,,C0-82,C0-12,,3.168,0.0,3.801,0.0,0.0,"{""type"": ""corridor"", ""from"": ""C0-82"", ""to"": ""C0-12"", ""duration"": 3.167515785280321, ""distance_m"": 3.8010189423363854, ""speed_factor"": 1.0, ""congestion_count"": 0, ""from_x"": 151.957, ""from_y"": -118.723, ""to_x"": 151.969, ""to_y"": -122.524, ""from_floor"": 0, ""to_floor"": 0}",,,,0.0,,,False,,,{}
AMR-B-2,RETURN-GEN_WASTE_D44_00003-7,corridor,2026-01-05 05:11:17,2026-01-05 05:11:25,C0-12,C0-13,,,151.969,-122.524,0,151.939,-132.199,0,completed,346277.417,2026-01-05 05:11:17,segment_corridor,Clinical Waste Bin,Clinical_Waste_Bin-shared_OPD_SET_1-000001,,[],[],[],0,0,,C0-12,C0-13,,8.063,0.0,9.675,0.0,0.0,"{""type"": ""corridor"", ""from"": ""C0-12"", ""to"": ""C0-13"", ""duration"": 8.062538759596766, ""distance_m"": 9.675046511516118, ""speed_factor"": 1.0, ""congestion_count"": 0, ""from_x"": 151.969, ""from_y"": -122.524, ""to_x"": 151.939, ""to_y"": -132.199, ""from_floor"": 0, ""to_floor"": 0}",,,,0.0,,,False,,,{}
AMR-B-2,RETURN-GEN_WASTE_D44_00003-7,corridor,2026-01-05 05:11:25,2026-01-05 05:11:33,C0-13,C0-14,,,151.939,-132.199,0,142.333,-132.392,0,completed,346285.479,2026-01-05 05:11:25,segment_corridor,Clinical Waste Bin,Clinical_Waste_Bin-shared_OPD_SET_1-000001,,[],[],[],0,0,,C0-13,C0-14,,8.007,0.0,9.608,0.0,0.0,"{""type"": ""corridor"", ""from"": ""C0-13"", ""to"": ""C0-14"", ""duration"": 8.006615537236133, ""distance_m"": 9.607938644683358, ""speed_factor"": 1.0, ""congestion_count"": 0, ""from_x"": 151.939, ""from_y"": -132.199, ""to_x"": 142.333, ""to_y"": -132.392, ""from_floor"": 0, ""to_floor"": 0}",,,,0.0,,,False,,,{}
AMR-B-2,RETURN-GEN_WASTE_D44_00003-7,corridor,2026-01-05 05:11:33,2026-01-05 05:11:36,C0-14,C0-15,,,142.333,-132.392,0,142.311,-135.582,0,completed,346293.486,2026-01-05 05:11:33,segment_corridor,Clinical Waste Bin,Clinical_Waste_Bin-shared_OPD_SET_1-000001,,[],[],[],0,0,,C0-14,C0-15,,2.658,0.0,3.19,0.0,0.0,"{""type"": ""corridor"", ""from"": ""C0-14"", ""to"": ""C0-15"", ""duration"": 2.6583965509724488, ""distance_m"": 3.1900758611669384, ""speed_factor"": 1.0, ""congestion_count"": 0, ""from_x"": 142.333, ""from_y"": -132.392, ""to_x"": 142.311, ""to_y"": -135.582, ""from_floor"": 0, ""to_floor"": 0}",,,,0.0,,,False,,,{}
AMR-B-2,RETURN-GEN_WASTE_D44_00003-7,corridor,2026-01-05 05:11:36,2026-01-05 05:11:38,C0-15,C0-44,,,142.311,-135.582,0,142.385,-138.767,0,completed,346296.144,2026-01-05 05:11:36,segment_corridor,Clinical Waste Bin,Clinical_Waste_Bin-shared_OPD_SET_1-000001,,[],[],[],0,0,,C0-15,C0-44,,2.655,0.0,3.186,0.0,0.0,"{""type"": ""corridor"", ""from"": ""C0-15"", ""to"": ""C0-44"", ""duration"": 2.6548829488740613, ""distance_m"": 3.1858595386488733, ""speed_factor"": 1.0, ""congestion_count"": 0, ""from_x"": 142.311, ""from_y"": -135.582, ""to_x"": 142.385, ""to_y"": -138.767, ""from_floor"": 0, ""to_floor"": 0}",,,,0.0,,,False,,,{}
AMR-B-2,RETURN-GEN_WASTE_D44_00003-7,corridor,2026-01-05 05:11:38,2026-01-05 05:11:45,C0-44,C0-45,,,142.385,-138.767,0,142.637,-146.743,0,completed,346298.799,2026-01-05 05:11:38,segment_corridor,Clinical Waste Bin,Clinical_Waste_Bin-shared_OPD_SET_1-000001,,[],[],[],0,0,,C0-44,C0-45,,6.65,0.0,7.98,0.0,0.0,"{""type"": ""corridor"", ""from"": ""C0-44"", ""to"": ""C0-45"", ""duration"": 6.649983291541249, ""distance_m"": 7.979979949849498, ""speed_factor"": 1.0, ""congestion_count"": 0, ""from_x"": 142.385, ""from_y"": -138.767, ""to_x"": 142.637, ""to_y"": -146.743, ""from_floor"": 0, ""to_floor"": 0}",,,,0.0,,,False,,,{}
AMR-B-2,RETURN-GEN_WASTE_D44_00003-7,corridor,2026-01-05 05:11:45,2026-01-05 05:11:48,C0-45,C0-16,,,142.637,-146.743,0,142.744,-150.046,0,completed,346305.449,2026-01-05 05:11:45,segment_corridor,Clinical Waste Bin,Clinical_Waste_Bin-shared_OPD_SET_1-000001,,[],[],[],0,0,,C0-45,C0-16,,2.754,0.0,3.305,0.0,0.0,"{""type"": ""corridor"", ""from"": ""C0-45"", ""to"": ""C0-16"", ""duration"": 2.7539438891241836, ""distance_m"": 3.30473266694902, ""speed_factor"": 1.0, ""congestion_count"": 0, ""from_x"": 142.637, ""from_y"": -146.743, ""to_x"": 142.744, ""to_y"": -150.046, ""from_floor"": 0, ""to_floor"": 0}",,,,0.0,,,False,,,{}
AMR-B-2,RETURN-GEN_WASTE_D44_00003-7,corridor,2026-01-05 05:11:48,2026-01-05 05:11:50,C0-16,C0-17,,,142.744,-150.046,0,139.652,-150.053,0,completed,346308.203,2026-01-05 05:11:48,segment_corridor,Clinical Waste Bin,Clinical_Waste_Bin-shared_OPD_SET_1-000001,,[],[],[],0,0,,C0-16,C0-17,,2.577,0.0,3.092,0.0,0.0,"{""type"": ""corridor"", ""from"": ""C0-16"", ""to"": ""C0-17"", ""duration"": 2.5766732697198815, ""distance_m"": 3.0920079236638576, ""speed_factor"": 1.0, ""congestion_count"": 0, ""from_x"": 142.744, ""from_y"": -150.046, ""to_x"": 139.652, ""to_y"": -150.053, ""from_floor"": 0, ""to_floor"": 0}",,,,0.0,,,False,,,{}
AMR-B-2,RETURN-GEN_WASTE_D44_00003-7,corridor,2026-01-05 05:11:50,2026-01-05 05:11:53,C0-17,D4-WASTE,,,139.652,-150.053,0,139.696,-153.083,0,completed,346310.78,2026-01-05 05:11:50,segment_corridor,Clinical Waste Bin,Clinical_Waste_Bin-shared_OPD_SET_1-000001,,[],[],[],0,0,,C0-17,D4-WASTE,,2.525,0.0,3.03,0.0,0.0,"{""type"": ""corridor"", ""from"": ""C0-17"", ""to"": ""D4-WASTE"", ""duration"": 2.5252662125891696, ""distance_m"": 3.0303194551070036, ""speed_factor"": 1.0, ""congestion_count"": 0, ""from_x"": 139.652, ""from_y"": -150.053, ""to_x"": 139.696, ""to_y"": -153.083, ""from_floor"": 0, ""to_floor"": 0}",,,,0.0,,,False,,,{}
AMR-B-2,RETURN-GEN_WASTE_D44_00003-7,dropoff,2026-01-05 05:11:53,2026-01-05 05:12:13,,,,,,,,,,,completed,346313.305,2026-01-05 05:11:53,segment_dropoff,Clinical Waste Bin,Clinical_Waste_Bin-shared_OPD_SET_1-000001,,[],[],[],0,0,,D47-WASTE,D4-WASTE,,20.0,0.0,0.0,0.0,0.0,"{""type"": ""dropoff"", ""location"": ""D4-WASTE"", ""duration"": 20.0, ""inventory_space"": ""Clinical Waste Bin space 1"", ""from_x"": null, ""from_y"": null, ""to_x"": null, ""to_y"": null, ""from_floor"": null, ""to_floor"": null}",,,,0.0,,,False,,,{}
AMR-B-1,RETURN-AMR-B-1-8,,2026-01-05 05:09:07,2026-01-05 05:09:07,,,,,,,,,,,finish,346147.706,2026-01-05 05:09:07,task_complete,,,,[],[],[],0,0,,D47-WASTE,AMR-CENTRE,,0.0,0.0,0.0,0.0,0.0,Task RETURN-AMR-B-1-8 completed,,,,0.0,,,False,,,{}
AMR-B-2,RETURN-GEN_WASTE_D44_00003-7,,2026-01-05 05:12:13,2026-01-05 05:12:13,,,,,,,,,,,finish,346333.305,2026-01-05 05:12:13,task_complete,Clinical Waste Bin,Clinical_Waste_Bin-shared_OPD_SET_1-000001,,[],[],[],0,0,,D47-WASTE,D4-WASTE,,0.0,0.0,0.0,0.0,0.0,Task RETURN-GEN_WASTE_D44_00003-7 completed,task_generation_return,D44,Clinical,0.0,Clinical Waste Bin,,False,,,{}
AMR-B-2,RETURN-AMR-B-2-9,,2026-01-05 05:12:13,2026-01-05 05:12:14,,,D4-WASTE,AMR-CENTRE,,,,,,,start,346333.305,2026-01-05 05:12:13,task_assigned,,,,[],[],[],0,0,,D4-WASTE,AMR-CENTRE,,0.0,0.0,0.0,0.0,164.801,Assigned task to AMR-B-2,,,,0.0,,,False,,,{}
AMR-B-2,RETURN-AMR-B-2-9,pickup,2026-01-05 05:12:13,2026-01-05 05:12:33,,,,,,,,,,,completed,346333.305,2026-01-05 05:12:13,segment_pickup,,,,[],[],[],0,0,,D4-WASTE,AMR-CENTRE,,20.0,0.0,0.0,0.0,0.0,"{""type"": ""pickup"", ""location"": ""D4-WASTE"", ""duration"": 20.0, ""from_x"": null, ""from_y"": null, ""to_x"": null, ""to_y"": null, ""from_floor"": null, ""to_floor"": null}",,,,0.0,,,False,,,{}
AMR-B-2,RETURN-AMR-B-2-9,corridor,2026-01-05 05:12:33,2026-01-05 05:12:35,D4-WASTE,C0-17,,,139.696,-153.083,0,139.652,-150.053,0,completed,346353.305,2026-01-05 05:12:33,segment_corridor,,,,[],[],[],0,0,,D4-WASTE,C0-17,,2.525,0.0,3.03,0.0,0.0,"{""type"": ""corridor"", ""from"": ""D4-WASTE"", ""to"": ""C0-17"", ""duration"": 2.5252662125891696, ""distance_m"": 3.0303194551070036, ""speed_factor"": 1.0, ""congestion_count"": 0, ""from_x"": 139.696, ""from_y"": -153.083, ""to_x"": 139.652, ""to_y"": -150.053, ""from_floor"": 0, ""to_floor"": 0}",,,,0.0,,,False,,,{}
AMR-B-2,RETURN-AMR-B-2-9,corridor,2026-01-05 05:12:35,2026-01-05 05:12:38,C0-17,C0-16,,,139.652,-150.053,0,142.744,-150.046,0,completed,346355.83,2026-01-05 05:12:35,segment_corridor,,,,[],[],[],0,0,,C0-17,C0-16,,2.577,0.0,3.092,0.0,0.0,"{""type"": ""corridor"", ""from"": ""C0-17"", ""to"": ""C0-16"", ""duration"": 2.5766732697198815, ""distance_m"": 3.0920079236638576, ""speed_factor"": 1.0, ""congestion_count"": 0, ""from_x"": 139.652, ""from_y"": -150.053, ""to_x"": 142.744, ""to_y"": -150.046, ""from_floor"": 0, ""to_floor"": 0}",,,,0.0,,,False,,,{}
AMR-B-2,RETURN-AMR-B-2-9,corridor,2026-01-05 05:12:38,2026-01-05 05:12:41,C0-16,C0-45,,,142.744,-150.046,0,142.637,-146.743,0,completed,346358.407,2026-01-05 05:12:38,segment_corridor,,,,[],[],[],0,0,,C0-16,C0-45,,2.754,0.0,3.305,0.0,0.0,"{""type"": ""corridor"", ""from"": ""C0-16"", ""to"": ""C0-45"", ""duration"": 2.7539438891241836, ""distance_m"": 3.30473266694902, ""speed_factor"": 1.0, ""congestion_count"": 0, ""from_x"": 142.744, ""from_y"": -150.046, ""to_x"": 142.637, ""to_y"": -146.743, ""from_floor"": 0, ""to_floor"": 0}",,,,0.0,,,False,,,{}
AMR-B-2,RETURN-AMR-B-2-9,corridor,2026-01-05 05:12:41,2026-01-05 05:12:47,C0-45,C0-44,,,142.637,-146.743,0,142.385,-138.767,0,completed,346361.161,2026-01-05 05:12:41,segment_corridor,,,,[],[],[],0,0,,C0-45,C0-44,,6.65,0.0,7.98,0.0,0.0,"{""type"": ""corridor"", ""from"": ""C0-45"", ""to"": ""C0-44"", ""duration"": 6.649983291541249, ""distance_m"": 7.979979949849498, ""speed_factor"": 1.0, ""congestion_count"": 0, ""from_x"": 142.637, ""from_y"": -146.743, ""to_x"": 142.385, ""to_y"": -138.767, ""from_floor"": 0, ""to_floor"": 0}",,,,0.0,,,False,,,{}
AMR-B-2,RETURN-AMR-B-2-9,corridor,2026-01-05 05:12:47,2026-01-05 05:12:50,C0-44,C0-15,,,142.385,-138.767,0,142.311,-135.582,0,completed,346367.811,2026-01-05 05:12:47,segment_corridor,,,,[],[],[],0,0,,C0-44,C0-15,,2.655,0.0,3.186,0.0,0.0,"{""type"": ""corridor"", ""from"": ""C0-44"", ""to"": ""C0-15"", ""duration"": 2.6548829488740613, ""distance_m"": 3.1858595386488733, ""speed_factor"": 1.0, ""congestion_count"": 0, ""from_x"": 142.385, ""from_y"": -138.767, ""to_x"": 142.311, ""to_y"": -135.582, ""from_floor"": 0, ""to_floor"": 0}",,,,0.0,,,False,,,{}
AMR-B-2,RETURN-AMR-B-2-9,corridor,2026-01-05 05:12:50,2026-01-05 05:12:53,C0-15,C0-14,,,142.311,-135.582,0,142.333,-132.392,0,completed,346370.466,2026-01-05 05:12:50,segment_corridor,,,,[],[],[],0,0,,C0-15,C0-14,,2.658,0.0,3.19,0.0,0.0,"{""type"": ""corridor"", ""from"": ""C0-15"", ""to"": ""C0-14"", ""duration"": 2.6583965509724488, ""distance_m"": 3.1900758611669384, ""speed_factor"": 1.0, ""congestion_count"": 0, ""from_x"": 142.311, ""from_y"": -135.582, ""to_x"": 142.333, ""to_y"": -132.392, ""from_floor"": 0, ""to_floor"": 0}",,,,0.0,,,False,,,{}
AMR-B-2,RETURN-AMR-B-2-9,corridor,2026-01-05 05:12:53,2026-01-05 05:13:01,C0-14,C0-13,,,142.333,-132.392,0,151.939,-132.199,0,completed,346373.124,2026-01-05 05:12:53,segment_corridor,,,,[],[],[],0,0,,C0-14,C0-13,,8.007,0.0,9.608,0.0,0.0,"{""type"": ""corridor"", ""from"": ""C0-14"", ""to"": ""C0-13"", ""duration"": 8.006615537236133, ""distance_m"": 9.607938644683358, ""speed_factor"": 1.0, ""congestion_count"": 0, ""from_x"": 142.333, ""from_y"": -132.392, ""to_x"": 151.939, ""to_y"": -132.199, ""from_floor"": 0, ""to_floor"": 0}",,,,0.0,,,False,,,{}
AMR-B-2,RETURN-AMR-B-2-9,corridor,2026-01-05 05:13:01,2026-01-05 05:13:09,C0-13,C0-12,,,151.939,-132.199,0,151.969,-122.524,0,completed,346381.131,2026-01-05 05:13:01,segment_corridor,,,,[],[],[],0,0,,C0-13,C0-12,,8.063,0.0,9.675,0.0,0.0,"{""type"": ""corridor"", ""from"": ""C0-13"", ""to"": ""C0-12"", ""duration"": 8.062538759596766, ""distance_m"": 9.675046511516118, ""speed_factor"": 1.0, ""congestion_count"": 0, ""from_x"": 151.939, ""from_y"": -132.199, ""to_x"": 151.969, ""to_y"": -122.524, ""from_floor"": 0, ""to_floor"": 0}",,,,0.0,,,False,,,{}
AMR-B-2,RETURN-AMR-B-2-9,corridor,2026-01-05 05:13:09,2026-01-05 05:13:12,C0-12,C0-82,,,151.969,-122.524,0,151.957,-118.723,0,completed,346389.193,2026-01-05 05:13:09,segment_corridor,,,,[],[],[],0,0,,C0-12,C0-82,,3.168,0.0,3.801,0.0,0.0,"{""type"": ""corridor"", ""from"": ""C0-12"", ""to"": ""C0-82"", ""duration"": 3.167515785280321, ""distance_m"": 3.8010189423363854, ""speed_factor"": 1.0, ""congestion_count"": 0, ""from_x"": 151.969, ""from_y"": -122.524, ""to_x"": 151.957, ""to_y"": -118.723, ""from_floor"": 0, ""to_floor"": 0}",,,,0.0,,,False,,,{}
AMR-B-2,RETURN-AMR-B-2-9,corridor,2026-01-05 05:13:12,2026-01-05 05:13:19,C0-82,C0-107,,,151.957,-118.723,0,151.875,-110.231,0,completed,346392.361,2026-01-05 05:13:12,segment_corridor,,,,[],[],[],0,0,,C0-82,C0-107,,7.077,0.0,8.492,0.0,0.0,"{""type"": ""corridor"", ""from"": ""C0-82"", ""to"": ""C0-107"", ""duration"": 7.076996577331065, ""distance_m"": 8.492395892797278, ""speed_factor"": 1.0, ""congestion_count"": 0, ""from_x"": 151.957, ""from_y"": -118.723, ""to_x"": 151.875, ""to_y"": -110.231, ""from_floor"": 0, ""to_floor"": 0}",,,,0.0,,,False,,,{}
AMR-B-2,RETURN-AMR-B-2-9,corridor,2026-01-05 05:13:19,2026-01-05 05:13:25,C0-107,C0-10,,,151.875,-110.231,0,151.906,-103.332,0,completed,346399.438,2026-01-05 05:13:19,segment_corridor,,,,[],[],[],0,0,,C0-107,C0-10,,5.749,0.0,6.899,0.0,0.0,"{""type"": ""corridor"", ""from"": ""C0-107"", ""to"": ""C0-10"", ""duration"": 5.749224706186238, ""distance_m"": 6.899069647423485, ""speed_factor"": 1.0, ""congestion_count"": 0, ""from_x"": 151.875, ""from_y"": -110.231, ""to_x"": 151.906, ""to_y"": -103.332, ""from_floor"": 0, ""to_floor"": 0}",,,,0.0,,,False,,,{}
AMR-B-2,RETURN-AMR-B-2-9,corridor,2026-01-05 05:13:25,2026-01-05 05:13:33,C0-10,C0-78,,,151.906,-103.332,0,151.853,-93.062,0,completed,346405.187,2026-01-05 05:13:25,segment_corridor,,,,[],[],[],0,0,,C0-10,C0-78,,8.558,0.0,10.27,0.0,0.0,"{""type"": ""corridor"", ""from"": ""C0-10"", ""to"": ""C0-78"", ""duration"": 8.558447297196428, ""distance_m"": 10.270136756635713, ""speed_factor"": 1.0, ""congestion_count"": 0, ""from_x"": 151.906, ""from_y"": -103.332, ""to_x"": 151.853, ""to_y"": -93.062, ""from_floor"": 0, ""to_floor"": 0}",,,,0.0,,,False,,,{}
AMR-B-2,RETURN-AMR-B-2-9,corridor,2026-01-05 05:13:33,2026-01-05 05:13:40,C0-78,C0-9,,,151.853,-93.062,0,151.815,-84.679,0,completed,346413.745,2026-01-05 05:13:33,segment_corridor,,,,[],[],[],0,0,,C0-78,C0-9,,6.986,0.0,8.383,0.0,0.0,"{""type"": ""corridor"", ""from"": ""C0-78"", ""to"": ""C0-9"", ""duration"": 6.9859051052021055, ""distance_m"": 8.383086126242526, ""speed_factor"": 1.0, ""congestion_count"": 0, ""from_x"": 151.853, ""from_y"": -93.062, ""to_x"": 151.815, ""to_y"": -84.679, ""from_floor"": 0, ""to_floor"": 0}",,,,0.0,,,False,,,{}
AMR-B-2,RETURN-AMR-B-2-9,corridor,2026-01-05 05:13:40,2026-01-05 05:13:50,C0-9,C0-23,,,151.815,-84.679,0,140.608,-84.673,0,completed,346420.731,2026-01-05 05:13:40,segment_corridor,,,,[],[],[],0,0,,C0-9,C0-23,,9.339,0.0,11.207,0.0,0.0,"{""type"": ""corridor"", ""from"": ""C0-9"", ""to"": ""C0-23"", ""duration"": 9.33916800511575, ""distance_m"": 11.207001606138899, ""speed_factor"": 1.0, ""congestion_count"": 0, ""from_x"": 151.815, ""from_y"": -84.679, ""to_x"": 140.608, ""to_y"": -84.673, ""from_floor"": 0, ""to_floor"": 0}",,,,0.0,,,False,,,{}
AMR-B-2,RETURN-AMR-B-2-9,corridor,2026-01-05 05:13:50,2026-01-05 05:13:53,C0-23,Lift-4-F0,,,140.608,-84.673,0,140.605,-89.055,0,completed,346430.071,2026-01-05 05:13:50,segment_corridor,,,,[],[],[],0,0,,C0-23,Lift-4-F0,,3.652,0.0,4.382,0.0,0.0,"{""type"": ""corridor"", ""from"": ""C0-23"", ""to"": ""Lift-4-F0"", ""duration"": 3.6516675224401896, ""distance_m"": 4.3820010269282275, ""speed_factor"": 1.0, ""congestion_count"": 0, ""from_x"": 140.608, ""from_y"": -84.673, ""to_x"": 140.605, ""to_y"": -89.055, ""from_floor"": 0, ""to_floor"": 0}",,,,0.0,,,False,,,{}
AMR-B-2,RETURN-AMR-B-2-9,lift_transfer,2026-01-05 05:13:53,2026-01-05 05:14:18,Lift-4-F0,Lift-4-F2,,,140.605,-89.055,0,140.605,-89.055,2,completed,346433.722,2026-01-05 05:13:53,segment_lift_transfer,,,,[],[],[],0,0,,Lift-4-F0,Lift-4-F2,Lift-4,24.444,0.0,8.0,0.021564102564102565,0.0,"{""type"": ""lift_transfer"", ""lift_id"": ""Lift-4"", ""from"": ""Lift-4-F0"", ""to"": ""Lift-4-F2"", ""from_floor"": 0, ""to_floor"": 2, ""wait_time"": 0.0, ""duration"": 24.444444444437977, ""distance_m"": 8.0, ""vertical_distance_m"": 8.0, ""energy_kwh"": 0.021564102564102565, ""from_x"": 140.605, ""from_y"": -89.055, ""to_x"": 140.605, ""to_y"": -89.055}",,,,0.0,,,False,,,{}
AMR-B-2,RETURN-AMR-B-2-9,corridor,2026-01-05 05:14:18,2026-01-05 05:14:21,Lift-4-F2,C2-12,,,140.605,-89.055,2,140.54,-85.162,2,completed,346458.167,2026-01-05 05:14:18,segment_corridor,,,,[],[],[],0,0,,Lift-4-F2,C2-12,,3.245,0.0,3.894,0.0,0.0,"{""type"": ""corridor"", ""from"": ""Lift-4-F2"", ""to"": ""C2-12"", ""duration"": 3.24461883568608, ""distance_m"": 3.893542602823296, ""speed_factor"": 1.0, ""congestion_count"": 0, ""from_x"": 140.605, ""from_y"": -89.055, ""to_x"": 140.54, ""to_y"": -85.162, ""from_floor"": 2, ""to_floor"": 2}",,,,0.0,,,False,,,{}
AMR-B-2,RETURN-AMR-B-2-9,corridor,2026-01-05 05:14:21,2026-01-05 05:14:26,C2-12,C2-22,,,140.54,-85.162,2,146.298,-84.823,2,completed,346461.411,2026-01-05 05:14:21,segment_corridor,,,,[],[],[],0,0,,C2-12,C2-22,,4.807,0.0,5.768,0.0,0.0,"{""type"": ""corridor"", ""from"": ""C2-12"", ""to"": ""C2-22"", ""duration"": 4.806642178046736, ""distance_m"": 5.767970613656082, ""speed_factor"": 1.0, ""congestion_count"": 0, ""from_x"": 140.54, ""from_y"": -85.162, ""to_x"": 146.298, ""to_y"": -84.823, ""from_floor"": 2, ""to_floor"": 2}",,,,0.0,,,False,,,{}
AMR-B-2,RETURN-AMR-B-2-9,corridor,2026-01-05 05:14:26,2026-01-05 05:14:30,C2-22,C2-10,,,146.298,-84.823,2,151.747,-84.823,2,completed,346466.218,2026-01-05 05:14:26,segment_corridor,,,,[],[],[],0,0,,C2-22,C2-10,,4.541,0.0,5.449,0.0,0.0,"{""type"": ""corridor"", ""from"": ""C2-22"", ""to"": ""C2-10"", ""duration"": 4.540833333333344, ""distance_m"": 5.449000000000012, ""speed_factor"": 1.0, ""congestion_count"": 0, ""from_x"": 146.298, ""from_y"": -84.823, ""to_x"": 151.747, ""to_y"": -84.823, ""from_floor"": 2, ""to_floor"": 2}",,,,0.0,,,False,,,{}
AMR-B-2,RETURN-AMR-B-2-9,corridor,2026-01-05 05:14:30,2026-01-05 05:14:35,C2-10,C2-11,,,151.747,-84.823,2,157.38,-84.803,2,completed,346470.759,2026-01-05 05:14:30,segment_corridor,,,,[],[],[],0,0,,C2-10,C2-11,,4.694,0.0,5.633,0.0,0.0,"{""type"": ""corridor"", ""from"": ""C2-10"", ""to"": ""C2-11"", ""duration"": 4.694196254122965, ""distance_m"": 5.633035504947558, ""speed_factor"": 1.0, ""congestion_count"": 0, ""from_x"": 151.747, ""from_y"": -84.823, ""to_x"": 157.38, ""to_y"": -84.803, ""from_floor"": 2, ""to_floor"": 2}",,,,0.0,,,False,,,{}
AMR-B-2,RETURN-AMR-B-2-9,corridor,2026-01-05 05:14:35,2026-01-05 05:14:38,C2-11,AMR-CENTRE,,,157.38,-84.803,2,157.36,-81.619,2,completed,346475.453,2026-01-05 05:14:35,segment_corridor,,,,[],[],[],0,0,,C2-11,AMR-CENTRE,,2.653,0.0,3.184,0.0,0.0,"{""type"": ""corridor"", ""from"": ""C2-11"", ""to"": ""AMR-CENTRE"", ""duration"": 2.6533856778756353, ""distance_m"": 3.1840628134507623, ""speed_factor"": 1.0, ""congestion_count"": 0, ""from_x"": 157.38, ""from_y"": -84.803, ""to_x"": 157.36, ""to_y"": -81.619, ""from_floor"": 2, ""to_floor"": 2}",,,,0.0,,,False,,,{}
AMR-B-2,RETURN-AMR-B-2-9,dropoff,2026-01-05 05:14:38,2026-01-05 05:14:58,,,,,,,,,,,completed,346478.106,2026-01-05 05:14:38,segment_dropoff,,,,[],[],[],0,0,,D4-WASTE,AMR-CENTRE,,20.0,0.0,0.0,0.0,0.0,"{""type"": ""dropoff"", ""location"": ""AMR-CENTRE"", ""duration"": 20.0, ""inventory_space"": """", ""from_x"": null, ""from_y"": null, ""to_x"": null, ""to_y"": null, ""from_floor"": null, ""to_floor"": null}",,,,0.0,,,False,,,{}
AMR-B-2,RETURN-AMR-B-2-9,,2026-01-05 05:14:58,2026-01-05 05:14:58,,,,,,,,,,,finish,346498.106,2026-01-05 05:14:58,task_complete,,,,[],[],[],0,0,,D4-WASTE,AMR-CENTRE,,0.0,0.0,0.0,0.0,0.0,Task RETURN-AMR-B-2-9 completed,,,,0.0,,,False,,,{}
,GEN_WASTE_D4_00004,,2026-01-05 21:00:00,2026-01-05 21:00:00,D4-WASTE,D47-WASTE,,,139.696,-153.083,0,176.0,12.0,0,generated,403200.0,2026-01-05 21:00:00,task_generated,Clinical Waste Bin,Clinical_Waste_Bin-shared_OPD_SET_1-000001,,[],[],[],0,0,,D4-WASTE,D47-WASTE,,0.0,0.0,0.0,0.0,0.0,Generated threshold waste task,department_waste,D4,Clinical,0.616,Clinical Waste Bin,,False,,,{}
AMR-B-1,GEN_WASTE_D4_00004,,2026-01-05 21:00:00,2026-01-05 21:00:01,,,AMR-CENTRE,D47-WASTE,,,,,,,start,403200.0,2026-01-05 21:00:00,task_assigned,Clinical Waste Bin,Clinical_Waste_Bin-shared_OPD_SET_1-000001,,[],[],[],0,0,,D4-WASTE,D47-WASTE,,0.0,0.0,0.0,0.0,341.729,Assigned task to AMR-B-1,department_waste,D4,Clinical,0.616,Clinical Waste Bin,,False,,,{}
AMR-B-1,GEN_WASTE_D4_00004,corridor,2026-01-05 21:00:00,2026-01-05 21:00:02,AMR-CENTRE,C2-11,,,157.36,-81.619,2,157.38,-84.803,2,completed,403200.0,2026-01-05 21:00:00,segment_corridor,,,,[],[],[],0,0,,AMR-CENTRE,C2-11,,2.653,0.0,3.184,0.0,0.0,"{""type"": ""corridor"", ""from"": ""AMR-CENTRE"", ""to"": ""C2-11"", ""duration"": 2.6533856778756353, ""distance_m"": 3.1840628134507623, ""speed_factor"": 1.0, ""congestion_count"": 0, ""from_x"": 157.36, ""from_y"": -81.619, ""to_x"": 157.38, ""to_y"": -84.803, ""from_floor"": 2, ""to_floor"": 2}",,,,0.0,,,False,,,{}
AMR-B-1,GEN_WASTE_D4_00004,corridor,2026-01-05 21:00:02,2026-01-05 21:00:07,C2-11,C2-10,,,157.38,-84.803,2,151.747,-84.823,2,completed,403202.653,2026-01-05 21:00:02,segment_corridor,,,,[],[],[],0,0,,C2-11,C2-10,,4.694,0.0,5.633,0.0,0.0,"{""type"": ""corridor"", ""from"": ""C2-11"", ""to"": ""C2-10"", ""duration"": 4.694196254122965, ""distance_m"": 5.633035504947558, ""speed_factor"": 1.0, ""congestion_count"": 0, ""from_x"": 157.38, ""from_y"": -84.803, ""to_x"": 151.747, ""to_y"": -84.823, ""from_floor"": 2, ""to_floor"": 2}",,,,0.0,,,False,,,{}
AMR-B-1,GEN_WASTE_D4_00004,corridor,2026-01-05 21:00:07,2026-01-05 21:00:11,C2-10,C2-22,,,151.747,-84.823,2,146.298,-84.823,2,completed,403207.348,2026-01-05 21:00:07,segment_corridor,,,,[],[],[],0,0,,C2-10,C2-22,,4.541,0.0,5.449,0.0,0.0,"{""type"": ""corridor"", ""from"": ""C2-10"", ""to"": ""C2-22"", ""duration"": 4.540833333333344, ""distance_m"": 5.449000000000012, ""speed_factor"": 1.0, ""congestion_count"": 0, ""from_x"": 151.747, ""from_y"": -84.823, ""to_x"": 146.298, ""to_y"": -84.823, ""from_floor"": 2, ""to_floor"": 2}",,,,0.0,,,False,,,{}
AMR-B-1,GEN_WASTE_D4_00004,corridor,2026-01-05 21:00:11,2026-01-05 21:00:16,C2-22,C2-12,,,146.298,-84.823,2,140.54,-85.162,2,completed,403211.888,2026-01-05 21:00:11,segment_corridor,,,,[],[],[],0,0,,C2-22,C2-12,,4.807,0.0,5.768,0.0,0.0,"{""type"": ""corridor"", ""from"": ""C2-22"", ""to"": ""C2-12"", ""duration"": 4.806642178046736, ""distance_m"": 5.767970613656082, ""speed_factor"": 1.0, ""congestion_count"": 0, ""from_x"": 146.298, ""from_y"": -84.823, ""to_x"": 140.54, ""to_y"": -85.162, ""from_floor"": 2, ""to_floor"": 2}",,,,0.0,,,False,,,{}
AMR-B-1,GEN_WASTE_D4_00004,corridor,2026-01-05 21:00:16,2026-01-05 21:00:19,C2-12,Lift-2-F2,,,140.54,-85.162,2,140.476,-81.715,2,completed,403216.695,2026-01-05 21:00:16,segment_corridor,,,,[],[],[],0,0,,C2-12,Lift-2-F2,,2.873,0.0,3.448,0.0,0.0,"{""type"": ""corridor"", ""from"": ""C2-12"", ""to"": ""Lift-2-F2"", ""duration"": 2.8729950738635908, ""distance_m"": 3.4475940886363086, ""speed_factor"": 1.0, ""congestion_count"": 0, ""from_x"": 140.54, ""from_y"": -85.162, ""to_x"": 140.476, ""to_y"": -81.715, ""from_floor"": 2, ""to_floor"": 2}",,,,0.0,,,False,,,{}
AMR-B-1,GEN_WASTE_D4_00004,lift_transfer,2026-01-05 21:00:19,2026-01-05 21:00:44,Lift-2-F2,Lift-2-F0,,,140.476,-81.715,2,140.476,-81.715,0,completed,403219.568,2026-01-05 21:00:19,segment_lift_transfer,,,,[],[],[],0,0,,Lift-2-F2,Lift-2-F0,Lift-2,24.444,0.0,8.0,0.02086538461538462,0.0,"{""type"": ""lift_transfer"", ""lift_id"": ""Lift-2"", ""from"": ""Lift-2-F2"", ""to"": ""Lift-2-F0"", ""from_floor"": 2, ""to_floor"": 0, ""wait_time"": 0.0, ""duration"": 24.444444444437977, ""distance_m"": 8.0, ""vertical_distance_m"": 8.0, ""energy_kwh"": 0.02086538461538462, ""from_x"": 140.476, ""from_y"": -81.715, ""to_x"": 140.476, ""to_y"": -81.715}",,,,0.0,,,False,,,{}
AMR-B-1,GEN_WASTE_D4_00004,corridor,2026-01-05 21:00:44,2026-01-05 21:00:46,Lift-2-F0,C0-23,,,140.476,-81.715,0,140.608,-84.673,0,completed,403244.012,2026-01-05 21:00:44,segment_corridor,,,,[],[],[],0,0,,Lift-2-F0,C0-23,,2.467,0.0,2.961,0.0,0.0,"{""type"": ""corridor"", ""from"": ""Lift-2-F0"", ""to"": ""C0-23"", ""duration"": 2.4674531403858504, ""distance_m"": 2.96094376846302, ""speed_factor"": 1.0, ""congestion_count"": 0, ""from_x"": 140.476, ""from_y"": -81.715, ""to_x"": 140.608, ""to_y"": -84.673, ""from_floor"": 0, ""to_floor"": 0}",,,,0.0,,,False,,,{}
AMR-B-1,GEN_WASTE_D4_00004,corridor,2026-01-05 21:00:46,2026-01-05 21:00:55,C0-23,C0-9,,,140.608,-84.673,0,151.815,-84.679,0,completed,403246.48,2026-01-05 21:00:46,segment_corridor,,,,[],[],[],0,0,,C0-23,C0-9,,9.339,0.0,11.207,0.0,0.0,"{""type"": ""corridor"", ""from"": ""C0-23"", ""to"": ""C0-9"", ""duration"": 9.33916800511575, ""distance_m"": 11.207001606138899, ""speed_factor"": 1.0, ""congestion_count"": 0, ""from_x"": 140.608, ""from_y"": -84.673, ""to_x"": 151.815, ""to_y"": -84.679, ""from_floor"": 0, ""to_floor"": 0}",,,,0.0,,,False,,,{}
AMR-B-1,GEN_WASTE_D4_00004,corridor,2026-01-05 21:00:55,2026-01-05 21:01:02,C0-9,C0-78,,,151.815,-84.679,0,151.853,-93.062,0,completed,403255.819,2026-01-05 21:00:55,segment_corridor,,,,[],[],[],0,0,,C0-9,C0-78,,6.986,0.0,8.383,0.0,0.0,"{""type"": ""corridor"", ""from"": ""C0-9"", ""to"": ""C0-78"", ""duration"": 6.9859051052021055, ""distance_m"": 8.383086126242526, ""speed_factor"": 1.0, ""congestion_count"": 0, ""from_x"": 151.815, ""from_y"": -84.679, ""to_x"": 151.853, ""to_y"": -93.062, ""from_floor"": 0, ""to_floor"": 0}",,,,0.0,,,False,,,{}
AMR-B-1,GEN_WASTE_D4_00004,corridor,2026-01-05 21:01:02,2026-01-05 21:01:11,C0-78,C0-10,,,151.853,-93.062,0,151.906,-103.332,0,completed,403262.805,2026-01-05 21:01:02,segment_corridor,,,,[],[],[],0,0,,C0-78,C0-10,,8.558,0.0,10.27,0.0,0.0,"{""type"": ""corridor"", ""from"": ""C0-78"", ""to"": ""C0-10"", ""duration"": 8.558447297196428, ""distance_m"": 10.270136756635713, ""speed_factor"": 1.0, ""congestion_count"": 0, ""from_x"": 151.853, ""from_y"": -93.062, ""to_x"": 151.906, ""to_y"": -103.332, ""from_floor"": 0, ""to_floor"": 0}",,,,0.0,,,False,,,{}
AMR-B-1,GEN_WASTE_D4_00004,corridor,2026-01-05 21:01:11,2026-01-05 21:01:17,C0-10,C0-107,,,151.906,-103.332,0,151.875,-110.231,0,completed,403271.363,2026-01-05 21:01:11,segment_corridor,,,,[],[],[],0,0,,C0-10,C0-107,,5.749,0.0,6.899,0.0,0.0,"{""type"": ""corridor"", ""from"": ""C0-10"", ""to"": ""C0-107"", ""duration"": 5.749224706186238, ""distance_m"": 6.899069647423485, ""speed_factor"": 1.0, ""congestion_count"": 0, ""from_x"": 151.906, ""from_y"": -103.332, ""to_x"": 151.875, ""to_y"": -110.231, ""from_floor"": 0, ""to_floor"": 0}",,,,0.0,,,False,,,{}
AMR-B-1,GEN_WASTE_D4_00004,corridor,2026-01-05 21:01:17,2026-01-05 21:01:24,C0-107,C0-82,,,151.875,-110.231,0,151.957,-118.723,0,completed,403277.113,2026-01-05 21:01:17,segment_corridor,,,,[],[],[],0,0,,C0-107,C0-82,,7.077,0.0,8.492,0.0,0.0,"{""type"": ""corridor"", ""from"": ""C0-107"", ""to"": ""C0-82"", ""duration"": 7.076996577331065, ""distance_m"": 8.492395892797278, ""speed_factor"": 1.0, ""congestion_count"": 0, ""from_x"": 151.875, ""from_y"": -110.231, ""to_x"": 151.957, ""to_y"": -118.723, ""from_floor"": 0, ""to_floor"": 0}",,,,0.0,,,False,,,{}
AMR-B-1,GEN_WASTE_D4_00004,corridor,2026-01-05 21:01:24,2026-01-05 21:01:27,C0-82,C0-12,,,151.957,-118.723,0,151.969,-122.524,0,completed,403284.19,2026-01-05 21:01:24,segment_corridor,,,,[],[],[],0,0,,C0-82,C0-12,,3.168,0.0,3.801,0.0,0.0,"{""type"": ""corridor"", ""from"": ""C0-82"", ""to"": ""C0-12"", ""duration"": 3.167515785280321, ""distance_m"": 3.8010189423363854, ""speed_factor"": 1.0, ""congestion_count"": 0, ""from_x"": 151.957, ""from_y"": -118.723, ""to_x"": 151.969, ""to_y"": -122.524, ""from_floor"": 0, ""to_floor"": 0}",,,,0.0,,,False,,,{}
AMR-B-1,GEN_WASTE_D4_00004,corridor,2026-01-05 21:01:27,2026-01-05 21:01:35,C0-12,C0-13,,,151.969,-122.524,0,151.939,-132.199,0,completed,403287.357,2026-01-05 21:01:27,segment_corridor,,,,[],[],[],0,0,,C0-12,C0-13,,8.063,0.0,9.675,0.0,0.0,"{""type"": ""corridor"", ""from"": ""C0-12"", ""to"": ""C0-13"", ""duration"": 8.062538759596766, ""distance_m"": 9.675046511516118, ""speed_factor"": 1.0, ""congestion_count"": 0, ""from_x"": 151.969, ""from_y"": -122.524, ""to_x"": 151.939, ""to_y"": -132.199, ""from_floor"": 0, ""to_floor"": 0}",,,,0.0,,,False,,,{}
AMR-B-1,GEN_WASTE_D4_00004,corridor,2026-01-05 21:01:35,2026-01-05 21:01:43,C0-13,C0-14,,,151.939,-132.199,0,142.333,-132.392,0,completed,403295.42,2026-01-05 21:01:35,segment_corridor,,,,[],[],[],0,0,,C0-13,C0-14,,8.007,0.0,9.608,0.0,0.0,"{""type"": ""corridor"", ""from"": ""C0-13"", ""to"": ""C0-14"", ""duration"": 8.006615537236133, ""distance_m"": 9.607938644683358, ""speed_factor"": 1.0, ""congestion_count"": 0, ""from_x"": 151.939, ""from_y"": -132.199, ""to_x"": 142.333, ""to_y"": -132.392, ""from_floor"": 0, ""to_floor"": 0}",,,,0.0,,,False,,,{}
AMR-B-1,GEN_WASTE_D4_00004,corridor,2026-01-05 21:01:43,2026-01-05 21:01:46,C0-14,C0-15,,,142.333,-132.392,0,142.311,-135.582,0,completed,403303.426,2026-01-05 21:01:43,segment_corridor,,,,[],[],[],0,0,,C0-14,C0-15,,2.658,0.0,3.19,0.0,0.0,"{""type"": ""corridor"", ""from"": ""C0-14"", ""to"": ""C0-15"", ""duration"": 2.6583965509724488, ""distance_m"": 3.1900758611669384, ""speed_factor"": 1.0, ""congestion_count"": 0, ""from_x"": 142.333, ""from_y"": -132.392, ""to_x"": 142.311, ""to_y"": -135.582, ""from_floor"": 0, ""to_floor"": 0}",,,,0.0,,,False,,,{}
AMR-B-1,GEN_WASTE_D4_00004,corridor,2026-01-05 21:01:46,2026-01-05 21:01:48,C0-15,C0-44,,,142.311,-135.582,0,142.385,-138.767,0,completed,403306.085,2026-01-05 21:01:46,segment_corridor,,,,[],[],[],0,0,,C0-15,C0-44,,2.655,0.0,3.186,0.0,0.0,"{""type"": ""corridor"", ""from"": ""C0-15"", ""to"": ""C0-44"", ""duration"": 2.6548829488740613, ""distance_m"": 3.1858595386488733, ""speed_factor"": 1.0, ""congestion_count"": 0, ""from_x"": 142.311, ""from_y"": -135.582, ""to_x"": 142.385, ""to_y"": -138.767, ""from_floor"": 0, ""to_floor"": 0}",,,,0.0,,,False,,,{}
AMR-B-1,GEN_WASTE_D4_00004,corridor,2026-01-05 21:01:48,2026-01-05 21:01:55,C0-44,C0-45,,,142.385,-138.767,0,142.637,-146.743,0,completed,403308.74,2026-01-05 21:01:48,segment_corridor,,,,[],[],[],0,0,,C0-44,C0-45,,6.65,0.0,7.98,0.0,0.0,"{""type"": ""corridor"", ""from"": ""C0-44"", ""to"": ""C0-45"", ""duration"": 6.649983291541249, ""distance_m"": 7.979979949849498, ""speed_factor"": 1.0, ""congestion_count"": 0, ""from_x"": 142.385, ""from_y"": -138.767, ""to_x"": 142.637, ""to_y"": -146.743, ""from_floor"": 0, ""to_floor"": 0}",,,,0.0,,,False,,,{}
AMR-B-1,GEN_WASTE_D4_00004,corridor,2026-01-05 21:01:55,2026-01-05 21:01:58,C0-45,C0-16,,,142.637,-146.743,0,142.744,-150.046,0,completed,403315.39,2026-01-05 21:01:55,segment_corridor,,,,[],[],[],0,0,,C0-45,C0-16,,2.754,0.0,3.305,0.0,0.0,"{""type"": ""corridor"", ""from"": ""C0-45"", ""to"": ""C0-16"", ""duration"": 2.7539438891241836, ""distance_m"": 3.30473266694902, ""speed_factor"": 1.0, ""congestion_count"": 0, ""from_x"": 142.637, ""from_y"": -146.743, ""to_x"": 142.744, ""to_y"": -150.046, ""from_floor"": 0, ""to_floor"": 0}",,,,0.0,,,False,,,{}
AMR-B-1,GEN_WASTE_D4_00004,corridor,2026-01-05 21:01:58,2026-01-05 21:02:00,C0-16,C0-17,,,142.744,-150.046,0,139.652,-150.053,0,completed,403318.144,2026-01-05 21:01:58,segment_corridor,,,,[],[],[],0,0,,C0-16,C0-17,,2.577,0.0,3.092,0.0,0.0,"{""type"": ""corridor"", ""from"": ""C0-16"", ""to"": ""C0-17"", ""duration"": 2.5766732697198815, ""distance_m"": 3.0920079236638576, ""speed_factor"": 1.0, ""congestion_count"": 0, ""from_x"": 142.744, ""from_y"": -150.046, ""to_x"": 139.652, ""to_y"": -150.053, ""from_floor"": 0, ""to_floor"": 0}",,,,0.0,,,False,,,{}
AMR-B-1,GEN_WASTE_D4_00004,corridor,2026-01-05 21:02:00,2026-01-05 21:02:03,C0-17,D4-WASTE,,,139.652,-150.053,0,139.696,-153.083,0,completed,403320.72,2026-01-05 21:02:00,segment_corridor,,,,[],[],[],0,0,,C0-17,D4-WASTE,,2.525,0.0,3.03,0.0,0.0,"{""type"": ""corridor"", ""from"": ""C0-17"", ""to"": ""D4-WASTE"", ""duration"": 2.5252662125891696, ""distance_m"": 3.0303194551070036, ""speed_factor"": 1.0, ""congestion_count"": 0, ""from_x"": 139.652, ""from_y"": -150.053, ""to_x"": 139.696, ""to_y"": -153.083, ""from_floor"": 0, ""to_floor"": 0}",,,,0.0,,,False,,,{}
AMR-B-1,GEN_WASTE_D4_00004,pickup,2026-01-05 21:02:03,2026-01-05 21:02:23,,,,,,,,,,,completed,403323.246,2026-01-05 21:02:03,segment_pickup,Clinical Waste Bin,Clinical_Waste_Bin-shared_OPD_SET_1-000001,,[],[],[],0,0,,D4-WASTE,D47-WASTE,,20.0,0.0,0.0,0.0,0.0,"{""type"": ""pickup"", ""location"": ""D4-WASTE"", ""duration"": 20.0, ""from_x"": null, ""from_y"": null, ""to_x"": null, ""to_y"": null, ""from_floor"": null, ""to_floor"": null}",,,,0.0,,,False,,,{}
AMR-B-1,GEN_WASTE_D4_00004,corridor,2026-01-05 21:02:23,2026-01-05 21:02:26,D4-WASTE,C0-17,,,139.696,-153.083,0,139.652,-150.053,0,completed,403343.246,2026-01-05 21:02:23,segment_corridor,Clinical Waste Bin,Clinical_Waste_Bin-shared_OPD_SET_1-000001,,[],[],[],0,0,,D4-WASTE,C0-17,,2.971,0.0,3.03,0.0,0.0,"{""type"": ""corridor"", ""from"": ""D4-WASTE"", ""to"": ""C0-17"", ""duration"": 2.9709014265754936, ""distance_m"": 3.0303194551070036, ""speed_factor"": 0.85, ""congestion_count"": 1, ""from_x"": 139.696, ""from_y"": -153.083, ""to_x"": 139.652, ""to_y"": -150.053, ""from_floor"": 0, ""to_floor"": 0}",,,,0.0,,,False,,,{}
AMR-B-1,GEN_WASTE_D4_00004,corridor,2026-01-05 21:02:26,2026-01-05 21:02:29,C0-17,C0-16,,,139.652,-150.053,0,142.744,-150.046,0,completed,403346.216,2026-01-05 21:02:26,segment_corridor,Clinical Waste Bin,Clinical_Waste_Bin-shared_OPD_SET_1-000001,,[],[],[],0,0,,C0-17,C0-16,,3.031,0.0,3.092,0.0,0.0,"{""type"": ""corridor"", ""from"": ""C0-17"", ""to"": ""C0-16"", ""duration"": 3.031380317317508, ""distance_m"": 3.0920079236638576, ""speed_factor"": 0.85, ""congestion_count"": 1, ""from_x"": 139.652, ""from_y"": -150.053, ""to_x"": 142.744, ""to_y"": -150.046, ""from_floor"": 0, ""to_floor"": 0}",,,,0.0,,,False,,,{}
AMR-B-1,GEN_WASTE_D4_00004,corridor,2026-01-05 21:02:29,2026-01-05 21:02:32,C0-16,C0-45,,,142.744,-150.046,0,142.637,-146.743,0,completed,403349.248,2026-01-05 21:02:29,segment_corridor,Clinical Waste Bin,Clinical_Waste_Bin-shared_OPD_SET_1-000001,,[],[],[],0,0,,C0-16,C0-45,,2.754,0.0,3.305,0.0,0.0,"{""type"": ""corridor"", ""from"": ""C0-16"", ""to"": ""C0-45"", ""duration"": 2.7539438891241836, ""distance_m"": 3.30473266694902, ""speed_factor"": 1.0, ""congestion_count"": 0, ""from_x"": 142.744, ""from_y"": -150.046, ""to_x"": 142.637, ""to_y"": -146.743, ""from_floor"": 0, ""to_floor"": 0}",,,,0.0,,,False,,,{}
AMR-B-1,GEN_WASTE_D4_00004,corridor,2026-01-05 21:02:32,2026-01-05 21:02:38,C0-45,C0-44,,,142.637,-146.743,0,142.385,-138.767,0,completed,403352.002,2026-01-05 21:02:32,segment_corridor,Clinical Waste Bin,Clinical_Waste_Bin-shared_OPD_SET_1-000001,,[],[],[],0,0,,C0-45,C0-44,,6.65,0.0,7.98,0.0,0.0,"{""type"": ""corridor"", ""from"": ""C0-45"", ""to"": ""C0-44"", ""duration"": 6.649983291541249, ""distance_m"": 7.979979949849498, ""speed_factor"": 1.0, ""congestion_count"": 0, ""from_x"": 142.637, ""from_y"": -146.743, ""to_x"": 142.385, ""to_y"": -138.767, ""from_floor"": 0, ""to_floor"": 0}",,,,0.0,,,False,,,{}
AMR-B-1,GEN_WASTE_D4_00004,corridor,2026-01-05 21:02:38,2026-01-05 21:02:41,C0-44,C0-15,,,142.385,-138.767,0,142.311,-135.582,0,completed,403358.652,2026-01-05 21:02:38,segment_corridor,Clinical Waste Bin,Clinical_Waste_Bin-shared_OPD_SET_1-000001,,[],[],[],0,0,,C0-44,C0-15,,2.655,0.0,3.186,0.0,0.0,"{""type"": ""corridor"", ""from"": ""C0-44"", ""to"": ""C0-15"", ""duration"": 2.6548829488740613, ""distance_m"": 3.1858595386488733, ""speed_factor"": 1.0, ""congestion_count"": 0, ""from_x"": 142.385, ""from_y"": -138.767, ""to_x"": 142.311, ""to_y"": -135.582, ""from_floor"": 0, ""to_floor"": 0}",,,,0.0,,,False,,,{}
AMR-B-1,GEN_WASTE_D4_00004,corridor,2026-01-05 21:02:41,2026-01-05 21:02:43,C0-15,C0-14,,,142.311,-135.582,0,142.333,-132.392,0,completed,403361.307,2026-01-05 21:02:41,segment_corridor,Clinical Waste Bin,Clinical_Waste_Bin-shared_OPD_SET_1-000001,,[],[],[],0,0,,C0-15,C0-14,,2.658,0.0,3.19,0.0,0.0,"{""type"": ""corridor"", ""from"": ""C0-15"", ""to"": ""C0-14"", ""duration"": 2.6583965509724488, ""distance_m"": 3.1900758611669384, ""speed_factor"": 1.0, ""congestion_count"": 0, ""from_x"": 142.311, ""from_y"": -135.582, ""to_x"": 142.333, ""to_y"": -132.392, ""from_floor"": 0, ""to_floor"": 0}",,,,0.0,,,False,,,{}
AMR-B-1,GEN_WASTE_D4_00004,corridor,2026-01-05 21:02:43,2026-01-05 21:02:51,C0-14,C0-13,,,142.333,-132.392,0,151.939,-132.199,0,completed,403363.965,2026-01-05 21:02:43,segment_corridor,Clinical Waste Bin,Clinical_Waste_Bin-shared_OPD_SET_1-000001,,[],[],[],0,0,,C0-14,C0-13,,8.007,0.0,9.608,0.0,0.0,"{""type"": ""corridor"", ""from"": ""C0-14"", ""to"": ""C0-13"", ""duration"": 8.006615537236133, ""distance_m"": 9.607938644683358, ""speed_factor"": 1.0, ""congestion_count"": 0, ""from_x"": 142.333, ""from_y"": -132.392, ""to_x"": 151.939, ""to_y"": -132.199, ""from_floor"": 0, ""to_floor"": 0}",,,,0.0,,,False,,,{}
AMR-B-1,GEN_WASTE_D4_00004,corridor,2026-01-05 21:02:51,2026-01-05 21:03:00,C0-13,C0-12,,,151.939,-132.199,0,151.969,-122.524,0,completed,403371.972,2026-01-05 21:02:51,segment_corridor,Clinical Waste Bin,Clinical_Waste_Bin-shared_OPD_SET_1-000001,,[],[],[],0,0,,C0-13,C0-12,,8.063,0.0,9.675,0.0,0.0,"{""type"": ""corridor"", ""from"": ""C0-13"", ""to"": ""C0-12"", ""duration"": 8.062538759596766, ""distance_m"": 9.675046511516118, ""speed_factor"": 1.0, ""congestion_count"": 0, ""from_x"": 151.939, ""from_y"": -132.199, ""to_x"": 151.969, ""to_y"": -122.524, ""from_floor"": 0, ""to_floor"": 0}",,,,0.0,,,False,,,{}
AMR-B-1,GEN_WASTE_D4_00004,corridor,2026-01-05 21:03:00,2026-01-05 21:03:03,C0-12,C0-82,,,151.969,-122.524,0,151.957,-118.723,0,completed,403380.034,2026-01-05 21:03:00,segment_corridor,Clinical Waste Bin,Clinical_Waste_Bin-shared_OPD_SET_1-000001,,[],[],[],0,0,,C0-12,C0-82,,3.168,0.0,3.801,0.0,0.0,"{""type"": ""corridor"", ""from"": ""C0-12"", ""to"": ""C0-82"", ""duration"": 3.167515785280321, ""distance_m"": 3.8010189423363854, ""speed_factor"": 1.0, ""congestion_count"": 0, ""from_x"": 151.969, ""from_y"": -122.524, ""to_x"": 151.957, ""to_y"": -118.723, ""from_floor"": 0, ""to_floor"": 0}",,,,0.0,,,False,,,{}
AMR-B-1,GEN_WASTE_D4_00004,corridor,2026-01-05 21:03:03,2026-01-05 21:03:10,C0-82,C0-107,,,151.957,-118.723,0,151.875,-110.231,0,completed,403383.202,2026-01-05 21:03:03,segment_corridor,Clinical Waste Bin,Clinical_Waste_Bin-shared_OPD_SET_1-000001,,[],[],[],0,0,,C0-82,C0-107,,7.077,0.0,8.492,0.0,0.0,"{""type"": ""corridor"", ""from"": ""C0-82"", ""to"": ""C0-107"", ""duration"": 7.076996577331065, ""distance_m"": 8.492395892797278, ""speed_factor"": 1.0, ""congestion_count"": 0, ""from_x"": 151.957, ""from_y"": -118.723, ""to_x"": 151.875, ""to_y"": -110.231, ""from_floor"": 0, ""to_floor"": 0}",,,,0.0,,,False,,,{}
AMR-B-1,GEN_WASTE_D4_00004,corridor,2026-01-05 21:03:10,2026-01-05 21:03:16,C0-107,C0-10,,,151.875,-110.231,0,151.906,-103.332,0,completed,403390.279,2026-01-05 21:03:10,segment_corridor,Clinical Waste Bin,Clinical_Waste_Bin-shared_OPD_SET_1-000001,,[],[],[],0,0,,C0-107,C0-10,,5.749,0.0,6.899,0.0,0.0,"{""type"": ""corridor"", ""from"": ""C0-107"", ""to"": ""C0-10"", ""duration"": 5.749224706186238, ""distance_m"": 6.899069647423485, ""speed_factor"": 1.0, ""congestion_count"": 0, ""from_x"": 151.875, ""from_y"": -110.231, ""to_x"": 151.906, ""to_y"": -103.332, ""from_floor"": 0, ""to_floor"": 0}",,,,0.0,,,False,,,{}
AMR-B-1,GEN_WASTE_D4_00004,corridor,2026-01-05 21:03:16,2026-01-05 21:03:24,C0-10,C0-78,,,151.906,-103.332,0,151.853,-93.062,0,completed,403396.028,2026-01-05 21:03:16,segment_corridor,Clinical Waste Bin,Clinical_Waste_Bin-shared_OPD_SET_1-000001,,[],[],[],0,0,,C0-10,C0-78,,8.558,0.0,10.27,0.0,0.0,"{""type"": ""corridor"", ""from"": ""C0-10"", ""to"": ""C0-78"", ""duration"": 8.558447297196428, ""distance_m"": 10.270136756635713, ""speed_factor"": 1.0, ""congestion_count"": 0, ""from_x"": 151.906, ""from_y"": -103.332, ""to_x"": 151.853, ""to_y"": -93.062, ""from_floor"": 0, ""to_floor"": 0}",,,,0.0,,,False,,,{}
AMR-B-1,GEN_WASTE_D4_00004,corridor,2026-01-05 21:03:24,2026-01-05 21:03:31,C0-78,C0-9,,,151.853,-93.062,0,151.815,-84.679,0,completed,403404.586,2026-01-05 21:03:24,segment_corridor,Clinical Waste Bin,Clinical_Waste_Bin-shared_OPD_SET_1-000001,,[],[],[],0,0,,C0-78,C0-9,,6.986,0.0,8.383,0.0,0.0,"{""type"": ""corridor"", ""from"": ""C0-78"", ""to"": ""C0-9"", ""duration"": 6.9859051052021055, ""distance_m"": 8.383086126242526, ""speed_factor"": 1.0, ""congestion_count"": 0, ""from_x"": 151.853, ""from_y"": -93.062, ""to_x"": 151.815, ""to_y"": -84.679, ""from_floor"": 0, ""to_floor"": 0}",,,,0.0,,,False,,,{}
AMR-B-1,GEN_WASTE_D4_00004,corridor,2026-01-05 21:03:31,2026-01-05 21:03:39,C0-9,C0-8,,,151.815,-84.679,0,151.852,-75.529,0,completed,403411.572,2026-01-05 21:03:31,segment_corridor,Clinical Waste Bin,Clinical_Waste_Bin-shared_OPD_SET_1-000001,,[],[],[],0,0,,C0-9,C0-8,,7.625,0.0,9.15,0.0,0.0,"{""type"": ""corridor"", ""from"": ""C0-9"", ""to"": ""C0-8"", ""duration"": 7.625062340364472, ""distance_m"": 9.150074808437367, ""speed_factor"": 1.0, ""congestion_count"": 0, ""from_x"": 151.815, ""from_y"": -84.679, ""to_x"": 151.852, ""to_y"": -75.529, ""from_floor"": 0, ""to_floor"": 0}",,,,0.0,,,False,,,{}
AMR-B-1,GEN_WASTE_D4_00004,corridor,2026-01-05 21:03:39,2026-01-05 21:03:56,C0-8,C0-105,,,151.852,-75.529,0,172.881,-75.288,0,completed,403419.197,2026-01-05 21:03:39,segment_corridor,Clinical Waste Bin,Clinical_Waste_Bin-shared_OPD_SET_1-000001,,[],[],[],0,0,,C0-8,C0-105,,17.525,0.0,21.03,0.0,0.0,"{""type"": ""corridor"", ""from"": ""C0-8"", ""to"": ""C0-105"", ""duration"": 17.525317440459926, ""distance_m"": 21.03038092855191, ""speed_factor"": 1.0, ""congestion_count"": 0, ""from_x"": 151.852, ""from_y"": -75.529, ""to_x"": 172.881, ""to_y"": -75.288, ""from_floor"": 0, ""to_floor"": 0}",,,,0.0,,,False,,,{}
AMR-B-1,GEN_WASTE_D4_00004,corridor,2026-01-05 21:03:56,2026-01-05 21:04:04,C0-105,C0-6,,,172.881,-75.288,0,181.948,-75.288,0,completed,403436.723,2026-01-05 21:03:56,segment_corridor,Clinical Waste Bin,Clinical_Waste_Bin-shared_OPD_SET_1-000001,,[],[],[],0,0,,C0-105,C0-6,,7.556,0.0,9.067,0.0,0.0,"{""type"": ""corridor"", ""from"": ""C0-105"", ""to"": ""C0-6"", ""duration"": 7.555833333333339, ""distance_m"": 9.067000000000007, ""speed_factor"": 1.0, ""congestion_count"": 0, ""from_x"": 172.881, ""from_y"": -75.288, ""to_x"": 181.948, ""to_y"": -75.288, ""from_floor"": 0, ""to_floor"": 0}",,,,0.0,,,False,,,{}
AMR-B-1,GEN_WASTE_D4_00004,corridor,2026-01-05 21:04:04,2026-01-05 21:04:13,C0-6,C0-5,,,181.948,-75.288,0,181.917,-63.981,0,completed,403444.278,2026-01-05 21:04:04,segment_corridor,Clinical Waste Bin,Clinical_Waste_Bin-shared_OPD_SET_1-000001,,[],[],[],0,0,,C0-6,C0-5,,9.423,0.0,11.307,0.0,0.0,"{""type"": ""corridor"", ""from"": ""C0-6"", ""to"": ""C0-5"", ""duration"": 9.422535413099334, ""distance_m"": 11.3070424957192, ""speed_factor"": 1.0, ""congestion_count"": 0, ""from_x"": 181.948, ""from_y"": -75.288, ""to_x"": 181.917, ""to_y"": -63.981, ""from_floor"": 0, ""to_floor"": 0}",,,,0.0,,,False,,,{}
AMR-B-1,GEN_WASTE_D4_00004,corridor,2026-01-05 21:04:13,2026-01-05 21:04:28,C0-5,C0-104,,,181.917,-63.981,0,181.881,-46.498,0,completed,403453.701,2026-01-05 21:04:13,segment_corridor,Clinical Waste Bin,Clinical_Waste_Bin-shared_OPD_SET_1-000001,,[],[],[],0,0,,C0-5,C0-104,,14.569,0.0,17.483,0.0,0.0,"{""type"": ""corridor"", ""from"": ""C0-5"", ""to"": ""C0-104"", ""duration"": 14.569197553781445, ""distance_m"": 17.483037064537733, ""speed_factor"": 1.0, ""congestion_count"": 0, ""from_x"": 181.917, ""from_y"": -63.981, ""to_x"": 181.881, ""to_y"": -46.498, ""from_floor"": 0, ""to_floor"": 0}",,,,0.0,,,False,,,{}
AMR-B-1,GEN_WASTE_D4_00004,corridor,2026-01-05 21:04:28,2026-01-05 21:04:32,C0-104,C0-4,,,181.881,-46.498,0,181.948,-41.989,0,completed,403468.27,2026-01-05 21:04:28,segment_corridor,Clinical Waste Bin,Clinical_Waste_Bin-shared_OPD_SET_1-000001,,[],[],[],0,0,,C0-104,C0-4,,3.758,0.0,4.509,0.0,0.0,"{""type"": ""corridor"", ""from"": ""C0-104"", ""to"": ""C0-4"", ""duration"": 3.757914795616196, ""distance_m"": 4.509497754739435, ""speed_factor"": 1.0, ""congestion_count"": 0, ""from_x"": 181.881, ""from_y"": -46.498, ""to_x"": 181.948, ""to_y"": -41.989, ""from_floor"": 0, ""to_floor"": 0}",,,,0.0,,,False,,,{}
AMR-B-1,GEN_WASTE_D4_00004,corridor,2026-01-05 21:04:32,2026-01-05 21:04:35,C0-4,C0-46,,,181.948,-41.989,0,181.989,-38.315,0,completed,403472.028,2026-01-05 21:04:32,segment_corridor,Clinical Waste Bin,Clinical_Waste_Bin-shared_OPD_SET_1-000001,,[],[],[],0,0,,C0-4,C0-46,,3.062,0.0,3.674,0.0,0.0,"{""type"": ""corridor"", ""from"": ""C0-4"", ""to"": ""C0-46"", ""duration"": 3.0618573021760644, ""distance_m"": 3.674228762611277, ""speed_factor"": 1.0, ""congestion_count"": 0, ""from_x"": 181.948, ""from_y"": -41.989, ""to_x"": 181.989, ""to_y"": -38.315, ""from_floor"": 0, ""to_floor"": 0}",,,,0.0,,,False,,,{}
AMR-B-1,GEN_WASTE_D4_00004,corridor,2026-01-05 21:04:35,2026-01-05 21:05:09,C0-46,C0-47,,,181.989,-38.315,0,182.032,2.94,0,completed,403475.09,2026-01-05 21:04:35,segment_corridor,Clinical Waste Bin,Clinical_Waste_Bin-shared_OPD_SET_1-000001,,[],[],[],0,0,,C0-46,C0-47,,34.379,0.0,41.255,0.0,0.0,"{""type"": ""corridor"", ""from"": ""C0-46"", ""to"": ""C0-47"", ""duration"": 34.37918534116569, ""distance_m"": 41.255022409398826, ""speed_factor"": 1.0, ""congestion_count"": 0, ""from_x"": 181.989, ""from_y"": -38.315, ""to_x"": 182.032, ""to_y"": 2.94, ""from_floor"": 0, ""to_floor"": 0}",,,,0.0,,,False,,,{}
AMR-B-1,GEN_WASTE_D4_00004,corridor,2026-01-05 21:05:09,2026-01-05 21:05:16,C0-47,C0-48,,,182.032,2.94,0,182.055,11.583,0,completed,403509.469,2026-01-05 21:05:09,segment_corridor,Clinical Waste Bin,Clinical_Waste_Bin-shared_OPD_SET_1-000001,,[],[],[],0,0,,C0-47,C0-48,,7.203,0.0,8.643,0.0,0.0,"{""type"": ""corridor"", ""from"": ""C0-47"", ""to"": ""C0-48"", ""duration"": 7.202525502288148, ""distance_m"": 8.643030602745776, ""speed_factor"": 1.0, ""congestion_count"": 0, ""from_x"": 182.032, ""from_y"": 2.94, ""to_x"": 182.055, ""to_y"": 11.583, ""from_floor"": 0, ""to_floor"": 0}",,,,0.0,,,False,,,{}
AMR-B-1,GEN_WASTE_D4_00004,corridor,2026-01-05 21:05:16,2026-01-05 21:05:21,C0-48,D47-WASTE,,,182.055,11.583,0,176.0,12.0,0,completed,403516.672,2026-01-05 21:05:16,segment_corridor,Clinical Waste Bin,Clinical_Waste_Bin-shared_OPD_SET_1-000001,,[],[],[],0,0,,C0-48,D47-WASTE,,5.058,0.0,6.069,0.0,0.0,"{""type"": ""corridor"", ""from"": ""C0-48"", ""to"": ""D47-WASTE"", ""duration"": 5.057785115816788, ""distance_m"": 6.069342138980145, ""speed_factor"": 1.0, ""congestion_count"": 0, ""from_x"": 182.055, ""from_y"": 11.583, ""to_x"": 176.0, ""to_y"": 12.0, ""from_floor"": 0, ""to_floor"": 0}",,,,0.0,,,False,,,{}
AMR-B-1,GEN_WASTE_D4_00004,dropoff,2026-01-05 21:05:21,2026-01-05 21:05:41,,,,,,,,,,,completed,403521.729,2026-01-05 21:05:21,segment_dropoff,Clinical Waste Bin,Clinical_Waste_Bin-shared_OPD_SET_1-000001,,[],[],[],0,0,,D4-WASTE,D47-WASTE,,20.0,0.0,0.0,0.0,0.0,"{""type"": ""dropoff"", ""location"": ""D47-WASTE"", ""duration"": 20.0, ""inventory_space"": """", ""from_x"": null, ""from_y"": null, ""to_x"": null, ""to_y"": null, ""from_floor"": null, ""to_floor"": null}",,,,0.0,,,False,,,{}
AMR-B-1,GEN_WASTE_D4_00004,,2026-01-05 21:05:41,2026-01-05 21:05:41,,,,,,,,,,,finish,403541.729,2026-01-05 21:05:41,task_complete,Clinical Waste Bin,Clinical_Waste_Bin-shared_OPD_SET_1-000001,,[],[],[],0,0,,D4-WASTE,D47-WASTE,,0.0,0.0,0.0,0.0,0.0,Task GEN_WASTE_D4_00004 completed,department_waste,D4,Clinical,0.616,Clinical Waste Bin,,False,,,{}
,RETURN-GEN_WASTE_D4_00004-10,,2026-01-05 21:05:41,2026-01-05 21:05:41,D47-WASTE,D4-WASTE,,,176.0,12.0,0,139.696,-153.083,0,generated,403541.729,2026-01-05 21:05:41,return_task_generated,Clinical Waste Bin,Clinical_Waste_Bin-shared_OPD_SET_1-000001,,[],[],[],0,0,,D47-WASTE,D4-WASTE,,0.0,0.0,0.0,0.0,0.0,Generated delayed return for GEN_WASTE_D4_00004,task_generation_return,D4,,0.0,Clinical Waste Bin,,False,,,{}
AMR-B-1,RETURN-AMR-B-1-11,,2026-01-05 21:05:41,2026-01-05 21:05:42,,,D47-WASTE,AMR-CENTRE,,,,,,,start,403541.729,2026-01-05 21:05:41,task_assigned,,,,[],[],[],0,0,,D47-WASTE,AMR-CENTRE,,0.0,0.0,0.0,0.0,205.976,Assigned task to AMR-B-1,,,,0.0,,,False,,,{}
AMR-B-1,RETURN-AMR-B-1-11,pickup,2026-01-05 21:05:41,2026-01-05 21:06:01,,,,,,,,,,,completed,403541.729,2026-01-05 21:05:41,segment_pickup,,,,[],[],[],0,0,,D47-WASTE,AMR-CENTRE,,20.0,0.0,0.0,0.0,0.0,"{""type"": ""pickup"", ""location"": ""D47-WASTE"", ""duration"": 20.0, ""from_x"": null, ""from_y"": null, ""to_x"": null, ""to_y"": null, ""from_floor"": null, ""to_floor"": null}",,,,0.0,,,False,,,{}
AMR-B-1,RETURN-AMR-B-1-11,corridor,2026-01-05 21:06:01,2026-01-05 21:06:06,D47-WASTE,C0-48,,,176.0,12.0,0,182.055,11.583,0,completed,403561.729,2026-01-05 21:06:01,segment_corridor,,,,[],[],[],0,0,,D47-WASTE,C0-48,,5.058,0.0,6.069,0.0,0.0,"{""type"": ""corridor"", ""from"": ""D47-WASTE"", ""to"": ""C0-48"", ""duration"": 5.057785115816788, ""distance_m"": 6.069342138980145, ""speed_factor"": 1.0, ""congestion_count"": 0, ""from_x"": 176.0, ""from_y"": 12.0, ""to_x"": 182.055, ""to_y"": 11.583, ""from_floor"": 0, ""to_floor"": 0}",,,,0.0,,,False,,,{}
AMR-B-1,RETURN-AMR-B-1-11,corridor,2026-01-05 21:06:06,2026-01-05 21:06:13,C0-48,C0-47,,,182.055,11.583,0,182.032,2.94,0,completed,403566.787,2026-01-05 21:06:06,segment_corridor,,,,[],[],[],0,0,,C0-48,C0-47,,7.203,0.0,8.643,0.0,0.0,"{""type"": ""corridor"", ""from"": ""C0-48"", ""to"": ""C0-47"", ""duration"": 7.202525502288148, ""distance_m"": 8.643030602745776, ""speed_factor"": 1.0, ""congestion_count"": 0, ""from_x"": 182.055, ""from_y"": 11.583, ""to_x"": 182.032, ""to_y"": 2.94, ""from_floor"": 0, ""to_floor"": 0}",,,,0.0,,,False,,,{}
AMR-B-1,RETURN-AMR-B-1-11,corridor,2026-01-05 21:06:13,2026-01-05 21:06:48,C0-47,C0-46,,,182.032,2.94,0,181.989,-38.315,0,completed,403573.99,2026-01-05 21:06:13,segment_corridor,,,,[],[],[],0,0,,C0-47,C0-46,,34.379,0.0,41.255,0.0,0.0,"{""type"": ""corridor"", ""from"": ""C0-47"", ""to"": ""C0-46"", ""duration"": 34.37918534116569, ""distance_m"": 41.255022409398826, ""speed_factor"": 1.0, ""congestion_count"": 0, ""from_x"": 182.032, ""from_y"": 2.94, ""to_x"": 181.989, ""to_y"": -38.315, ""from_floor"": 0, ""to_floor"": 0}",,,,0.0,,,False,,,{}
AMR-B-1,RETURN-AMR-B-1-11,corridor,2026-01-05 21:06:48,2026-01-05 21:06:51,C0-46,C0-4,,,181.989,-38.315,0,181.948,-41.989,0,completed,403608.369,2026-01-05 21:06:48,segment_corridor,,,,[],[],[],0,0,,C0-46,C0-4,,3.062,0.0,3.674,0.0,0.0,"{""type"": ""corridor"", ""from"": ""C0-46"", ""to"": ""C0-4"", ""duration"": 3.0618573021760644, ""distance_m"": 3.674228762611277, ""speed_factor"": 1.0, ""congestion_count"": 0, ""from_x"": 181.989, ""from_y"": -38.315, ""to_x"": 181.948, ""to_y"": -41.989, ""from_floor"": 0, ""to_floor"": 0}",,,,0.0,,,False,,,{}
AMR-B-1,RETURN-AMR-B-1-11,corridor,2026-01-05 21:06:51,2026-01-05 21:06:55,C0-4,C0-104,,,181.948,-41.989,0,181.881,-46.498,0,completed,403611.431,2026-01-05 21:06:51,segment_corridor,,,,[],[],[],0,0,,C0-4,C0-104,,3.758,0.0,4.509,0.0,0.0,"{""type"": ""corridor"", ""from"": ""C0-4"", ""to"": ""C0-104"", ""duration"": 3.757914795616196, ""distance_m"": 4.509497754739435, ""speed_factor"": 1.0, ""congestion_count"": 0, ""from_x"": 181.948, ""from_y"": -41.989, ""to_x"": 181.881, ""to_y"": -46.498, ""from_floor"": 0, ""to_floor"": 0}",,,,0.0,,,False,,,{}
AMR-B-1,RETURN-AMR-B-1-11,corridor,2026-01-05 21:06:55,2026-01-05 21:07:09,C0-104,C0-5,,,181.881,-46.498,0,181.917,-63.981,0,completed,403615.189,2026-01-05 21:06:55,segment_corridor,,,,[],[],[],0,0,,C0-104,C0-5,,14.569,0.0,17.483,0.0,0.0,"{""type"": ""corridor"", ""from"": ""C0-104"", ""to"": ""C0-5"", ""duration"": 14.569197553781445, ""distance_m"": 17.483037064537733, ""speed_factor"": 1.0, ""congestion_count"": 0, ""from_x"": 181.881, ""from_y"": -46.498, ""to_x"": 181.917, ""to_y"": -63.981, ""from_floor"": 0, ""to_floor"": 0}",,,,0.0,,,False,,,{}
AMR-B-1,RETURN-AMR-B-1-11,corridor,2026-01-05 21:07:09,2026-01-05 21:07:19,C0-5,C0-6,,,181.917,-63.981,0,181.948,-75.288,0,completed,403629.758,2026-01-05 21:07:09,segment_corridor,,,,[],[],[],0,0,,C0-5,C0-6,,9.423,0.0,11.307,0.0,0.0,"{""type"": ""corridor"", ""from"": ""C0-5"", ""to"": ""C0-6"", ""duration"": 9.422535413099334, ""distance_m"": 11.3070424957192, ""speed_factor"": 1.0, ""congestion_count"": 0, ""from_x"": 181.917, ""from_y"": -63.981, ""to_x"": 181.948, ""to_y"": -75.288, ""from_floor"": 0, ""to_floor"": 0}",,,,0.0,,,False,,,{}
AMR-B-1,RETURN-AMR-B-1-11,corridor,2026-01-05 21:07:19,2026-01-05 21:07:26,C0-6,C0-105,,,181.948,-75.288,0,172.881,-75.288,0,completed,403639.18,2026-01-05 21:07:19,segment_corridor,,,,[],[],[],0,0,,C0-6,C0-105,,7.556,0.0,9.067,0.0,0.0,"{""type"": ""corridor"", ""from"": ""C0-6"", ""to"": ""C0-105"", ""duration"": 7.555833333333339, ""distance_m"": 9.067000000000007, ""speed_factor"": 1.0, ""congestion_count"": 0, ""from_x"": 181.948, ""from_y"": -75.288, ""to_x"": 172.881, ""to_y"": -75.288, ""from_floor"": 0, ""to_floor"": 0}",,,,0.0,,,False,,,{}
AMR-B-1,RETURN-AMR-B-1-11,corridor,2026-01-05 21:07:26,2026-01-05 21:07:44,C0-105,C0-8,,,172.881,-75.288,0,151.852,-75.529,0,completed,403646.736,2026-01-05 21:07:26,segment_corridor,,,,[],[],[],0,0,,C0-105,C0-8,,17.525,0.0,21.03,0.0,0.0,"{""type"": ""corridor"", ""from"": ""C0-105"", ""to"": ""C0-8"", ""duration"": 17.525317440459926, ""distance_m"": 21.03038092855191, ""speed_factor"": 1.0, ""congestion_count"": 0, ""from_x"": 172.881, ""from_y"": -75.288, ""to_x"": 151.852, ""to_y"": -75.529, ""from_floor"": 0, ""to_floor"": 0}",,,,0.0,,,False,,,{}
AMR-B-1,RETURN-AMR-B-1-11,corridor,2026-01-05 21:07:44,2026-01-05 21:07:51,C0-8,C0-9,,,151.852,-75.529,0,151.815,-84.679,0,completed,403664.262,2026-01-05 21:07:44,segment_corridor,,,,[],[],[],0,0,,C0-8,C0-9,,7.625,0.0,9.15,0.0,0.0,"{""type"": ""corridor"", ""from"": ""C0-8"", ""to"": ""C0-9"", ""duration"": 7.625062340364472, ""distance_m"": 9.150074808437367, ""speed_factor"": 1.0, ""congestion_count"": 0, ""from_x"": 151.852, ""from_y"": -75.529, ""to_x"": 151.815, ""to_y"": -84.679, ""from_floor"": 0, ""to_floor"": 0}",,,,0.0,,,False,,,{}
AMR-B-1,RETURN-AMR-B-1-11,corridor,2026-01-05 21:07:51,2026-01-05 21:08:01,C0-9,C0-23,,,151.815,-84.679,0,140.608,-84.673,0,completed,403671.887,2026-01-05 21:07:51,segment_corridor,,,,[],[],[],0,0,,C0-9,C0-23,,9.339,0.0,11.207,0.0,0.0,"{""type"": ""corridor"", ""from"": ""C0-9"", ""to"": ""C0-23"", ""duration"": 9.33916800511575, ""distance_m"": 11.207001606138899, ""speed_factor"": 1.0, ""congestion_count"": 0, ""from_x"": 151.815, ""from_y"": -84.679, ""to_x"": 140.608, ""to_y"": -84.673, ""from_floor"": 0, ""to_floor"": 0}",,,,0.0,,,False,,,{}
AMR-B-1,RETURN-AMR-B-1-11,corridor,2026-01-05 21:08:01,2026-01-05 21:08:03,C0-23,Lift-2-F0,,,140.608,-84.673,0,140.476,-81.715,0,completed,403681.226,2026-01-05 21:08:01,segment_corridor,,,,[],[],[],0,0,,C0-23,Lift-2-F0,,2.467,0.0,2.961,0.0,0.0,"{""type"": ""corridor"", ""from"": ""C0-23"", ""to"": ""Lift-2-F0"", ""duration"": 2.4674531403858504, ""distance_m"": 2.96094376846302, ""speed_factor"": 1.0, ""congestion_count"": 0, ""from_x"": 140.608, ""from_y"": -84.673, ""to_x"": 140.476, ""to_y"": -81.715, ""from_floor"": 0, ""to_floor"": 0}",,,,0.0,,,False,,,{}
AMR-B-1,RETURN-AMR-B-1-11,lift_transfer,2026-01-05 21:08:03,2026-01-05 21:08:28,Lift-2-F0,Lift-2-F2,,,140.476,-81.715,0,140.476,-81.715,2,completed,403683.693,2026-01-05 21:08:03,segment_lift_transfer,,,,[],[],[],0,0,,Lift-2-F0,Lift-2-F2,Lift-2,24.444,0.0,8.0,0.021564102564102565,0.0,"{""type"": ""lift_transfer"", ""lift_id"": ""Lift-2"", ""from"": ""Lift-2-F0"", ""to"": ""Lift-2-F2"", ""from_floor"": 0, ""to_floor"": 2, ""wait_time"": 0.0, ""duration"": 24.444444444437977, ""distance_m"": 8.0, ""vertical_distance_m"": 8.0, ""energy_kwh"": 0.021564102564102565, ""from_x"": 140.476, ""from_y"": -81.715, ""to_x"": 140.476, ""to_y"": -81.715}",,,,0.0,,,False,,,{}
AMR-B-1,RETURN-AMR-B-1-11,corridor,2026-01-05 21:08:28,2026-01-05 21:08:31,Lift-2-F2,C2-12,,,140.476,-81.715,2,140.54,-85.162,2,completed,403708.138,2026-01-05 21:08:28,segment_corridor,,,,[],[],[],0,0,,Lift-2-F2,C2-12,,2.873,0.0,3.448,0.0,0.0,"{""type"": ""corridor"", ""from"": ""Lift-2-F2"", ""to"": ""C2-12"", ""duration"": 2.8729950738635908, ""distance_m"": 3.4475940886363086, ""speed_factor"": 1.0, ""congestion_count"": 0, ""from_x"": 140.476, ""from_y"": -81.715, ""to_x"": 140.54, ""to_y"": -85.162, ""from_floor"": 2, ""to_floor"": 2}",,,,0.0,,,False,,,{}
AMR-B-1,RETURN-AMR-B-1-11,corridor,2026-01-05 21:08:31,2026-01-05 21:08:35,C2-12,C2-22,,,140.54,-85.162,2,146.298,-84.823,2,completed,403711.011,2026-01-05 21:08:31,segment_corridor,,,,[],[],[],0,0,,C2-12,C2-22,,4.807,0.0,5.768,0.0,0.0,"{""type"": ""corridor"", ""from"": ""C2-12"", ""to"": ""C2-22"", ""duration"": 4.806642178046736, ""distance_m"": 5.767970613656082, ""speed_factor"": 1.0, ""congestion_count"": 0, ""from_x"": 140.54, ""from_y"": -85.162, ""to_x"": 146.298, ""to_y"": -84.823, ""from_floor"": 2, ""to_floor"": 2}",,,,0.0,,,False,,,{}
AMR-B-1,RETURN-AMR-B-1-11,corridor,2026-01-05 21:08:35,2026-01-05 21:08:40,C2-22,C2-10,,,146.298,-84.823,2,151.747,-84.823,2,completed,403715.817,2026-01-05 21:08:35,segment_corridor,,,,[],[],[],0,0,,C2-22,C2-10,,4.541,0.0,5.449,0.0,0.0,"{""type"": ""corridor"", ""from"": ""C2-22"", ""to"": ""C2-10"", ""duration"": 4.540833333333344, ""distance_m"": 5.449000000000012, ""speed_factor"": 1.0, ""congestion_count"": 0, ""from_x"": 146.298, ""from_y"": -84.823, ""to_x"": 151.747, ""to_y"": -84.823, ""from_floor"": 2, ""to_floor"": 2}",,,,0.0,,,False,,,{}
AMR-B-1,RETURN-AMR-B-1-11,corridor,2026-01-05 21:08:40,2026-01-05 21:08:45,C2-10,C2-11,,,151.747,-84.823,2,157.38,-84.803,2,completed,403720.358,2026-01-05 21:08:40,segment_corridor,,,,[],[],[],0,0,,C2-10,C2-11,,4.694,0.0,5.633,0.0,0.0,"{""type"": ""corridor"", ""from"": ""C2-10"", ""to"": ""C2-11"", ""duration"": 4.694196254122965, ""distance_m"": 5.633035504947558, ""speed_factor"": 1.0, ""congestion_count"": 0, ""from_x"": 151.747, ""from_y"": -84.823, ""to_x"": 157.38, ""to_y"": -84.803, ""from_floor"": 2, ""to_floor"": 2}",,,,0.0,,,False,,,{}
AMR-B-1,RETURN-AMR-B-1-11,corridor,2026-01-05 21:08:45,2026-01-05 21:08:47,C2-11,AMR-CENTRE,,,157.38,-84.803,2,157.36,-81.619,2,completed,403725.052,2026-01-05 21:08:45,segment_corridor,,,,[],[],[],0,0,,C2-11,AMR-CENTRE,,2.653,0.0,3.184,0.0,0.0,"{""type"": ""corridor"", ""from"": ""C2-11"", ""to"": ""AMR-CENTRE"", ""duration"": 2.6533856778756353, ""distance_m"": 3.1840628134507623, ""speed_factor"": 1.0, ""congestion_count"": 0, ""from_x"": 157.38, ""from_y"": -84.803, ""to_x"": 157.36, ""to_y"": -81.619, ""from_floor"": 2, ""to_floor"": 2}",,,,0.0,,,False,,,{}
AMR-B-1,RETURN-AMR-B-1-11,dropoff,2026-01-05 21:08:47,2026-01-05 21:09:07,,,,,,,,,,,completed,403727.706,2026-01-05 21:08:47,segment_dropoff,,,,[],[],[],0,0,,D47-WASTE,AMR-CENTRE,,20.0,0.0,0.0,0.0,0.0,"{""type"": ""dropoff"", ""location"": ""AMR-CENTRE"", ""duration"": 20.0, ""inventory_space"": """", ""from_x"": null, ""from_y"": null, ""to_x"": null, ""to_y"": null, ""from_floor"": null, ""to_floor"": null}",,,,0.0,,,False,,,{}
AMR-B-2,RETURN-GEN_WASTE_D4_00004-10,,2026-01-05 21:05:41,2026-01-05 21:05:42,,,AMR-CENTRE,D4-WASTE,,,,,,,start,403541.729,2026-01-05 21:05:41,task_assigned,Clinical Waste Bin,Clinical_Waste_Bin-shared_OPD_SET_1-000001,,[],[],[],0,0,,D47-WASTE,D4-WASTE,,0.0,0.0,0.0,0.0,391.576,Assigned task to AMR-B-2,task_generation_return,D4,Clinical,0.0,Clinical Waste Bin,,False,,,{}
AMR-B-2,RETURN-GEN_WASTE_D4_00004-10,corridor,2026-01-05 21:05:41,2026-01-05 21:05:44,AMR-CENTRE,C2-11,,,157.36,-81.619,2,157.38,-84.803,2,completed,403541.729,2026-01-05 21:05:41,segment_corridor,Clinical Waste Bin,Clinical_Waste_Bin-shared_OPD_SET_1-000001,,[],[],[],0,0,,AMR-CENTRE,C2-11,,2.653,0.0,3.184,0.0,0.0,"{""type"": ""corridor"", ""from"": ""AMR-CENTRE"", ""to"": ""C2-11"", ""duration"": 2.6533856778756353, ""distance_m"": 3.1840628134507623, ""speed_factor"": 1.0, ""congestion_count"": 0, ""from_x"": 157.36, ""from_y"": -81.619, ""to_x"": 157.38, ""to_y"": -84.803, ""from_floor"": 2, ""to_floor"": 2}",,,,0.0,,,False,,,{}
AMR-B-2,RETURN-GEN_WASTE_D4_00004-10,corridor,2026-01-05 21:05:44,2026-01-05 21:05:49,C2-11,C2-10,,,157.38,-84.803,2,151.747,-84.823,2,completed,403544.383,2026-01-05 21:05:44,segment_corridor,Clinical Waste Bin,Clinical_Waste_Bin-shared_OPD_SET_1-000001,,[],[],[],0,0,,C2-11,C2-10,,4.694,0.0,5.633,0.0,0.0,"{""type"": ""corridor"", ""from"": ""C2-11"", ""to"": ""C2-10"", ""duration"": 4.694196254122965, ""distance_m"": 5.633035504947558, ""speed_factor"": 1.0, ""congestion_count"": 0, ""from_x"": 157.38, ""from_y"": -84.803, ""to_x"": 151.747, ""to_y"": -84.823, ""from_floor"": 2, ""to_floor"": 2}",,,,0.0,,,False,,,{}
AMR-B-2,RETURN-GEN_WASTE_D4_00004-10,corridor,2026-01-05 21:05:49,2026-01-05 21:05:53,C2-10,C2-22,,,151.747,-84.823,2,146.298,-84.823,2,completed,403549.077,2026-01-05 21:05:49,segment_corridor,Clinical Waste Bin,Clinical_Waste_Bin-shared_OPD_SET_1-000001,,[],[],[],0,0,,C2-10,C2-22,,4.541,0.0,5.449,0.0,0.0,"{""type"": ""corridor"", ""from"": ""C2-10"", ""to"": ""C2-22"", ""duration"": 4.540833333333344, ""distance_m"": 5.449000000000012, ""speed_factor"": 1.0, ""congestion_count"": 0, ""from_x"": 151.747, ""from_y"": -84.823, ""to_x"": 146.298, ""to_y"": -84.823, ""from_floor"": 2, ""to_floor"": 2}",,,,0.0,,,False,,,{}
AMR-B-2,RETURN-GEN_WASTE_D4_00004-10,corridor,2026-01-05 21:05:53,2026-01-05 21:05:58,C2-22,C2-12,,,146.298,-84.823,2,140.54,-85.162,2,completed,403553.618,2026-01-05 21:05:53,segment_corridor,Clinical Waste Bin,Clinical_Waste_Bin-shared_OPD_SET_1-000001,,[],[],[],0,0,,C2-22,C2-12,,4.807,0.0,5.768,0.0,0.0,"{""type"": ""corridor"", ""from"": ""C2-22"", ""to"": ""C2-12"", ""duration"": 4.806642178046736, ""distance_m"": 5.767970613656082, ""speed_factor"": 1.0, ""congestion_count"": 0, ""from_x"": 146.298, ""from_y"": -84.823, ""to_x"": 140.54, ""to_y"": -85.162, ""from_floor"": 2, ""to_floor"": 2}",,,,0.0,,,False,,,{}
AMR-B-2,RETURN-GEN_WASTE_D4_00004-10,corridor,2026-01-05 21:05:58,2026-01-05 21:06:01,C2-12,Lift-4-F2,,,140.54,-85.162,2,140.605,-89.055,2,completed,403558.425,2026-01-05 21:05:58,segment_corridor,Clinical Waste Bin,Clinical_Waste_Bin-shared_OPD_SET_1-000001,,[],[],[],0,0,,C2-12,Lift-4-F2,,3.245,0.0,3.894,0.0,0.0,"{""type"": ""corridor"", ""from"": ""C2-12"", ""to"": ""Lift-4-F2"", ""duration"": 3.24461883568608, ""distance_m"": 3.893542602823296, ""speed_factor"": 1.0, ""congestion_count"": 0, ""from_x"": 140.54, ""from_y"": -85.162, ""to_x"": 140.605, ""to_y"": -89.055, ""from_floor"": 2, ""to_floor"": 2}",,,,0.0,,,False,,,{}
AMR-B-2,RETURN-GEN_WASTE_D4_00004-10,lift_transfer,2026-01-05 21:06:01,2026-01-05 21:06:26,Lift-4-F2,Lift-4-F0,,,140.605,-89.055,2,140.605,-89.055,0,completed,403561.669,2026-01-05 21:06:01,segment_lift_transfer,Clinical Waste Bin,Clinical_Waste_Bin-shared_OPD_SET_1-000001,,[],[],[],0,0,,Lift-4-F2,Lift-4-F0,Lift-4,24.444,0.0,8.0,0.02086538461538462,0.0,"{""type"": ""lift_transfer"", ""lift_id"": ""Lift-4"", ""from"": ""Lift-4-F2"", ""to"": ""Lift-4-F0"", ""from_floor"": 2, ""to_floor"": 0, ""wait_time"": 0.0, ""duration"": 24.444444444437977, ""distance_m"": 8.0, ""vertical_distance_m"": 8.0, ""energy_kwh"": 0.02086538461538462, ""from_x"": 140.605, ""from_y"": -89.055, ""to_x"": 140.605, ""to_y"": -89.055}",,,,0.0,,,False,,,{}
AMR-B-2,RETURN-GEN_WASTE_D4_00004-10,corridor,2026-01-05 21:06:26,2026-01-05 21:06:29,Lift-4-F0,C0-23,,,140.605,-89.055,0,140.608,-84.673,0,completed,403586.114,2026-01-05 21:06:26,segment_corridor,Clinical Waste Bin,Clinical_Waste_Bin-shared_OPD_SET_1-000001,,[],[],[],0,0,,Lift-4-F0,C0-23,,3.652,0.0,4.382,0.0,0.0,"{""type"": ""corridor"", ""from"": ""Lift-4-F0"", ""to"": ""C0-23"", ""duration"": 3.6516675224401896, ""distance_m"": 4.3820010269282275, ""speed_factor"": 1.0, ""congestion_count"": 0, ""from_x"": 140.605, ""from_y"": -89.055, ""to_x"": 140.608, ""to_y"": -84.673, ""from_floor"": 0, ""to_floor"": 0}",,,,0.0,,,False,,,{}
AMR-B-2,RETURN-GEN_WASTE_D4_00004-10,corridor,2026-01-05 21:06:29,2026-01-05 21:06:39,C0-23,C0-9,,,140.608,-84.673,0,151.815,-84.679,0,completed,403589.765,2026-01-05 21:06:29,segment_corridor,Clinical Waste Bin,Clinical_Waste_Bin-shared_OPD_SET_1-000001,,[],[],[],0,0,,C0-23,C0-9,,9.339,0.0,11.207,0.0,0.0,"{""type"": ""corridor"", ""from"": ""C0-23"", ""to"": ""C0-9"", ""duration"": 9.33916800511575, ""distance_m"": 11.207001606138899, ""speed_factor"": 1.0, ""congestion_count"": 0, ""from_x"": 140.608, ""from_y"": -84.673, ""to_x"": 151.815, ""to_y"": -84.679, ""from_floor"": 0, ""to_floor"": 0}",,,,0.0,,,False,,,{}
AMR-B-2,RETURN-GEN_WASTE_D4_00004-10,corridor,2026-01-05 21:06:39,2026-01-05 21:06:46,C0-9,C0-8,,,151.815,-84.679,0,151.852,-75.529,0,completed,403599.104,2026-01-05 21:06:39,segment_corridor,Clinical Waste Bin,Clinical_Waste_Bin-shared_OPD_SET_1-000001,,[],[],[],0,0,,C0-9,C0-8,,7.625,0.0,9.15,0.0,0.0,"{""type"": ""corridor"", ""from"": ""C0-9"", ""to"": ""C0-8"", ""duration"": 7.625062340364472, ""distance_m"": 9.150074808437367, ""speed_factor"": 1.0, ""congestion_count"": 0, ""from_x"": 151.815, ""from_y"": -84.679, ""to_x"": 151.852, ""to_y"": -75.529, ""from_floor"": 0, ""to_floor"": 0}",,,,0.0,,,False,,,{}
AMR-B-2,RETURN-GEN_WASTE_D4_00004-10,corridor,2026-01-05 21:06:46,2026-01-05 21:07:04,C0-8,C0-105,,,151.852,-75.529,0,172.881,-75.288,0,completed,403606.729,2026-01-05 21:06:46,segment_corridor,Clinical Waste Bin,Clinical_Waste_Bin-shared_OPD_SET_1-000001,,[],[],[],0,0,,C0-8,C0-105,,17.525,0.0,21.03,0.0,0.0,"{""type"": ""corridor"", ""from"": ""C0-8"", ""to"": ""C0-105"", ""duration"": 17.525317440459926, ""distance_m"": 21.03038092855191, ""speed_factor"": 1.0, ""congestion_count"": 0, ""from_x"": 151.852, ""from_y"": -75.529, ""to_x"": 172.881, ""to_y"": -75.288, ""from_floor"": 0, ""to_floor"": 0}",,,,0.0,,,False,,,{}
AMR-B-2,RETURN-GEN_WASTE_D4_00004-10,corridor,2026-01-05 21:07:04,2026-01-05 21:07:13,C0-105,C0-6,,,172.881,-75.288,0,181.948,-75.288,0,completed,403624.255,2026-01-05 21:07:04,segment_corridor,Clinical Waste Bin,Clinical_Waste_Bin-shared_OPD_SET_1-000001,,[],[],[],0,0,,C0-105,C0-6,,8.889,0.0,9.067,0.0,0.0,"{""type"": ""corridor"", ""from"": ""C0-105"", ""to"": ""C0-6"", ""duration"": 8.889215686274516, ""distance_m"": 9.067000000000007, ""speed_factor"": 0.85, ""congestion_count"": 1, ""from_x"": 172.881, ""from_y"": -75.288, ""to_x"": 181.948, ""to_y"": -75.288, ""from_floor"": 0, ""to_floor"": 0}",,,,0.0,,,False,,,{}
AMR-B-2,RETURN-GEN_WASTE_D4_00004-10,corridor,2026-01-05 21:07:13,2026-01-05 21:07:24,C0-6,C0-5,,,181.948,-75.288,0,181.917,-63.981,0,completed,403633.144,2026-01-05 21:07:13,segment_corridor,Clinical Waste Bin,Clinical_Waste_Bin-shared_OPD_SET_1-000001,,[],[],[],0,0,,C0-6,C0-5,,11.085,0.0,11.307,0.0,0.0,"{""type"": ""corridor"", ""from"": ""C0-6"", ""to"": ""C0-5"", ""duration"": 11.085335780116864, ""distance_m"": 11.3070424957192, ""speed_factor"": 0.85, ""congestion_count"": 1, ""from_x"": 181.948, ""from_y"": -75.288, ""to_x"": 181.917, ""to_y"": -63.981, ""from_floor"": 0, ""to_floor"": 0}",,,,0.0,,,False,,,{}
AMR-B-2,RETURN-GEN_WASTE_D4_00004-10,corridor,2026-01-05 21:07:24,2026-01-05 21:07:41,C0-5,C0-104,,,181.917,-63.981,0,181.881,-46.498,0,completed,403644.229,2026-01-05 21:07:24,segment_corridor,Clinical Waste Bin,Clinical_Waste_Bin-shared_OPD_SET_1-000001,,[],[],[],0,0,,C0-5,C0-104,,17.14,0.0,17.483,0.0,0.0,"{""type"": ""corridor"", ""from"": ""C0-5"", ""to"": ""C0-104"", ""duration"": 17.140232416213465, ""distance_m"": 17.483037064537733, ""speed_factor"": 0.85, ""congestion_count"": 1, ""from_x"": 181.917, ""from_y"": -63.981, ""to_x"": 181.881, ""to_y"": -46.498, ""from_floor"": 0, ""to_floor"": 0}",,,,0.0,,,False,,,{}
AMR-B-2,RETURN-GEN_WASTE_D4_00004-10,corridor,2026-01-05 21:07:41,2026-01-05 21:07:45,C0-104,C0-4,,,181.881,-46.498,0,181.948,-41.989,0,completed,403661.37,2026-01-05 21:07:41,segment_corridor,Clinical Waste Bin,Clinical_Waste_Bin-shared_OPD_SET_1-000001,,[],[],[],0,0,,C0-104,C0-4,,3.758,0.0,4.509,0.0,0.0,"{""type"": ""corridor"", ""from"": ""C0-104"", ""to"": ""C0-4"", ""duration"": 3.757914795616196, ""distance_m"": 4.509497754739435, ""speed_factor"": 1.0, ""congestion_count"": 0, ""from_x"": 181.881, ""from_y"": -46.498, ""to_x"": 181.948, ""to_y"": -41.989, ""from_floor"": 0, ""to_floor"": 0}",,,,0.0,,,False,,,{}
AMR-B-2,RETURN-GEN_WASTE_D4_00004-10,corridor,2026-01-05 21:07:45,2026-01-05 21:07:48,C0-4,C0-46,,,181.948,-41.989,0,181.989,-38.315,0,completed,403665.127,2026-01-05 21:07:45,segment_corridor,Clinical Waste Bin,Clinical_Waste_Bin-shared_OPD_SET_1-000001,,[],[],[],0,0,,C0-4,C0-46,,3.062,0.0,3.674,0.0,0.0,"{""type"": ""corridor"", ""from"": ""C0-4"", ""to"": ""C0-46"", ""duration"": 3.0618573021760644, ""distance_m"": 3.674228762611277, ""speed_factor"": 1.0, ""congestion_count"": 0, ""from_x"": 181.948, ""from_y"": -41.989, ""to_x"": 181.989, ""to_y"": -38.315, ""from_floor"": 0, ""to_floor"": 0}",,,,0.0,,,False,,,{}
AMR-B-2,RETURN-GEN_WASTE_D4_00004-10,corridor,2026-01-05 21:07:48,2026-01-05 21:08:22,C0-46,C0-47,,,181.989,-38.315,0,182.032,2.94,0,completed,403668.189,2026-01-05 21:07:48,segment_corridor,Clinical Waste Bin,Clinical_Waste_Bin-shared_OPD_SET_1-000001,,[],[],[],0,0,,C0-46,C0-47,,34.379,0.0,41.255,0.0,0.0,"{""type"": ""corridor"", ""from"": ""C0-46"", ""to"": ""C0-47"", ""duration"": 34.37918534116569, ""distance_m"": 41.255022409398826, ""speed_factor"": 1.0, ""congestion_count"": 0, ""from_x"": 181.989, ""from_y"": -38.315, ""to_x"": 182.032, ""to_y"": 2.94, ""from_floor"": 0, ""to_floor"": 0}",,,,0.0,,,False,,,{}
AMR-B-2,RETURN-GEN_WASTE_D4_00004-10,corridor,2026-01-05 21:08:22,2026-01-05 21:08:29,C0-47,C0-48,,,182.032,2.94,0,182.055,11.583,0,completed,403702.569,2026-01-05 21:08:22,segment_corridor,Clinical Waste Bin,Clinical_Waste_Bin-shared_OPD_SET_1-000001,,[],[],[],0,0,,C0-47,C0-48,,7.203,0.0,8.643,0.0,0.0,"{""type"": ""corridor"", ""from"": ""C0-47"", ""to"": ""C0-48"", ""duration"": 7.202525502288148, ""distance_m"": 8.643030602745776, ""speed_factor"": 1.0, ""congestion_count"": 0, ""from_x"": 182.032, ""from_y"": 2.94, ""to_x"": 182.055, ""to_y"": 11.583, ""from_floor"": 0, ""to_floor"": 0}",,,,0.0,,,False,,,{}
AMR-B-2,RETURN-GEN_WASTE_D4_00004-10,corridor,2026-01-05 21:08:29,2026-01-05 21:08:34,C0-48,D47-WASTE,,,182.055,11.583,0,176.0,12.0,0,completed,403709.771,2026-01-05 21:08:29,segment_corridor,Clinical Waste Bin,Clinical_Waste_Bin-shared_OPD_SET_1-000001,,[],[],[],0,0,,C0-48,D47-WASTE,,5.058,0.0,6.069,0.0,0.0,"{""type"": ""corridor"", ""from"": ""C0-48"", ""to"": ""D47-WASTE"", ""duration"": 5.057785115816788, ""distance_m"": 6.069342138980145, ""speed_factor"": 1.0, ""congestion_count"": 0, ""from_x"": 182.055, ""from_y"": 11.583, ""to_x"": 176.0, ""to_y"": 12.0, ""from_floor"": 0, ""to_floor"": 0}",,,,0.0,,,False,,,{}
AMR-B-2,RETURN-GEN_WASTE_D4_00004-10,pickup,2026-01-05 21:08:34,2026-01-05 21:08:54,,,,,,,,,,,completed,403714.829,2026-01-05 21:08:34,segment_pickup,Clinical Waste Bin,Clinical_Waste_Bin-shared_OPD_SET_1-000001,,[],[],[],0,0,,D47-WASTE,D4-WASTE,,20.0,0.0,0.0,0.0,0.0,"{""type"": ""pickup"", ""location"": ""D47-WASTE"", ""duration"": 20.0, ""from_x"": null, ""from_y"": null, ""to_x"": null, ""to_y"": null, ""from_floor"": null, ""to_floor"": null}",,,,0.0,,,False,,,{}
AMR-B-2,RETURN-GEN_WASTE_D4_00004-10,corridor,2026-01-05 21:08:54,2026-01-05 21:09:00,D47-WASTE,C0-48,,,176.0,12.0,0,182.055,11.583,0,completed,403734.829,2026-01-05 21:08:54,segment_corridor,Clinical Waste Bin,Clinical_Waste_Bin-shared_OPD_SET_1-000001,,[],[],[],0,0,,D47-WASTE,C0-48,,5.95,0.0,6.069,0.0,0.0,"{""type"": ""corridor"", ""from"": ""D47-WASTE"", ""to"": ""C0-48"", ""duration"": 5.950335430372692, ""distance_m"": 6.069342138980145, ""speed_factor"": 0.85, ""congestion_count"": 1, ""from_x"": 176.0, ""from_y"": 12.0, ""to_x"": 182.055, ""to_y"": 11.583, ""from_floor"": 0, ""to_floor"": 0}",,,,0.0,,,False,,,{}
AMR-B-2,RETURN-GEN_WASTE_D4_00004-10,corridor,2026-01-05 21:09:00,2026-01-05 21:09:07,C0-48,C0-47,,,182.055,11.583,0,182.032,2.94,0,completed,403740.779,2026-01-05 21:09:00,segment_corridor,Clinical Waste Bin,Clinical_Waste_Bin-shared_OPD_SET_1-000001,,[],[],[],0,0,,C0-48,C0-47,,7.203,0.0,8.643,0.0,0.0,"{""type"": ""corridor"", ""from"": ""C0-48"", ""to"": ""C0-47"", ""duration"": 7.202525502288148, ""distance_m"": 8.643030602745776, ""speed_factor"": 1.0, ""congestion_count"": 0, ""from_x"": 182.055, ""from_y"": 11.583, ""to_x"": 182.032, ""to_y"": 2.94, ""from_floor"": 0, ""to_floor"": 0}",,,,0.0,,,False,,,{}
AMR-B-2,RETURN-GEN_WASTE_D4_00004-10,corridor,2026-01-05 21:09:07,2026-01-05 21:09:42,C0-47,C0-46,,,182.032,2.94,0,181.989,-38.315,0,completed,403747.982,2026-01-05 21:09:07,segment_corridor,Clinical Waste Bin,Clinical_Waste_Bin-shared_OPD_SET_1-000001,,[],[],[],0,0,,C0-47,C0-46,,34.379,0.0,41.255,0.0,0.0,"{""type"": ""corridor"", ""from"": ""C0-47"", ""to"": ""C0-46"", ""duration"": 34.37918534116569, ""distance_m"": 41.255022409398826, ""speed_factor"": 1.0, ""congestion_count"": 0, ""from_x"": 182.032, ""from_y"": 2.94, ""to_x"": 181.989, ""to_y"": -38.315, ""from_floor"": 0, ""to_floor"": 0}",,,,0.0,,,False,,,{}
AMR-B-2,RETURN-GEN_WASTE_D4_00004-10,corridor,2026-01-05 21:09:42,2026-01-05 21:09:45,C0-46,C0-4,,,181.989,-38.315,0,181.948,-41.989,0,completed,403782.361,2026-01-05 21:09:42,segment_corridor,Clinical Waste Bin,Clinical_Waste_Bin-shared_OPD_SET_1-000001,,[],[],[],0,0,,C0-46,C0-4,,3.062,0.0,3.674,0.0,0.0,"{""type"": ""corridor"", ""from"": ""C0-46"", ""to"": ""C0-4"", ""duration"": 3.0618573021760644, ""distance_m"": 3.674228762611277, ""speed_factor"": 1.0, ""congestion_count"": 0, ""from_x"": 181.989, ""from_y"": -38.315, ""to_x"": 181.948, ""to_y"": -41.989, ""from_floor"": 0, ""to_floor"": 0}",,,,0.0,,,False,,,{}
AMR-B-2,RETURN-GEN_WASTE_D4_00004-10,corridor,2026-01-05 21:09:45,2026-01-05 21:09:49,C0-4,C0-104,,,181.948,-41.989,0,181.881,-46.498,0,completed,403785.423,2026-01-05 21:09:45,segment_corridor,Clinical Waste Bin,Clinical_Waste_Bin-shared_OPD_SET_1-000001,,[],[],[],0,0,,C0-4,C0-104,,3.758,0.0,4.509,0.0,0.0,"{""type"": ""corridor"", ""from"": ""C0-4"", ""to"": ""C0-104"", ""duration"": 3.757914795616196, ""distance_m"": 4.509497754739435, ""speed_factor"": 1.0, ""congestion_count"": 0, ""from_x"": 181.948, ""from_y"": -41.989, ""to_x"": 181.881, ""to_y"": -46.498, ""from_floor"": 0, ""to_floor"": 0}",,,,0.0,,,False,,,{}
AMR-B-2,RETURN-GEN_WASTE_D4_00004-10,corridor,2026-01-05 21:09:49,2026-01-05 21:10:03,C0-104,C0-5,,,181.881,-46.498,0,181.917,-63.981,0,completed,403789.181,2026-01-05 21:09:49,segment_corridor,Clinical Waste Bin,Clinical_Waste_Bin-shared_OPD_SET_1-000001,,[],[],[],0,0,,C0-104,C0-5,,14.569,0.0,17.483,0.0,0.0,"{""type"": ""corridor"", ""from"": ""C0-104"", ""to"": ""C0-5"", ""duration"": 14.569197553781445, ""distance_m"": 17.483037064537733, ""speed_factor"": 1.0, ""congestion_count"": 0, ""from_x"": 181.881, ""from_y"": -46.498, ""to_x"": 181.917, ""to_y"": -63.981, ""from_floor"": 0, ""to_floor"": 0}",,,,0.0,,,False,,,{}
AMR-B-2,RETURN-GEN_WASTE_D4_00004-10,corridor,2026-01-05 21:10:03,2026-01-05 21:10:13,C0-5,C0-6,,,181.917,-63.981,0,181.948,-75.288,0,completed,403803.75,2026-01-05 21:10:03,segment_corridor,Clinical Waste Bin,Clinical_Waste_Bin-shared_OPD_SET_1-000001,,[],[],[],0,0,,C0-5,C0-6,,9.423,0.0,11.307,0.0,0.0,"{""type"": ""corridor"", ""from"": ""C0-5"", ""to"": ""C0-6"", ""duration"": 9.422535413099334, ""distance_m"": 11.3070424957192, ""speed_factor"": 1.0, ""congestion_count"": 0, ""from_x"": 181.917, ""from_y"": -63.981, ""to_x"": 181.948, ""to_y"": -75.288, ""from_floor"": 0, ""to_floor"": 0}",,,,0.0,,,False,,,{}
AMR-B-2,RETURN-GEN_WASTE_D4_00004-10,corridor,2026-01-05 21:10:13,2026-01-05 21:10:20,C0-6,C0-105,,,181.948,-75.288,0,172.881,-75.288,0,completed,403813.172,2026-01-05 21:10:13,segment_corridor,Clinical Waste Bin,Clinical_Waste_Bin-shared_OPD_SET_1-000001,,[],[],[],0,0,,C0-6,C0-105,,7.556,0.0,9.067,0.0,0.0,"{""type"": ""corridor"", ""from"": ""C0-6"", ""to"": ""C0-105"", ""duration"": 7.555833333333339, ""distance_m"": 9.067000000000007, ""speed_factor"": 1.0, ""congestion_count"": 0, ""from_x"": 181.948, ""from_y"": -75.288, ""to_x"": 172.881, ""to_y"": -75.288, ""from_floor"": 0, ""to_floor"": 0}",,,,0.0,,,False,,,{}
AMR-B-2,RETURN-GEN_WASTE_D4_00004-10,corridor,2026-01-05 21:10:20,2026-01-05 21:10:38,C0-105,C0-8,,,172.881,-75.288,0,151.852,-75.529,0,completed,403820.728,2026-01-05 21:10:20,segment_corridor,Clinical Waste Bin,Clinical_Waste_Bin-shared_OPD_SET_1-000001,,[],[],[],0,0,,C0-105,C0-8,,17.525,0.0,21.03,0.0,0.0,"{""type"": ""corridor"", ""from"": ""C0-105"", ""to"": ""C0-8"", ""duration"": 17.525317440459926, ""distance_m"": 21.03038092855191, ""speed_factor"": 1.0, ""congestion_count"": 0, ""from_x"": 172.881, ""from_y"": -75.288, ""to_x"": 151.852, ""to_y"": -75.529, ""from_floor"": 0, ""to_floor"": 0}",,,,0.0,,,False,,,{}
AMR-B-2,RETURN-GEN_WASTE_D4_00004-10,corridor,2026-01-05 21:10:38,2026-01-05 21:10:45,C0-8,C0-9,,,151.852,-75.529,0,151.815,-84.679,0,completed,403838.254,2026-01-05 21:10:38,segment_corridor,Clinical Waste Bin,Clinical_Waste_Bin-shared_OPD_SET_1-000001,,[],[],[],0,0,,C0-8,C0-9,,7.625,0.0,9.15,0.0,0.0,"{""type"": ""corridor"", ""from"": ""C0-8"", ""to"": ""C0-9"", ""duration"": 7.625062340364472, ""distance_m"": 9.150074808437367, ""speed_factor"": 1.0, ""congestion_count"": 0, ""from_x"": 151.852, ""from_y"": -75.529, ""to_x"": 151.815, ""to_y"": -84.679, ""from_floor"": 0, ""to_floor"": 0}",,,,0.0,,,False,,,{}
AMR-B-2,RETURN-GEN_WASTE_D4_00004-10,corridor,2026-01-05 21:10:45,2026-01-05 21:10:52,C0-9,C0-78,,,151.815,-84.679,0,151.853,-93.062,0,completed,403845.879,2026-01-05 21:10:45,segment_corridor,Clinical Waste Bin,Clinical_Waste_Bin-shared_OPD_SET_1-000001,,[],[],[],0,0,,C0-9,C0-78,,6.986,0.0,8.383,0.0,0.0,"{""type"": ""corridor"", ""from"": ""C0-9"", ""to"": ""C0-78"", ""duration"": 6.9859051052021055, ""distance_m"": 8.383086126242526, ""speed_factor"": 1.0, ""congestion_count"": 0, ""from_x"": 151.815, ""from_y"": -84.679, ""to_x"": 151.853, ""to_y"": -93.062, ""from_floor"": 0, ""to_floor"": 0}",,,,0.0,,,False,,,{}
AMR-B-2,RETURN-GEN_WASTE_D4_00004-10,corridor,2026-01-05 21:10:52,2026-01-05 21:11:01,C0-78,C0-10,,,151.853,-93.062,0,151.906,-103.332,0,completed,403852.865,2026-01-05 21:10:52,segment_corridor,Clinical Waste Bin,Clinical_Waste_Bin-shared_OPD_SET_1-000001,,[],[],[],0,0,,C0-78,C0-10,,8.558,0.0,10.27,0.0,0.0,"{""type"": ""corridor"", ""from"": ""C0-78"", ""to"": ""C0-10"", ""duration"": 8.558447297196428, ""distance_m"": 10.270136756635713, ""speed_factor"": 1.0, ""congestion_count"": 0, ""from_x"": 151.853, ""from_y"": -93.062, ""to_x"": 151.906, ""to_y"": -103.332, ""from_floor"": 0, ""to_floor"": 0}",,,,0.0,,,False,,,{}
AMR-B-2,RETURN-GEN_WASTE_D4_00004-10,corridor,2026-01-05 21:11:01,2026-01-05 21:11:07,C0-10,C0-107,,,151.906,-103.332,0,151.875,-110.231,0,completed,403861.423,2026-01-05 21:11:01,segment_corridor,Clinical Waste Bin,Clinical_Waste_Bin-shared_OPD_SET_1-000001,,[],[],[],0,0,,C0-10,C0-107,,5.749,0.0,6.899,0.0,0.0,"{""type"": ""corridor"", ""from"": ""C0-10"", ""to"": ""C0-107"", ""duration"": 5.749224706186238, ""distance_m"": 6.899069647423485, ""speed_factor"": 1.0, ""congestion_count"": 0, ""from_x"": 151.906, ""from_y"": -103.332, ""to_x"": 151.875, ""to_y"": -110.231, ""from_floor"": 0, ""to_floor"": 0}",,,,0.0,,,False,,,{}
AMR-B-2,RETURN-GEN_WASTE_D4_00004-10,corridor,2026-01-05 21:11:07,2026-01-05 21:11:14,C0-107,C0-82,,,151.875,-110.231,0,151.957,-118.723,0,completed,403867.172,2026-01-05 21:11:07,segment_corridor,Clinical Waste Bin,Clinical_Waste_Bin-shared_OPD_SET_1-000001,,[],[],[],0,0,,C0-107,C0-82,,7.077,0.0,8.492,0.0,0.0,"{""type"": ""corridor"", ""from"": ""C0-107"", ""to"": ""C0-82"", ""duration"": 7.076996577331065, ""distance_m"": 8.492395892797278, ""speed_factor"": 1.0, ""congestion_count"": 0, ""from_x"": 151.875, ""from_y"": -110.231, ""to_x"": 151.957, ""to_y"": -118.723, ""from_floor"": 0, ""to_floor"": 0}",,,,0.0,,,False,,,{}
AMR-B-2,RETURN-GEN_WASTE_D4_00004-10,corridor,2026-01-05 21:11:14,2026-01-05 21:11:17,C0-82,C0-12,,,151.957,-118.723,0,151.969,-122.524,0,completed,403874.249,2026-01-05 21:11:14,segment_corridor,Clinical Waste Bin,Clinical_Waste_Bin-shared_OPD_SET_1-000001,,[],[],[],0,0,,C0-82,C0-12,,3.168,0.0,3.801,0.0,0.0,"{""type"": ""corridor"", ""from"": ""C0-82"", ""to"": ""C0-12"", ""duration"": 3.167515785280321, ""distance_m"": 3.8010189423363854, ""speed_factor"": 1.0, ""congestion_count"": 0, ""from_x"": 151.957, ""from_y"": -118.723, ""to_x"": 151.969, ""to_y"": -122.524, ""from_floor"": 0, ""to_floor"": 0}",,,,0.0,,,False,,,{}
AMR-B-2,RETURN-GEN_WASTE_D4_00004-10,corridor,2026-01-05 21:11:17,2026-01-05 21:11:25,C0-12,C0-13,,,151.969,-122.524,0,151.939,-132.199,0,completed,403877.417,2026-01-05 21:11:17,segment_corridor,Clinical Waste Bin,Clinical_Waste_Bin-shared_OPD_SET_1-000001,,[],[],[],0,0,,C0-12,C0-13,,8.063,0.0,9.675,0.0,0.0,"{""type"": ""corridor"", ""from"": ""C0-12"", ""to"": ""C0-13"", ""duration"": 8.062538759596766, ""distance_m"": 9.675046511516118, ""speed_factor"": 1.0, ""congestion_count"": 0, ""from_x"": 151.969, ""from_y"": -122.524, ""to_x"": 151.939, ""to_y"": -132.199, ""from_floor"": 0, ""to_floor"": 0}",,,,0.0,,,False,,,{}
AMR-B-2,RETURN-GEN_WASTE_D4_00004-10,corridor,2026-01-05 21:11:25,2026-01-05 21:11:33,C0-13,C0-14,,,151.939,-132.199,0,142.333,-132.392,0,completed,403885.479,2026-01-05 21:11:25,segment_corridor,Clinical Waste Bin,Clinical_Waste_Bin-shared_OPD_SET_1-000001,,[],[],[],0,0,,C0-13,C0-14,,8.007,0.0,9.608,0.0,0.0,"{""type"": ""corridor"", ""from"": ""C0-13"", ""to"": ""C0-14"", ""duration"": 8.006615537236133, ""distance_m"": 9.607938644683358, ""speed_factor"": 1.0, ""congestion_count"": 0, ""from_x"": 151.939, ""from_y"": -132.199, ""to_x"": 142.333, ""to_y"": -132.392, ""from_floor"": 0, ""to_floor"": 0}",,,,0.0,,,False,,,{}
AMR-B-2,RETURN-GEN_WASTE_D4_00004-10,corridor,2026-01-05 21:11:33,2026-01-05 21:11:36,C0-14,C0-15,,,142.333,-132.392,0,142.311,-135.582,0,completed,403893.486,2026-01-05 21:11:33,segment_corridor,Clinical Waste Bin,Clinical_Waste_Bin-shared_OPD_SET_1-000001,,[],[],[],0,0,,C0-14,C0-15,,2.658,0.0,3.19,0.0,0.0,"{""type"": ""corridor"", ""from"": ""C0-14"", ""to"": ""C0-15"", ""duration"": 2.6583965509724488, ""distance_m"": 3.1900758611669384, ""speed_factor"": 1.0, ""congestion_count"": 0, ""from_x"": 142.333, ""from_y"": -132.392, ""to_x"": 142.311, ""to_y"": -135.582, ""from_floor"": 0, ""to_floor"": 0}",,,,0.0,,,False,,,{}
AMR-B-2,RETURN-GEN_WASTE_D4_00004-10,corridor,2026-01-05 21:11:36,2026-01-05 21:11:38,C0-15,C0-44,,,142.311,-135.582,0,142.385,-138.767,0,completed,403896.144,2026-01-05 21:11:36,segment_corridor,Clinical Waste Bin,Clinical_Waste_Bin-shared_OPD_SET_1-000001,,[],[],[],0,0,,C0-15,C0-44,,2.655,0.0,3.186,0.0,0.0,"{""type"": ""corridor"", ""from"": ""C0-15"", ""to"": ""C0-44"", ""duration"": 2.6548829488740613, ""distance_m"": 3.1858595386488733, ""speed_factor"": 1.0, ""congestion_count"": 0, ""from_x"": 142.311, ""from_y"": -135.582, ""to_x"": 142.385, ""to_y"": -138.767, ""from_floor"": 0, ""to_floor"": 0}",,,,0.0,,,False,,,{}
AMR-B-2,RETURN-GEN_WASTE_D4_00004-10,corridor,2026-01-05 21:11:38,2026-01-05 21:11:45,C0-44,C0-45,,,142.385,-138.767,0,142.637,-146.743,0,completed,403898.799,2026-01-05 21:11:38,segment_corridor,Clinical Waste Bin,Clinical_Waste_Bin-shared_OPD_SET_1-000001,,[],[],[],0,0,,C0-44,C0-45,,6.65,0.0,7.98,0.0,0.0,"{""type"": ""corridor"", ""from"": ""C0-44"", ""to"": ""C0-45"", ""duration"": 6.649983291541249, ""distance_m"": 7.979979949849498, ""speed_factor"": 1.0, ""congestion_count"": 0, ""from_x"": 142.385, ""from_y"": -138.767, ""to_x"": 142.637, ""to_y"": -146.743, ""from_floor"": 0, ""to_floor"": 0}",,,,0.0,,,False,,,{}
AMR-B-2,RETURN-GEN_WASTE_D4_00004-10,corridor,2026-01-05 21:11:45,2026-01-05 21:11:48,C0-45,C0-16,,,142.637,-146.743,0,142.744,-150.046,0,completed,403905.449,2026-01-05 21:11:45,segment_corridor,Clinical Waste Bin,Clinical_Waste_Bin-shared_OPD_SET_1-000001,,[],[],[],0,0,,C0-45,C0-16,,2.754,0.0,3.305,0.0,0.0,"{""type"": ""corridor"", ""from"": ""C0-45"", ""to"": ""C0-16"", ""duration"": 2.7539438891241836, ""distance_m"": 3.30473266694902, ""speed_factor"": 1.0, ""congestion_count"": 0, ""from_x"": 142.637, ""from_y"": -146.743, ""to_x"": 142.744, ""to_y"": -150.046, ""from_floor"": 0, ""to_floor"": 0}",,,,0.0,,,False,,,{}
AMR-B-2,RETURN-GEN_WASTE_D4_00004-10,corridor,2026-01-05 21:11:48,2026-01-05 21:11:50,C0-16,C0-17,,,142.744,-150.046,0,139.652,-150.053,0,completed,403908.203,2026-01-05 21:11:48,segment_corridor,Clinical Waste Bin,Clinical_Waste_Bin-shared_OPD_SET_1-000001,,[],[],[],0,0,,C0-16,C0-17,,2.577,0.0,3.092,0.0,0.0,"{""type"": ""corridor"", ""from"": ""C0-16"", ""to"": ""C0-17"", ""duration"": 2.5766732697198815, ""distance_m"": 3.0920079236638576, ""speed_factor"": 1.0, ""congestion_count"": 0, ""from_x"": 142.744, ""from_y"": -150.046, ""to_x"": 139.652, ""to_y"": -150.053, ""from_floor"": 0, ""to_floor"": 0}",,,,0.0,,,False,,,{}
AMR-B-2,RETURN-GEN_WASTE_D4_00004-10,corridor,2026-01-05 21:11:50,2026-01-05 21:11:53,C0-17,D4-WASTE,,,139.652,-150.053,0,139.696,-153.083,0,completed,403910.78,2026-01-05 21:11:50,segment_corridor,Clinical Waste Bin,Clinical_Waste_Bin-shared_OPD_SET_1-000001,,[],[],[],0,0,,C0-17,D4-WASTE,,2.525,0.0,3.03,0.0,0.0,"{""type"": ""corridor"", ""from"": ""C0-17"", ""to"": ""D4-WASTE"", ""duration"": 2.5252662125891696, ""distance_m"": 3.0303194551070036, ""speed_factor"": 1.0, ""congestion_count"": 0, ""from_x"": 139.652, ""from_y"": -150.053, ""to_x"": 139.696, ""to_y"": -153.083, ""from_floor"": 0, ""to_floor"": 0}",,,,0.0,,,False,,,{}
AMR-B-2,RETURN-GEN_WASTE_D4_00004-10,dropoff,2026-01-05 21:11:53,2026-01-05 21:12:13,,,,,,,,,,,completed,403913.305,2026-01-05 21:11:53,segment_dropoff,Clinical Waste Bin,Clinical_Waste_Bin-shared_OPD_SET_1-000001,,[],[],[],0,0,,D47-WASTE,D4-WASTE,,20.0,0.0,0.0,0.0,0.0,"{""type"": ""dropoff"", ""location"": ""D4-WASTE"", ""duration"": 20.0, ""inventory_space"": ""Clinical Waste Bin space 1"", ""from_x"": null, ""from_y"": null, ""to_x"": null, ""to_y"": null, ""from_floor"": null, ""to_floor"": null}",,,,0.0,,,False,,,{}
AMR-B-1,RETURN-AMR-B-1-11,,2026-01-05 21:09:07,2026-01-05 21:09:07,,,,,,,,,,,finish,403747.706,2026-01-05 21:09:07,task_complete,,,,[],[],[],0,0,,D47-WASTE,AMR-CENTRE,,0.0,0.0,0.0,0.0,0.0,Task RETURN-AMR-B-1-11 completed,,,,0.0,,,False,,,{}
AMR-B-2,RETURN-GEN_WASTE_D4_00004-10,,2026-01-05 21:12:13,2026-01-05 21:12:13,,,,,,,,,,,finish,403933.305,2026-01-05 21:12:13,task_complete,Clinical Waste Bin,Clinical_Waste_Bin-shared_OPD_SET_1-000001,,[],[],[],0,0,,D47-WASTE,D4-WASTE,,0.0,0.0,0.0,0.0,0.0,Task RETURN-GEN_WASTE_D4_00004-10 completed,task_generation_return,D4,Clinical,0.0,Clinical Waste Bin,,False,,,{}
AMR-B-2,RETURN-AMR-B-2-12,,2026-01-05 21:12:13,2026-01-05 21:12:14,,,D4-WASTE,AMR-CENTRE,,,,,,,start,403933.305,2026-01-05 21:12:13,task_assigned,,,,[],[],[],0,0,,D4-WASTE,AMR-CENTRE,,0.0,0.0,0.0,0.0,164.801,Assigned task to AMR-B-2,,,,0.0,,,False,,,{}
AMR-B-2,RETURN-AMR-B-2-12,pickup,2026-01-05 21:12:13,2026-01-05 21:12:33,,,,,,,,,,,completed,403933.305,2026-01-05 21:12:13,segment_pickup,,,,[],[],[],0,0,,D4-WASTE,AMR-CENTRE,,20.0,0.0,0.0,0.0,0.0,"{""type"": ""pickup"", ""location"": ""D4-WASTE"", ""duration"": 20.0, ""from_x"": null, ""from_y"": null, ""to_x"": null, ""to_y"": null, ""from_floor"": null, ""to_floor"": null}",,,,0.0,,,False,,,{}
AMR-B-2,RETURN-AMR-B-2-12,corridor,2026-01-05 21:12:33,2026-01-05 21:12:35,D4-WASTE,C0-17,,,139.696,-153.083,0,139.652,-150.053,0,completed,403953.305,2026-01-05 21:12:33,segment_corridor,,,,[],[],[],0,0,,D4-WASTE,C0-17,,2.525,0.0,3.03,0.0,0.0,"{""type"": ""corridor"", ""from"": ""D4-WASTE"", ""to"": ""C0-17"", ""duration"": 2.5252662125891696, ""distance_m"": 3.0303194551070036, ""speed_factor"": 1.0, ""congestion_count"": 0, ""from_x"": 139.696, ""from_y"": -153.083, ""to_x"": 139.652, ""to_y"": -150.053, ""from_floor"": 0, ""to_floor"": 0}",,,,0.0,,,False,,,{}
AMR-B-2,RETURN-AMR-B-2-12,corridor,2026-01-05 21:12:35,2026-01-05 21:12:38,C0-17,C0-16,,,139.652,-150.053,0,142.744,-150.046,0,completed,403955.83,2026-01-05 21:12:35,segment_corridor,,,,[],[],[],0,0,,C0-17,C0-16,,2.577,0.0,3.092,0.0,0.0,"{""type"": ""corridor"", ""from"": ""C0-17"", ""to"": ""C0-16"", ""duration"": 2.5766732697198815, ""distance_m"": 3.0920079236638576, ""speed_factor"": 1.0, ""congestion_count"": 0, ""from_x"": 139.652, ""from_y"": -150.053, ""to_x"": 142.744, ""to_y"": -150.046, ""from_floor"": 0, ""to_floor"": 0}",,,,0.0,,,False,,,{}
AMR-B-2,RETURN-AMR-B-2-12,corridor,2026-01-05 21:12:38,2026-01-05 21:12:41,C0-16,C0-45,,,142.744,-150.046,0,142.637,-146.743,0,completed,403958.407,2026-01-05 21:12:38,segment_corridor,,,,[],[],[],0,0,,C0-16,C0-45,,2.754,0.0,3.305,0.0,0.0,"{""type"": ""corridor"", ""from"": ""C0-16"", ""to"": ""C0-45"", ""duration"": 2.7539438891241836, ""distance_m"": 3.30473266694902, ""speed_factor"": 1.0, ""congestion_count"": 0, ""from_x"": 142.744, ""from_y"": -150.046, ""to_x"": 142.637, ""to_y"": -146.743, ""from_floor"": 0, ""to_floor"": 0}",,,,0.0,,,False,,,{}
AMR-B-2,RETURN-AMR-B-2-12,corridor,2026-01-05 21:12:41,2026-01-05 21:12:47,C0-45,C0-44,,,142.637,-146.743,0,142.385,-138.767,0,completed,403961.161,2026-01-05 21:12:41,segment_corridor,,,,[],[],[],0,0,,C0-45,C0-44,,6.65,0.0,7.98,0.0,0.0,"{""type"": ""corridor"", ""from"": ""C0-45"", ""to"": ""C0-44"", ""duration"": 6.649983291541249, ""distance_m"": 7.979979949849498, ""speed_factor"": 1.0, ""congestion_count"": 0, ""from_x"": 142.637, ""from_y"": -146.743, ""to_x"": 142.385, ""to_y"": -138.767, ""from_floor"": 0, ""to_floor"": 0}",,,,0.0,,,False,,,{}
AMR-B-2,RETURN-AMR-B-2-12,corridor,2026-01-05 21:12:47,2026-01-05 21:12:50,C0-44,C0-15,,,142.385,-138.767,0,142.311,-135.582,0,completed,403967.811,2026-01-05 21:12:47,segment_corridor,,,,[],[],[],0,0,,C0-44,C0-15,,2.655,0.0,3.186,0.0,0.0,"{""type"": ""corridor"", ""from"": ""C0-44"", ""to"": ""C0-15"", ""duration"": 2.6548829488740613, ""distance_m"": 3.1858595386488733, ""speed_factor"": 1.0, ""congestion_count"": 0, ""from_x"": 142.385, ""from_y"": -138.767, ""to_x"": 142.311, ""to_y"": -135.582, ""from_floor"": 0, ""to_floor"": 0}",,,,0.0,,,False,,,{}
AMR-B-2,RETURN-AMR-B-2-12,corridor,2026-01-05 21:12:50,2026-01-05 21:12:53,C0-15,C0-14,,,142.311,-135.582,0,142.333,-132.392,0,completed,403970.466,2026-01-05 21:12:50,segment_corridor,,,,[],[],[],0,0,,C0-15,C0-14,,2.658,0.0,3.19,0.0,0.0,"{""type"": ""corridor"", ""from"": ""C0-15"", ""to"": ""C0-14"", ""duration"": 2.6583965509724488, ""distance_m"": 3.1900758611669384, ""speed_factor"": 1.0, ""congestion_count"": 0, ""from_x"": 142.311, ""from_y"": -135.582, ""to_x"": 142.333, ""to_y"": -132.392, ""from_floor"": 0, ""to_floor"": 0}",,,,0.0,,,False,,,{}
AMR-B-2,RETURN-AMR-B-2-12,corridor,2026-01-05 21:12:53,2026-01-05 21:13:01,C0-14,C0-13,,,142.333,-132.392,0,151.939,-132.199,0,completed,403973.124,2026-01-05 21:12:53,segment_corridor,,,,[],[],[],0,0,,C0-14,C0-13,,8.007,0.0,9.608,0.0,0.0,"{""type"": ""corridor"", ""from"": ""C0-14"", ""to"": ""C0-13"", ""duration"": 8.006615537236133, ""distance_m"": 9.607938644683358, ""speed_factor"": 1.0, ""congestion_count"": 0, ""from_x"": 142.333, ""from_y"": -132.392, ""to_x"": 151.939, ""to_y"": -132.199, ""from_floor"": 0, ""to_floor"": 0}",,,,0.0,,,False,,,{}
AMR-B-2,RETURN-AMR-B-2-12,corridor,2026-01-05 21:13:01,2026-01-05 21:13:09,C0-13,C0-12,,,151.939,-132.199,0,151.969,-122.524,0,completed,403981.131,2026-01-05 21:13:01,segment_corridor,,,,[],[],[],0,0,,C0-13,C0-12,,8.063,0.0,9.675,0.0,0.0,"{""type"": ""corridor"", ""from"": ""C0-13"", ""to"": ""C0-12"", ""duration"": 8.062538759596766, ""distance_m"": 9.675046511516118, ""speed_factor"": 1.0, ""congestion_count"": 0, ""from_x"": 151.939, ""from_y"": -132.199, ""to_x"": 151.969, ""to_y"": -122.524, ""from_floor"": 0, ""to_floor"": 0}",,,,0.0,,,False,,,{}
AMR-B-2,RETURN-AMR-B-2-12,corridor,2026-01-05 21:13:09,2026-01-05 21:13:12,C0-12,C0-82,,,151.969,-122.524,0,151.957,-118.723,0,completed,403989.193,2026-01-05 21:13:09,segment_corridor,,,,[],[],[],0,0,,C0-12,C0-82,,3.168,0.0,3.801,0.0,0.0,"{""type"": ""corridor"", ""from"": ""C0-12"", ""to"": ""C0-82"", ""duration"": 3.167515785280321, ""distance_m"": 3.8010189423363854, ""speed_factor"": 1.0, ""congestion_count"": 0, ""from_x"": 151.969, ""from_y"": -122.524, ""to_x"": 151.957, ""to_y"": -118.723, ""from_floor"": 0, ""to_floor"": 0}",,,,0.0,,,False,,,{}
AMR-B-2,RETURN-AMR-B-2-12,corridor,2026-01-05 21:13:12,2026-01-05 21:13:19,C0-82,C0-107,,,151.957,-118.723,0,151.875,-110.231,0,completed,403992.361,2026-01-05 21:13:12,segment_corridor,,,,[],[],[],0,0,,C0-82,C0-107,,7.077,0.0,8.492,0.0,0.0,"{""type"": ""corridor"", ""from"": ""C0-82"", ""to"": ""C0-107"", ""duration"": 7.076996577331065, ""distance_m"": 8.492395892797278, ""speed_factor"": 1.0, ""congestion_count"": 0, ""from_x"": 151.957, ""from_y"": -118.723, ""to_x"": 151.875, ""to_y"": -110.231, ""from_floor"": 0, ""to_floor"": 0}",,,,0.0,,,False,,,{}
AMR-B-2,RETURN-AMR-B-2-12,corridor,2026-01-05 21:13:19,2026-01-05 21:13:25,C0-107,C0-10,,,151.875,-110.231,0,151.906,-103.332,0,completed,403999.438,2026-01-05 21:13:19,segment_corridor,,,,[],[],[],0,0,,C0-107,C0-10,,5.749,0.0,6.899,0.0,0.0,"{""type"": ""corridor"", ""from"": ""C0-107"", ""to"": ""C0-10"", ""duration"": 5.749224706186238, ""distance_m"": 6.899069647423485, ""speed_factor"": 1.0, ""congestion_count"": 0, ""from_x"": 151.875, ""from_y"": -110.231, ""to_x"": 151.906, ""to_y"": -103.332, ""from_floor"": 0, ""to_floor"": 0}",,,,0.0,,,False,,,{}
AMR-B-2,RETURN-AMR-B-2-12,corridor,2026-01-05 21:13:25,2026-01-05 21:13:33,C0-10,C0-78,,,151.906,-103.332,0,151.853,-93.062,0,completed,404005.187,2026-01-05 21:13:25,segment_corridor,,,,[],[],[],0,0,,C0-10,C0-78,,8.558,0.0,10.27,0.0,0.0,"{""type"": ""corridor"", ""from"": ""C0-10"", ""to"": ""C0-78"", ""duration"": 8.558447297196428, ""distance_m"": 10.270136756635713, ""speed_factor"": 1.0, ""congestion_count"": 0, ""from_x"": 151.906, ""from_y"": -103.332, ""to_x"": 151.853, ""to_y"": -93.062, ""from_floor"": 0, ""to_floor"": 0}",,,,0.0,,,False,,,{}
AMR-B-2,RETURN-AMR-B-2-12,corridor,2026-01-05 21:13:33,2026-01-05 21:13:40,C0-78,C0-9,,,151.853,-93.062,0,151.815,-84.679,0,completed,404013.745,2026-01-05 21:13:33,segment_corridor,,,,[],[],[],0,0,,C0-78,C0-9,,6.986,0.0,8.383,0.0,0.0,"{""type"": ""corridor"", ""from"": ""C0-78"", ""to"": ""C0-9"", ""duration"": 6.9859051052021055, ""distance_m"": 8.383086126242526, ""speed_factor"": 1.0, ""congestion_count"": 0, ""from_x"": 151.853, ""from_y"": -93.062, ""to_x"": 151.815, ""to_y"": -84.679, ""from_floor"": 0, ""to_floor"": 0}",,,,0.0,,,False,,,{}
AMR-B-2,RETURN-AMR-B-2-12,corridor,2026-01-05 21:13:40,2026-01-05 21:13:50,C0-9,C0-23,,,151.815,-84.679,0,140.608,-84.673,0,completed,404020.731,2026-01-05 21:13:40,segment_corridor,,,,[],[],[],0,0,,C0-9,C0-23,,9.339,0.0,11.207,0.0,0.0,"{""type"": ""corridor"", ""from"": ""C0-9"", ""to"": ""C0-23"", ""duration"": 9.33916800511575, ""distance_m"": 11.207001606138899, ""speed_factor"": 1.0, ""congestion_count"": 0, ""from_x"": 151.815, ""from_y"": -84.679, ""to_x"": 140.608, ""to_y"": -84.673, ""from_floor"": 0, ""to_floor"": 0}",,,,0.0,,,False,,,{}
AMR-B-2,RETURN-AMR-B-2-12,corridor,2026-01-05 21:13:50,2026-01-05 21:13:53,C0-23,Lift-4-F0,,,140.608,-84.673,0,140.605,-89.055,0,completed,404030.071,2026-01-05 21:13:50,segment_corridor,,,,[],[],[],0,0,,C0-23,Lift-4-F0,,3.652,0.0,4.382,0.0,0.0,"{""type"": ""corridor"", ""from"": ""C0-23"", ""to"": ""Lift-4-F0"", ""duration"": 3.6516675224401896, ""distance_m"": 4.3820010269282275, ""speed_factor"": 1.0, ""congestion_count"": 0, ""from_x"": 140.608, ""from_y"": -84.673, ""to_x"": 140.605, ""to_y"": -89.055, ""from_floor"": 0, ""to_floor"": 0}",,,,0.0,,,False,,,{}
AMR-B-2,RETURN-AMR-B-2-12,lift_transfer,2026-01-05 21:13:53,2026-01-05 21:14:18,Lift-4-F0,Lift-4-F2,,,140.605,-89.055,0,140.605,-89.055,2,completed,404033.722,2026-01-05 21:13:53,segment_lift_transfer,,,,[],[],[],0,0,,Lift-4-F0,Lift-4-F2,Lift-4,24.444,0.0,8.0,0.021564102564102565,0.0,"{""type"": ""lift_transfer"", ""lift_id"": ""Lift-4"", ""from"": ""Lift-4-F0"", ""to"": ""Lift-4-F2"", ""from_floor"": 0, ""to_floor"": 2, ""wait_time"": 0.0, ""duration"": 24.444444444437977, ""distance_m"": 8.0, ""vertical_distance_m"": 8.0, ""energy_kwh"": 0.021564102564102565, ""from_x"": 140.605, ""from_y"": -89.055, ""to_x"": 140.605, ""to_y"": -89.055}",,,,0.0,,,False,,,{}
AMR-B-2,RETURN-AMR-B-2-12,corridor,2026-01-05 21:14:18,2026-01-05 21:14:21,Lift-4-F2,C2-12,,,140.605,-89.055,2,140.54,-85.162,2,completed,404058.167,2026-01-05 21:14:18,segment_corridor,,,,[],[],[],0,0,,Lift-4-F2,C2-12,,3.245,0.0,3.894,0.0,0.0,"{""type"": ""corridor"", ""from"": ""Lift-4-F2"", ""to"": ""C2-12"", ""duration"": 3.24461883568608, ""distance_m"": 3.893542602823296, ""speed_factor"": 1.0, ""congestion_count"": 0, ""from_x"": 140.605, ""from_y"": -89.055, ""to_x"": 140.54, ""to_y"": -85.162, ""from_floor"": 2, ""to_floor"": 2}",,,,0.0,,,False,,,{}
AMR-B-2,RETURN-AMR-B-2-12,corridor,2026-01-05 21:14:21,2026-01-05 21:14:26,C2-12,C2-22,,,140.54,-85.162,2,146.298,-84.823,2,completed,404061.411,2026-01-05 21:14:21,segment_corridor,,,,[],[],[],0,0,,C2-12,C2-22,,4.807,0.0,5.768,0.0,0.0,"{""type"": ""corridor"", ""from"": ""C2-12"", ""to"": ""C2-22"", ""duration"": 4.806642178046736, ""distance_m"": 5.767970613656082, ""speed_factor"": 1.0, ""congestion_count"": 0, ""from_x"": 140.54, ""from_y"": -85.162, ""to_x"": 146.298, ""to_y"": -84.823, ""from_floor"": 2, ""to_floor"": 2}",,,,0.0,,,False,,,{}
AMR-B-2,RETURN-AMR-B-2-12,corridor,2026-01-05 21:14:26,2026-01-05 21:14:30,C2-22,C2-10,,,146.298,-84.823,2,151.747,-84.823,2,completed,404066.218,2026-01-05 21:14:26,segment_corridor,,,,[],[],[],0,0,,C2-22,C2-10,,4.541,0.0,5.449,0.0,0.0,"{""type"": ""corridor"", ""from"": ""C2-22"", ""to"": ""C2-10"", ""duration"": 4.540833333333344, ""distance_m"": 5.449000000000012, ""speed_factor"": 1.0, ""congestion_count"": 0, ""from_x"": 146.298, ""from_y"": -84.823, ""to_x"": 151.747, ""to_y"": -84.823, ""from_floor"": 2, ""to_floor"": 2}",,,,0.0,,,False,,,{}
AMR-B-2,RETURN-AMR-B-2-12,corridor,2026-01-05 21:14:30,2026-01-05 21:14:35,C2-10,C2-11,,,151.747,-84.823,2,157.38,-84.803,2,completed,404070.759,2026-01-05 21:14:30,segment_corridor,,,,[],[],[],0,0,,C2-10,C2-11,,4.694,0.0,5.633,0.0,0.0,"{""type"": ""corridor"", ""from"": ""C2-10"", ""to"": ""C2-11"", ""duration"": 4.694196254122965, ""distance_m"": 5.633035504947558, ""speed_factor"": 1.0, ""congestion_count"": 0, ""from_x"": 151.747, ""from_y"": -84.823, ""to_x"": 157.38, ""to_y"": -84.803, ""from_floor"": 2, ""to_floor"": 2}",,,,0.0,,,False,,,{}
AMR-B-2,RETURN-AMR-B-2-12,corridor,2026-01-05 21:14:35,2026-01-05 21:14:38,C2-11,AMR-CENTRE,,,157.38,-84.803,2,157.36,-81.619,2,completed,404075.453,2026-01-05 21:14:35,segment_corridor,,,,[],[],[],0,0,,C2-11,AMR-CENTRE,,2.653,0.0,3.184,0.0,0.0,"{""type"": ""corridor"", ""from"": ""C2-11"", ""to"": ""AMR-CENTRE"", ""duration"": 2.6533856778756353, ""distance_m"": 3.1840628134507623, ""speed_factor"": 1.0, ""congestion_count"": 0, ""from_x"": 157.38, ""from_y"": -84.803, ""to_x"": 157.36, ""to_y"": -81.619, ""from_floor"": 2, ""to_floor"": 2}",,,,0.0,,,False,,,{}
AMR-B-2,RETURN-AMR-B-2-12,dropoff,2026-01-05 21:14:38,2026-01-05 21:14:58,,,,,,,,,,,completed,404078.106,2026-01-05 21:14:38,segment_dropoff,,,,[],[],[],0,0,,D4-WASTE,AMR-CENTRE,,20.0,0.0,0.0,0.0,0.0,"{""type"": ""dropoff"", ""location"": ""AMR-CENTRE"", ""duration"": 20.0, ""inventory_space"": """", ""from_x"": null, ""from_y"": null, ""to_x"": null, ""to_y"": null, ""from_floor"": null, ""to_floor"": null}",,,,0.0,,,False,,,{}
AMR-B-2,RETURN-AMR-B-2-12,,2026-01-05 21:14:58,2026-01-05 21:14:58,,,,,,,,,,,finish,404098.106,2026-01-05 21:14:58,task_complete,,,,[],[],[],0,0,,D4-WASTE,AMR-CENTRE,,0.0,0.0,0.0,0.0,0.0,Task RETURN-AMR-B-2-12 completed,,,,0.0,,,False,,,{}
,GEN_WASTE_D4_00005,,2026-01-06 13:00:00,2026-01-06 13:00:00,D4-WASTE,D47-WASTE,,,139.696,-153.083,0,176.0,12.0,0,generated,460800.0,2026-01-06 13:00:00,task_generated,Clinical Waste Bin,Clinical_Waste_Bin-shared_OPD_SET_1-000001,,[],[],[],0,0,,D4-WASTE,D47-WASTE,,0.0,0.0,0.0,0.0,0.0,Generated threshold waste task,department_waste,D4,Clinical,0.616,Clinical Waste Bin,,False,,,{}
AMR-B-1,GEN_WASTE_D4_00005,,2026-01-06 13:00:00,2026-01-06 13:00:01,,,AMR-CENTRE,D47-WASTE,,,,,,,start,460800.0,2026-01-06 13:00:00,task_assigned,Clinical Waste Bin,Clinical_Waste_Bin-shared_OPD_SET_1-000001,,[],[],[],0,0,,D4-WASTE,D47-WASTE,,0.0,0.0,0.0,0.0,341.729,Assigned task to AMR-B-1,department_waste,D4,Clinical,0.616,Clinical Waste Bin,,False,,,{}
AMR-B-1,GEN_WASTE_D4_00005,corridor,2026-01-06 13:00:00,2026-01-06 13:00:02,AMR-CENTRE,C2-11,,,157.36,-81.619,2,157.38,-84.803,2,completed,460800.0,2026-01-06 13:00:00,segment_corridor,,,,[],[],[],0,0,,AMR-CENTRE,C2-11,,2.653,0.0,3.184,0.0,0.0,"{""type"": ""corridor"", ""from"": ""AMR-CENTRE"", ""to"": ""C2-11"", ""duration"": 2.6533856778756353, ""distance_m"": 3.1840628134507623, ""speed_factor"": 1.0, ""congestion_count"": 0, ""from_x"": 157.36, ""from_y"": -81.619, ""to_x"": 157.38, ""to_y"": -84.803, ""from_floor"": 2, ""to_floor"": 2}",,,,0.0,,,False,,,{}
AMR-B-1,GEN_WASTE_D4_00005,corridor,2026-01-06 13:00:02,2026-01-06 13:00:07,C2-11,C2-10,,,157.38,-84.803,2,151.747,-84.823,2,completed,460802.653,2026-01-06 13:00:02,segment_corridor,,,,[],[],[],0,0,,C2-11,C2-10,,4.694,0.0,5.633,0.0,0.0,"{""type"": ""corridor"", ""from"": ""C2-11"", ""to"": ""C2-10"", ""duration"": 4.694196254122965, ""distance_m"": 5.633035504947558, ""speed_factor"": 1.0, ""congestion_count"": 0, ""from_x"": 157.38, ""from_y"": -84.803, ""to_x"": 151.747, ""to_y"": -84.823, ""from_floor"": 2, ""to_floor"": 2}",,,,0.0,,,False,,,{}
AMR-B-1,GEN_WASTE_D4_00005,corridor,2026-01-06 13:00:07,2026-01-06 13:00:11,C2-10,C2-22,,,151.747,-84.823,2,146.298,-84.823,2,completed,460807.348,2026-01-06 13:00:07,segment_corridor,,,,[],[],[],0,0,,C2-10,C2-22,,4.541,0.0,5.449,0.0,0.0,"{""type"": ""corridor"", ""from"": ""C2-10"", ""to"": ""C2-22"", ""duration"": 4.540833333333344, ""distance_m"": 5.449000000000012, ""speed_factor"": 1.0, ""congestion_count"": 0, ""from_x"": 151.747, ""from_y"": -84.823, ""to_x"": 146.298, ""to_y"": -84.823, ""from_floor"": 2, ""to_floor"": 2}",,,,0.0,,,False,,,{}
AMR-B-1,GEN_WASTE_D4_00005,corridor,2026-01-06 13:00:11,2026-01-06 13:00:16,C2-22,C2-12,,,146.298,-84.823,2,140.54,-85.162,2,completed,460811.888,2026-01-06 13:00:11,segment_corridor,,,,[],[],[],0,0,,C2-22,C2-12,,4.807,0.0,5.768,0.0,0.0,"{""type"": ""corridor"", ""from"": ""C2-22"", ""to"": ""C2-12"", ""duration"": 4.806642178046736, ""distance_m"": 5.767970613656082, ""speed_factor"": 1.0, ""congestion_count"": 0, ""from_x"": 146.298, ""from_y"": -84.823, ""to_x"": 140.54, ""to_y"": -85.162, ""from_floor"": 2, ""to_floor"": 2}",,,,0.0,,,False,,,{}
AMR-B-1,GEN_WASTE_D4_00005,corridor,2026-01-06 13:00:16,2026-01-06 13:00:19,C2-12,Lift-2-F2,,,140.54,-85.162,2,140.476,-81.715,2,completed,460816.695,2026-01-06 13:00:16,segment_corridor,,,,[],[],[],0,0,,C2-12,Lift-2-F2,,2.873,0.0,3.448,0.0,0.0,"{""type"": ""corridor"", ""from"": ""C2-12"", ""to"": ""Lift-2-F2"", ""duration"": 2.8729950738635908, ""distance_m"": 3.4475940886363086, ""speed_factor"": 1.0, ""congestion_count"": 0, ""from_x"": 140.54, ""from_y"": -85.162, ""to_x"": 140.476, ""to_y"": -81.715, ""from_floor"": 2, ""to_floor"": 2}",,,,0.0,,,False,,,{}
AMR-B-1,GEN_WASTE_D4_00005,lift_transfer,2026-01-06 13:00:19,2026-01-06 13:00:44,Lift-2-F2,Lift-2-F0,,,140.476,-81.715,2,140.476,-81.715,0,completed,460819.568,2026-01-06 13:00:19,segment_lift_transfer,,,,[],[],[],0,0,,Lift-2-F2,Lift-2-F0,Lift-2,24.444,0.0,8.0,0.02086538461538462,0.0,"{""type"": ""lift_transfer"", ""lift_id"": ""Lift-2"", ""from"": ""Lift-2-F2"", ""to"": ""Lift-2-F0"", ""from_floor"": 2, ""to_floor"": 0, ""wait_time"": 0.0, ""duration"": 24.444444444437977, ""distance_m"": 8.0, ""vertical_distance_m"": 8.0, ""energy_kwh"": 0.02086538461538462, ""from_x"": 140.476, ""from_y"": -81.715, ""to_x"": 140.476, ""to_y"": -81.715}",,,,0.0,,,False,,,{}
AMR-B-1,GEN_WASTE_D4_00005,corridor,2026-01-06 13:00:44,2026-01-06 13:00:46,Lift-2-F0,C0-23,,,140.476,-81.715,0,140.608,-84.673,0,completed,460844.012,2026-01-06 13:00:44,segment_corridor,,,,[],[],[],0,0,,Lift-2-F0,C0-23,,2.467,0.0,2.961,0.0,0.0,"{""type"": ""corridor"", ""from"": ""Lift-2-F0"", ""to"": ""C0-23"", ""duration"": 2.4674531403858504, ""distance_m"": 2.96094376846302, ""speed_factor"": 1.0, ""congestion_count"": 0, ""from_x"": 140.476, ""from_y"": -81.715, ""to_x"": 140.608, ""to_y"": -84.673, ""from_floor"": 0, ""to_floor"": 0}",,,,0.0,,,False,,,{}
AMR-B-1,GEN_WASTE_D4_00005,corridor,2026-01-06 13:00:46,2026-01-06 13:00:55,C0-23,C0-9,,,140.608,-84.673,0,151.815,-84.679,0,completed,460846.48,2026-01-06 13:00:46,segment_corridor,,,,[],[],[],0,0,,C0-23,C0-9,,9.339,0.0,11.207,0.0,0.0,"{""type"": ""corridor"", ""from"": ""C0-23"", ""to"": ""C0-9"", ""duration"": 9.33916800511575, ""distance_m"": 11.207001606138899, ""speed_factor"": 1.0, ""congestion_count"": 0, ""from_x"": 140.608, ""from_y"": -84.673, ""to_x"": 151.815, ""to_y"": -84.679, ""from_floor"": 0, ""to_floor"": 0}",,,,0.0,,,False,,,{}
AMR-B-1,GEN_WASTE_D4_00005,corridor,2026-01-06 13:00:55,2026-01-06 13:01:02,C0-9,C0-78,,,151.815,-84.679,0,151.853,-93.062,0,completed,460855.819,2026-01-06 13:00:55,segment_corridor,,,,[],[],[],0,0,,C0-9,C0-78,,6.986,0.0,8.383,0.0,0.0,"{""type"": ""corridor"", ""from"": ""C0-9"", ""to"": ""C0-78"", ""duration"": 6.9859051052021055, ""distance_m"": 8.383086126242526, ""speed_factor"": 1.0, ""congestion_count"": 0, ""from_x"": 151.815, ""from_y"": -84.679, ""to_x"": 151.853, ""to_y"": -93.062, ""from_floor"": 0, ""to_floor"": 0}",,,,0.0,,,False,,,{}
AMR-B-1,GEN_WASTE_D4_00005,corridor,2026-01-06 13:01:02,2026-01-06 13:01:11,C0-78,C0-10,,,151.853,-93.062,0,151.906,-103.332,0,completed,460862.805,2026-01-06 13:01:02,segment_corridor,,,,[],[],[],0,0,,C0-78,C0-10,,8.558,0.0,10.27,0.0,0.0,"{""type"": ""corridor"", ""from"": ""C0-78"", ""to"": ""C0-10"", ""duration"": 8.558447297196428, ""distance_m"": 10.270136756635713, ""speed_factor"": 1.0, ""congestion_count"": 0, ""from_x"": 151.853, ""from_y"": -93.062, ""to_x"": 151.906, ""to_y"": -103.332, ""from_floor"": 0, ""to_floor"": 0}",,,,0.0,,,False,,,{}
AMR-B-1,GEN_WASTE_D4_00005,corridor,2026-01-06 13:01:11,2026-01-06 13:01:17,C0-10,C0-107,,,151.906,-103.332,0,151.875,-110.231,0,completed,460871.363,2026-01-06 13:01:11,segment_corridor,,,,[],[],[],0,0,,C0-10,C0-107,,5.749,0.0,6.899,0.0,0.0,"{""type"": ""corridor"", ""from"": ""C0-10"", ""to"": ""C0-107"", ""duration"": 5.749224706186238, ""distance_m"": 6.899069647423485, ""speed_factor"": 1.0, ""congestion_count"": 0, ""from_x"": 151.906, ""from_y"": -103.332, ""to_x"": 151.875, ""to_y"": -110.231, ""from_floor"": 0, ""to_floor"": 0}",,,,0.0,,,False,,,{}
AMR-B-1,GEN_WASTE_D4_00005,corridor,2026-01-06 13:01:17,2026-01-06 13:01:24,C0-107,C0-82,,,151.875,-110.231,0,151.957,-118.723,0,completed,460877.113,2026-01-06 13:01:17,segment_corridor,,,,[],[],[],0,0,,C0-107,C0-82,,7.077,0.0,8.492,0.0,0.0,"{""type"": ""corridor"", ""from"": ""C0-107"", ""to"": ""C0-82"", ""duration"": 7.076996577331065, ""distance_m"": 8.492395892797278, ""speed_factor"": 1.0, ""congestion_count"": 0, ""from_x"": 151.875, ""from_y"": -110.231, ""to_x"": 151.957, ""to_y"": -118.723, ""from_floor"": 0, ""to_floor"": 0}",,,,0.0,,,False,,,{}
AMR-B-1,GEN_WASTE_D4_00005,corridor,2026-01-06 13:01:24,2026-01-06 13:01:27,C0-82,C0-12,,,151.957,-118.723,0,151.969,-122.524,0,completed,460884.19,2026-01-06 13:01:24,segment_corridor,,,,[],[],[],0,0,,C0-82,C0-12,,3.168,0.0,3.801,0.0,0.0,"{""type"": ""corridor"", ""from"": ""C0-82"", ""to"": ""C0-12"", ""duration"": 3.167515785280321, ""distance_m"": 3.8010189423363854, ""speed_factor"": 1.0, ""congestion_count"": 0, ""from_x"": 151.957, ""from_y"": -118.723, ""to_x"": 151.969, ""to_y"": -122.524, ""from_floor"": 0, ""to_floor"": 0}",,,,0.0,,,False,,,{}
AMR-B-1,GEN_WASTE_D4_00005,corridor,2026-01-06 13:01:27,2026-01-06 13:01:35,C0-12,C0-13,,,151.969,-122.524,0,151.939,-132.199,0,completed,460887.357,2026-01-06 13:01:27,segment_corridor,,,,[],[],[],0,0,,C0-12,C0-13,,8.063,0.0,9.675,0.0,0.0,"{""type"": ""corridor"", ""from"": ""C0-12"", ""to"": ""C0-13"", ""duration"": 8.062538759596766, ""distance_m"": 9.675046511516118, ""speed_factor"": 1.0, ""congestion_count"": 0, ""from_x"": 151.969, ""from_y"": -122.524, ""to_x"": 151.939, ""to_y"": -132.199, ""from_floor"": 0, ""to_floor"": 0}",,,,0.0,,,False,,,{}
AMR-B-1,GEN_WASTE_D4_00005,corridor,2026-01-06 13:01:35,2026-01-06 13:01:43,C0-13,C0-14,,,151.939,-132.199,0,142.333,-132.392,0,completed,460895.42,2026-01-06 13:01:35,segment_corridor,,,,[],[],[],0,0,,C0-13,C0-14,,8.007,0.0,9.608,0.0,0.0,"{""type"": ""corridor"", ""from"": ""C0-13"", ""to"": ""C0-14"", ""duration"": 8.006615537236133, ""distance_m"": 9.607938644683358, ""speed_factor"": 1.0, ""congestion_count"": 0, ""from_x"": 151.939, ""from_y"": -132.199, ""to_x"": 142.333, ""to_y"": -132.392, ""from_floor"": 0, ""to_floor"": 0}",,,,0.0,,,False,,,{}
AMR-B-1,GEN_WASTE_D4_00005,corridor,2026-01-06 13:01:43,2026-01-06 13:01:46,C0-14,C0-15,,,142.333,-132.392,0,142.311,-135.582,0,completed,460903.426,2026-01-06 13:01:43,segment_corridor,,,,[],[],[],0,0,,C0-14,C0-15,,2.658,0.0,3.19,0.0,0.0,"{""type"": ""corridor"", ""from"": ""C0-14"", ""to"": ""C0-15"", ""duration"": 2.6583965509724488, ""distance_m"": 3.1900758611669384, ""speed_factor"": 1.0, ""congestion_count"": 0, ""from_x"": 142.333, ""from_y"": -132.392, ""to_x"": 142.311, ""to_y"": -135.582, ""from_floor"": 0, ""to_floor"": 0}",,,,0.0,,,False,,,{}
AMR-B-1,GEN_WASTE_D4_00005,corridor,2026-01-06 13:01:46,2026-01-06 13:01:48,C0-15,C0-44,,,142.311,-135.582,0,142.385,-138.767,0,completed,460906.085,2026-01-06 13:01:46,segment_corridor,,,,[],[],[],0,0,,C0-15,C0-44,,2.655,0.0,3.186,0.0,0.0,"{""type"": ""corridor"", ""from"": ""C0-15"", ""to"": ""C0-44"", ""duration"": 2.6548829488740613, ""distance_m"": 3.1858595386488733, ""speed_factor"": 1.0, ""congestion_count"": 0, ""from_x"": 142.311, ""from_y"": -135.582, ""to_x"": 142.385, ""to_y"": -138.767, ""from_floor"": 0, ""to_floor"": 0}",,,,0.0,,,False,,,{}
AMR-B-1,GEN_WASTE_D4_00005,corridor,2026-01-06 13:01:48,2026-01-06 13:01:55,C0-44,C0-45,,,142.385,-138.767,0,142.637,-146.743,0,completed,460908.74,2026-01-06 13:01:48,segment_corridor,,,,[],[],[],0,0,,C0-44,C0-45,,6.65,0.0,7.98,0.0,0.0,"{""type"": ""corridor"", ""from"": ""C0-44"", ""to"": ""C0-45"", ""duration"": 6.649983291541249, ""distance_m"": 7.979979949849498, ""speed_factor"": 1.0, ""congestion_count"": 0, ""from_x"": 142.385, ""from_y"": -138.767, ""to_x"": 142.637, ""to_y"": -146.743, ""from_floor"": 0, ""to_floor"": 0}",,,,0.0,,,False,,,{}
AMR-B-1,GEN_WASTE_D4_00005,corridor,2026-01-06 13:01:55,2026-01-06 13:01:58,C0-45,C0-16,,,142.637,-146.743,0,142.744,-150.046,0,completed,460915.39,2026-01-06 13:01:55,segment_corridor,,,,[],[],[],0,0,,C0-45,C0-16,,2.754,0.0,3.305,0.0,0.0,"{""type"": ""corridor"", ""from"": ""C0-45"", ""to"": ""C0-16"", ""duration"": 2.7539438891241836, ""distance_m"": 3.30473266694902, ""speed_factor"": 1.0, ""congestion_count"": 0, ""from_x"": 142.637, ""from_y"": -146.743, ""to_x"": 142.744, ""to_y"": -150.046, ""from_floor"": 0, ""to_floor"": 0}",,,,0.0,,,False,,,{}
AMR-B-1,GEN_WASTE_D4_00005,corridor,2026-01-06 13:01:58,2026-01-06 13:02:00,C0-16,C0-17,,,142.744,-150.046,0,139.652,-150.053,0,completed,460918.144,2026-01-06 13:01:58,segment_corridor,,,,[],[],[],0,0,,C0-16,C0-17,,2.577,0.0,3.092,0.0,0.0,"{""type"": ""corridor"", ""from"": ""C0-16"", ""to"": ""C0-17"", ""duration"": 2.5766732697198815, ""distance_m"": 3.0920079236638576, ""speed_factor"": 1.0, ""congestion_count"": 0, ""from_x"": 142.744, ""from_y"": -150.046, ""to_x"": 139.652, ""to_y"": -150.053, ""from_floor"": 0, ""to_floor"": 0}",,,,0.0,,,False,,,{}
AMR-B-1,GEN_WASTE_D4_00005,corridor,2026-01-06 13:02:00,2026-01-06 13:02:03,C0-17,D4-WASTE,,,139.652,-150.053,0,139.696,-153.083,0,completed,460920.72,2026-01-06 13:02:00,segment_corridor,,,,[],[],[],0,0,,C0-17,D4-WASTE,,2.525,0.0,3.03,0.0,0.0,"{""type"": ""corridor"", ""from"": ""C0-17"", ""to"": ""D4-WASTE"", ""duration"": 2.5252662125891696, ""distance_m"": 3.0303194551070036, ""speed_factor"": 1.0, ""congestion_count"": 0, ""from_x"": 139.652, ""from_y"": -150.053, ""to_x"": 139.696, ""to_y"": -153.083, ""from_floor"": 0, ""to_floor"": 0}",,,,0.0,,,False,,,{}
AMR-B-1,GEN_WASTE_D4_00005,pickup,2026-01-06 13:02:03,2026-01-06 13:02:23,,,,,,,,,,,completed,460923.246,2026-01-06 13:02:03,segment_pickup,Clinical Waste Bin,Clinical_Waste_Bin-shared_OPD_SET_1-000001,,[],[],[],0,0,,D4-WASTE,D47-WASTE,,20.0,0.0,0.0,0.0,0.0,"{""type"": ""pickup"", ""location"": ""D4-WASTE"", ""duration"": 20.0, ""from_x"": null, ""from_y"": null, ""to_x"": null, ""to_y"": null, ""from_floor"": null, ""to_floor"": null}",,,,0.0,,,False,,,{}
AMR-B-1,GEN_WASTE_D4_00005,corridor,2026-01-06 13:02:23,2026-01-06 13:02:26,D4-WASTE,C0-17,,,139.696,-153.083,0,139.652,-150.053,0,completed,460943.246,2026-01-06 13:02:23,segment_corridor,Clinical Waste Bin,Clinical_Waste_Bin-shared_OPD_SET_1-000001,,[],[],[],0,0,,D4-WASTE,C0-17,,2.971,0.0,3.03,0.0,0.0,"{""type"": ""corridor"", ""from"": ""D4-WASTE"", ""to"": ""C0-17"", ""duration"": 2.9709014265754936, ""distance_m"": 3.0303194551070036, ""speed_factor"": 0.85, ""congestion_count"": 1, ""from_x"": 139.696, ""from_y"": -153.083, ""to_x"": 139.652, ""to_y"": -150.053, ""from_floor"": 0, ""to_floor"": 0}",,,,0.0,,,False,,,{}
AMR-B-1,GEN_WASTE_D4_00005,corridor,2026-01-06 13:02:26,2026-01-06 13:02:29,C0-17,C0-16,,,139.652,-150.053,0,142.744,-150.046,0,completed,460946.216,2026-01-06 13:02:26,segment_corridor,Clinical Waste Bin,Clinical_Waste_Bin-shared_OPD_SET_1-000001,,[],[],[],0,0,,C0-17,C0-16,,3.031,0.0,3.092,0.0,0.0,"{""type"": ""corridor"", ""from"": ""C0-17"", ""to"": ""C0-16"", ""duration"": 3.031380317317508, ""distance_m"": 3.0920079236638576, ""speed_factor"": 0.85, ""congestion_count"": 1, ""from_x"": 139.652, ""from_y"": -150.053, ""to_x"": 142.744, ""to_y"": -150.046, ""from_floor"": 0, ""to_floor"": 0}",,,,0.0,,,False,,,{}
AMR-B-1,GEN_WASTE_D4_00005,corridor,2026-01-06 13:02:29,2026-01-06 13:02:32,C0-16,C0-45,,,142.744,-150.046,0,142.637,-146.743,0,completed,460949.248,2026-01-06 13:02:29,segment_corridor,Clinical Waste Bin,Clinical_Waste_Bin-shared_OPD_SET_1-000001,,[],[],[],0,0,,C0-16,C0-45,,2.754,0.0,3.305,0.0,0.0,"{""type"": ""corridor"", ""from"": ""C0-16"", ""to"": ""C0-45"", ""duration"": 2.7539438891241836, ""distance_m"": 3.30473266694902, ""speed_factor"": 1.0, ""congestion_count"": 0, ""from_x"": 142.744, ""from_y"": -150.046, ""to_x"": 142.637, ""to_y"": -146.743, ""from_floor"": 0, ""to_floor"": 0}",,,,0.0,,,False,,,{}
AMR-B-1,GEN_WASTE_D4_00005,corridor,2026-01-06 13:02:32,2026-01-06 13:02:38,C0-45,C0-44,,,142.637,-146.743,0,142.385,-138.767,0,completed,460952.002,2026-01-06 13:02:32,segment_corridor,Clinical Waste Bin,Clinical_Waste_Bin-shared_OPD_SET_1-000001,,[],[],[],0,0,,C0-45,C0-44,,6.65,0.0,7.98,0.0,0.0,"{""type"": ""corridor"", ""from"": ""C0-45"", ""to"": ""C0-44"", ""duration"": 6.649983291541249, ""distance_m"": 7.979979949849498, ""speed_factor"": 1.0, ""congestion_count"": 0, ""from_x"": 142.637, ""from_y"": -146.743, ""to_x"": 142.385, ""to_y"": -138.767, ""from_floor"": 0, ""to_floor"": 0}",,,,0.0,,,False,,,{}
AMR-B-1,GEN_WASTE_D4_00005,corridor,2026-01-06 13:02:38,2026-01-06 13:02:41,C0-44,C0-15,,,142.385,-138.767,0,142.311,-135.582,0,completed,460958.652,2026-01-06 13:02:38,segment_corridor,Clinical Waste Bin,Clinical_Waste_Bin-shared_OPD_SET_1-000001,,[],[],[],0,0,,C0-44,C0-15,,2.655,0.0,3.186,0.0,0.0,"{""type"": ""corridor"", ""from"": ""C0-44"", ""to"": ""C0-15"", ""duration"": 2.6548829488740613, ""distance_m"": 3.1858595386488733, ""speed_factor"": 1.0, ""congestion_count"": 0, ""from_x"": 142.385, ""from_y"": -138.767, ""to_x"": 142.311, ""to_y"": -135.582, ""from_floor"": 0, ""to_floor"": 0}",,,,0.0,,,False,,,{}
AMR-B-1,GEN_WASTE_D4_00005,corridor,2026-01-06 13:02:41,2026-01-06 13:02:43,C0-15,C0-14,,,142.311,-135.582,0,142.333,-132.392,0,completed,460961.307,2026-01-06 13:02:41,segment_corridor,Clinical Waste Bin,Clinical_Waste_Bin-shared_OPD_SET_1-000001,,[],[],[],0,0,,C0-15,C0-14,,2.658,0.0,3.19,0.0,0.0,"{""type"": ""corridor"", ""from"": ""C0-15"", ""to"": ""C0-14"", ""duration"": 2.6583965509724488, ""distance_m"": 3.1900758611669384, ""speed_factor"": 1.0, ""congestion_count"": 0, ""from_x"": 142.311, ""from_y"": -135.582, ""to_x"": 142.333, ""to_y"": -132.392, ""from_floor"": 0, ""to_floor"": 0}",,,,0.0,,,False,,,{}
AMR-B-1,GEN_WASTE_D4_00005,corridor,2026-01-06 13:02:43,2026-01-06 13:02:51,C0-14,C0-13,,,142.333,-132.392,0,151.939,-132.199,0,completed,460963.965,2026-01-06 13:02:43,segment_corridor,Clinical Waste Bin,Clinical_Waste_Bin-shared_OPD_SET_1-000001,,[],[],[],0,0,,C0-14,C0-13,,8.007,0.0,9.608,0.0,0.0,"{""type"": ""corridor"", ""from"": ""C0-14"", ""to"": ""C0-13"", ""duration"": 8.006615537236133, ""distance_m"": 9.607938644683358, ""speed_factor"": 1.0, ""congestion_count"": 0, ""from_x"": 142.333, ""from_y"": -132.392, ""to_x"": 151.939, ""to_y"": -132.199, ""from_floor"": 0, ""to_floor"": 0}",,,,0.0,,,False,,,{}
AMR-B-1,GEN_WASTE_D4_00005,corridor,2026-01-06 13:02:51,2026-01-06 13:03:00,C0-13,C0-12,,,151.939,-132.199,0,151.969,-122.524,0,completed,460971.972,2026-01-06 13:02:51,segment_corridor,Clinical Waste Bin,Clinical_Waste_Bin-shared_OPD_SET_1-000001,,[],[],[],0,0,,C0-13,C0-12,,8.063,0.0,9.675,0.0,0.0,"{""type"": ""corridor"", ""from"": ""C0-13"", ""to"": ""C0-12"", ""duration"": 8.062538759596766, ""distance_m"": 9.675046511516118, ""speed_factor"": 1.0, ""congestion_count"": 0, ""from_x"": 151.939, ""from_y"": -132.199, ""to_x"": 151.969, ""to_y"": -122.524, ""from_floor"": 0, ""to_floor"": 0}",,,,0.0,,,False,,,{}
AMR-B-1,GEN_WASTE_D4_00005,corridor,2026-01-06 13:03:00,2026-01-06 13:03:03,C0-12,C0-82,,,151.969,-122.524,0,151.957,-118.723,0,completed,460980.034,2026-01-06 13:03:00,segment_corridor,Clinical Waste Bin,Clinical_Waste_Bin-shared_OPD_SET_1-000001,,[],[],[],0,0,,C0-12,C0-82,,3.168,0.0,3.801,0.0,0.0,"{""type"": ""corridor"", ""from"": ""C0-12"", ""to"": ""C0-82"", ""duration"": 3.167515785280321, ""distance_m"": 3.8010189423363854, ""speed_factor"": 1.0, ""congestion_count"": 0, ""from_x"": 151.969, ""from_y"": -122.524, ""to_x"": 151.957, ""to_y"": -118.723, ""from_floor"": 0, ""to_floor"": 0}",,,,0.0,,,False,,,{}
AMR-B-1,GEN_WASTE_D4_00005,corridor,2026-01-06 13:03:03,2026-01-06 13:03:10,C0-82,C0-107,,,151.957,-118.723,0,151.875,-110.231,0,completed,460983.202,2026-01-06 13:03:03,segment_corridor,Clinical Waste Bin,Clinical_Waste_Bin-shared_OPD_SET_1-000001,,[],[],[],0,0,,C0-82,C0-107,,7.077,0.0,8.492,0.0,0.0,"{""type"": ""corridor"", ""from"": ""C0-82"", ""to"": ""C0-107"", ""duration"": 7.076996577331065, ""distance_m"": 8.492395892797278, ""speed_factor"": 1.0, ""congestion_count"": 0, ""from_x"": 151.957, ""from_y"": -118.723, ""to_x"": 151.875, ""to_y"": -110.231, ""from_floor"": 0, ""to_floor"": 0}",,,,0.0,,,False,,,{}
AMR-B-1,GEN_WASTE_D4_00005,corridor,2026-01-06 13:03:10,2026-01-06 13:03:16,C0-107,C0-10,,,151.875,-110.231,0,151.906,-103.332,0,completed,460990.279,2026-01-06 13:03:10,segment_corridor,Clinical Waste Bin,Clinical_Waste_Bin-shared_OPD_SET_1-000001,,[],[],[],0,0,,C0-107,C0-10,,5.749,0.0,6.899,0.0,0.0,"{""type"": ""corridor"", ""from"": ""C0-107"", ""to"": ""C0-10"", ""duration"": 5.749224706186238, ""distance_m"": 6.899069647423485, ""speed_factor"": 1.0, ""congestion_count"": 0, ""from_x"": 151.875, ""from_y"": -110.231, ""to_x"": 151.906, ""to_y"": -103.332, ""from_floor"": 0, ""to_floor"": 0}",,,,0.0,,,False,,,{}
AMR-B-1,GEN_WASTE_D4_00005,corridor,2026-01-06 13:03:16,2026-01-06 13:03:24,C0-10,C0-78,,,151.906,-103.332,0,151.853,-93.062,0,completed,460996.028,2026-01-06 13:03:16,segment_corridor,Clinical Waste Bin,Clinical_Waste_Bin-shared_OPD_SET_1-000001,,[],[],[],0,0,,C0-10,C0-78,,8.558,0.0,10.27,0.0,0.0,"{""type"": ""corridor"", ""from"": ""C0-10"", ""to"": ""C0-78"", ""duration"": 8.558447297196428, ""distance_m"": 10.270136756635713, ""speed_factor"": 1.0, ""congestion_count"": 0, ""from_x"": 151.906, ""from_y"": -103.332, ""to_x"": 151.853, ""to_y"": -93.062, ""from_floor"": 0, ""to_floor"": 0}",,,,0.0,,,False,,,{}
AMR-B-1,GEN_WASTE_D4_00005,corridor,2026-01-06 13:03:24,2026-01-06 13:03:31,C0-78,C0-9,,,151.853,-93.062,0,151.815,-84.679,0,completed,461004.586,2026-01-06 13:03:24,segment_corridor,Clinical Waste Bin,Clinical_Waste_Bin-shared_OPD_SET_1-000001,,[],[],[],0,0,,C0-78,C0-9,,6.986,0.0,8.383,0.0,0.0,"{""type"": ""corridor"", ""from"": ""C0-78"", ""to"": ""C0-9"", ""duration"": 6.9859051052021055, ""distance_m"": 8.383086126242526, ""speed_factor"": 1.0, ""congestion_count"": 0, ""from_x"": 151.853, ""from_y"": -93.062, ""to_x"": 151.815, ""to_y"": -84.679, ""from_floor"": 0, ""to_floor"": 0}",,,,0.0,,,False,,,{}
AMR-B-1,GEN_WASTE_D4_00005,corridor,2026-01-06 13:03:31,2026-01-06 13:03:39,C0-9,C0-8,,,151.815,-84.679,0,151.852,-75.529,0,completed,461011.572,2026-01-06 13:03:31,segment_corridor,Clinical Waste Bin,Clinical_Waste_Bin-shared_OPD_SET_1-000001,,[],[],[],0,0,,C0-9,C0-8,,7.625,0.0,9.15,0.0,0.0,"{""type"": ""corridor"", ""from"": ""C0-9"", ""to"": ""C0-8"", ""duration"": 7.625062340364472, ""distance_m"": 9.150074808437367, ""speed_factor"": 1.0, ""congestion_count"": 0, ""from_x"": 151.815, ""from_y"": -84.679, ""to_x"": 151.852, ""to_y"": -75.529, ""from_floor"": 0, ""to_floor"": 0}",,,,0.0,,,False,,,{}
AMR-B-1,GEN_WASTE_D4_00005,corridor,2026-01-06 13:03:39,2026-01-06 13:03:56,C0-8,C0-105,,,151.852,-75.529,0,172.881,-75.288,0,completed,461019.197,2026-01-06 13:03:39,segment_corridor,Clinical Waste Bin,Clinical_Waste_Bin-shared_OPD_SET_1-000001,,[],[],[],0,0,,C0-8,C0-105,,17.525,0.0,21.03,0.0,0.0,"{""type"": ""corridor"", ""from"": ""C0-8"", ""to"": ""C0-105"", ""duration"": 17.525317440459926, ""distance_m"": 21.03038092855191, ""speed_factor"": 1.0, ""congestion_count"": 0, ""from_x"": 151.852, ""from_y"": -75.529, ""to_x"": 172.881, ""to_y"": -75.288, ""from_floor"": 0, ""to_floor"": 0}",,,,0.0,,,False,,,{}
AMR-B-1,GEN_WASTE_D4_00005,corridor,2026-01-06 13:03:56,2026-01-06 13:04:04,C0-105,C0-6,,,172.881,-75.288,0,181.948,-75.288,0,completed,461036.723,2026-01-06 13:03:56,segment_corridor,Clinical Waste Bin,Clinical_Waste_Bin-shared_OPD_SET_1-000001,,[],[],[],0,0,,C0-105,C0-6,,7.556,0.0,9.067,0.0,0.0,"{""type"": ""corridor"", ""from"": ""C0-105"", ""to"": ""C0-6"", ""duration"": 7.555833333333339, ""distance_m"": 9.067000000000007, ""speed_factor"": 1.0, ""congestion_count"": 0, ""from_x"": 172.881, ""from_y"": -75.288, ""to_x"": 181.948, ""to_y"": -75.288, ""from_floor"": 0, ""to_floor"": 0}",,,,0.0,,,False,,,{}
AMR-B-1,GEN_WASTE_D4_00005,corridor,2026-01-06 13:04:04,2026-01-06 13:04:13,C0-6,C0-5,,,181.948,-75.288,0,181.917,-63.981,0,completed,461044.278,2026-01-06 13:04:04,segment_corridor,Clinical Waste Bin,Clinical_Waste_Bin-shared_OPD_SET_1-000001,,[],[],[],0,0,,C0-6,C0-5,,9.423,0.0,11.307,0.0,0.0,"{""type"": ""corridor"", ""from"": ""C0-6"", ""to"": ""C0-5"", ""duration"": 9.422535413099334, ""distance_m"": 11.3070424957192, ""speed_factor"": 1.0, ""congestion_count"": 0, ""from_x"": 181.948, ""from_y"": -75.288, ""to_x"": 181.917, ""to_y"": -63.981, ""from_floor"": 0, ""to_floor"": 0}",,,,0.0,,,False,,,{}
AMR-B-1,GEN_WASTE_D4_00005,corridor,2026-01-06 13:04:13,2026-01-06 13:04:28,C0-5,C0-104,,,181.917,-63.981,0,181.881,-46.498,0,completed,461053.701,2026-01-06 13:04:13,segment_corridor,Clinical Waste Bin,Clinical_Waste_Bin-shared_OPD_SET_1-000001,,[],[],[],0,0,,C0-5,C0-104,,14.569,0.0,17.483,0.0,0.0,"{""type"": ""corridor"", ""from"": ""C0-5"", ""to"": ""C0-104"", ""duration"": 14.569197553781445, ""distance_m"": 17.483037064537733, ""speed_factor"": 1.0, ""congestion_count"": 0, ""from_x"": 181.917, ""from_y"": -63.981, ""to_x"": 181.881, ""to_y"": -46.498, ""from_floor"": 0, ""to_floor"": 0}",,,,0.0,,,False,,,{}
AMR-B-1,GEN_WASTE_D4_00005,corridor,2026-01-06 13:04:28,2026-01-06 13:04:32,C0-104,C0-4,,,181.881,-46.498,0,181.948,-41.989,0,completed,461068.27,2026-01-06 13:04:28,segment_corridor,Clinical Waste Bin,Clinical_Waste_Bin-shared_OPD_SET_1-000001,,[],[],[],0,0,,C0-104,C0-4,,3.758,0.0,4.509,0.0,0.0,"{""type"": ""corridor"", ""from"": ""C0-104"", ""to"": ""C0-4"", ""duration"": 3.757914795616196, ""distance_m"": 4.509497754739435, ""speed_factor"": 1.0, ""congestion_count"": 0, ""from_x"": 181.881, ""from_y"": -46.498, ""to_x"": 181.948, ""to_y"": -41.989, ""from_floor"": 0, ""to_floor"": 0}",,,,0.0,,,False,,,{}
AMR-B-1,GEN_WASTE_D4_00005,corridor,2026-01-06 13:04:32,2026-01-06 13:04:35,C0-4,C0-46,,,181.948,-41.989,0,181.989,-38.315,0,completed,461072.028,2026-01-06 13:04:32,segment_corridor,Clinical Waste Bin,Clinical_Waste_Bin-shared_OPD_SET_1-000001,,[],[],[],0,0,,C0-4,C0-46,,3.062,0.0,3.674,0.0,0.0,"{""type"": ""corridor"", ""from"": ""C0-4"", ""to"": ""C0-46"", ""duration"": 3.0618573021760644, ""distance_m"": 3.674228762611277, ""speed_factor"": 1.0, ""congestion_count"": 0, ""from_x"": 181.948, ""from_y"": -41.989, ""to_x"": 181.989, ""to_y"": -38.315, ""from_floor"": 0, ""to_floor"": 0}",,,,0.0,,,False,,,{}
AMR-B-1,GEN_WASTE_D4_00005,corridor,2026-01-06 13:04:35,2026-01-06 13:05:09,C0-46,C0-47,,,181.989,-38.315,0,182.032,2.94,0,completed,461075.09,2026-01-06 13:04:35,segment_corridor,Clinical Waste Bin,Clinical_Waste_Bin-shared_OPD_SET_1-000001,,[],[],[],0,0,,C0-46,C0-47,,34.379,0.0,41.255,0.0,0.0,"{""type"": ""corridor"", ""from"": ""C0-46"", ""to"": ""C0-47"", ""duration"": 34.37918534116569, ""distance_m"": 41.255022409398826, ""speed_factor"": 1.0, ""congestion_count"": 0, ""from_x"": 181.989, ""from_y"": -38.315, ""to_x"": 182.032, ""to_y"": 2.94, ""from_floor"": 0, ""to_floor"": 0}",,,,0.0,,,False,,,{}
AMR-B-1,GEN_WASTE_D4_00005,corridor,2026-01-06 13:05:09,2026-01-06 13:05:16,C0-47,C0-48,,,182.032,2.94,0,182.055,11.583,0,completed,461109.469,2026-01-06 13:05:09,segment_corridor,Clinical Waste Bin,Clinical_Waste_Bin-shared_OPD_SET_1-000001,,[],[],[],0,0,,C0-47,C0-48,,7.203,0.0,8.643,0.0,0.0,"{""type"": ""corridor"", ""from"": ""C0-47"", ""to"": ""C0-48"", ""duration"": 7.202525502288148, ""distance_m"": 8.643030602745776, ""speed_factor"": 1.0, ""congestion_count"": 0, ""from_x"": 182.032, ""from_y"": 2.94, ""to_x"": 182.055, ""to_y"": 11.583, ""from_floor"": 0, ""to_floor"": 0}",,,,0.0,,,False,,,{}
AMR-B-1,GEN_WASTE_D4_00005,corridor,2026-01-06 13:05:16,2026-01-06 13:05:21,C0-48,D47-WASTE,,,182.055,11.583,0,176.0,12.0,0,completed,461116.672,2026-01-06 13:05:16,segment_corridor,Clinical Waste Bin,Clinical_Waste_Bin-shared_OPD_SET_1-000001,,[],[],[],0,0,,C0-48,D47-WASTE,,5.058,0.0,6.069,0.0,0.0,"{""type"": ""corridor"", ""from"": ""C0-48"", ""to"": ""D47-WASTE"", ""duration"": 5.057785115816788, ""distance_m"": 6.069342138980145, ""speed_factor"": 1.0, ""congestion_count"": 0, ""from_x"": 182.055, ""from_y"": 11.583, ""to_x"": 176.0, ""to_y"": 12.0, ""from_floor"": 0, ""to_floor"": 0}",,,,0.0,,,False,,,{}
AMR-B-1,GEN_WASTE_D4_00005,dropoff,2026-01-06 13:05:21,2026-01-06 13:05:41,,,,,,,,,,,completed,461121.729,2026-01-06 13:05:21,segment_dropoff,Clinical Waste Bin,Clinical_Waste_Bin-shared_OPD_SET_1-000001,,[],[],[],0,0,,D4-WASTE,D47-WASTE,,20.0,0.0,0.0,0.0,0.0,"{""type"": ""dropoff"", ""location"": ""D47-WASTE"", ""duration"": 20.0, ""inventory_space"": """", ""from_x"": null, ""from_y"": null, ""to_x"": null, ""to_y"": null, ""from_floor"": null, ""to_floor"": null}",,,,0.0,,,False,,,{}
AMR-B-1,GEN_WASTE_D4_00005,,2026-01-06 13:05:41,2026-01-06 13:05:41,,,,,,,,,,,finish,461141.729,2026-01-06 13:05:41,task_complete,Clinical Waste Bin,Clinical_Waste_Bin-shared_OPD_SET_1-000001,,[],[],[],0,0,,D4-WASTE,D47-WASTE,,0.0,0.0,0.0,0.0,0.0,Task GEN_WASTE_D4_00005 completed,department_waste,D4,Clinical,0.616,Clinical Waste Bin,,False,,,{}
,RETURN-GEN_WASTE_D4_00005-13,,2026-01-06 13:05:41,2026-01-06 13:05:41,D47-WASTE,D4-WASTE,,,176.0,12.0,0,139.696,-153.083,0,generated,461141.729,2026-01-06 13:05:41,return_task_generated,Clinical Waste Bin,Clinical_Waste_Bin-shared_OPD_SET_1-000001,,[],[],[],0,0,,D47-WASTE,D4-WASTE,,0.0,0.0,0.0,0.0,0.0,Generated delayed return for GEN_WASTE_D4_00005,task_generation_return,D4,,0.0,Clinical Waste Bin,,False,,,{}
AMR-B-1,RETURN-AMR-B-1-14,,2026-01-06 13:05:41,2026-01-06 13:05:42,,,D47-WASTE,AMR-CENTRE,,,,,,,start,461141.729,2026-01-06 13:05:41,task_assigned,,,,[],[],[],0,0,,D47-WASTE,AMR-CENTRE,,0.0,0.0,0.0,0.0,205.976,Assigned task to AMR-B-1,,,,0.0,,,False,,,{}
AMR-B-1,RETURN-AMR-B-1-14,pickup,2026-01-06 13:05:41,2026-01-06 13:06:01,,,,,,,,,,,completed,461141.729,2026-01-06 13:05:41,segment_pickup,,,,[],[],[],0,0,,D47-WASTE,AMR-CENTRE,,20.0,0.0,0.0,0.0,0.0,"{""type"": ""pickup"", ""location"": ""D47-WASTE"", ""duration"": 20.0, ""from_x"": null, ""from_y"": null, ""to_x"": null, ""to_y"": null, ""from_floor"": null, ""to_floor"": null}",,,,0.0,,,False,,,{}
AMR-B-1,RETURN-AMR-B-1-14,corridor,2026-01-06 13:06:01,2026-01-06 13:06:06,D47-WASTE,C0-48,,,176.0,12.0,0,182.055,11.583,0,completed,461161.729,2026-01-06 13:06:01,segment_corridor,,,,[],[],[],0,0,,D47-WASTE,C0-48,,5.058,0.0,6.069,0.0,0.0,"{""type"": ""corridor"", ""from"": ""D47-WASTE"", ""to"": ""C0-48"", ""duration"": 5.057785115816788, ""distance_m"": 6.069342138980145, ""speed_factor"": 1.0, ""congestion_count"": 0, ""from_x"": 176.0, ""from_y"": 12.0, ""to_x"": 182.055, ""to_y"": 11.583, ""from_floor"": 0, ""to_floor"": 0}",,,,0.0,,,False,,,{}
AMR-B-1,RETURN-AMR-B-1-14,corridor,2026-01-06 13:06:06,2026-01-06 13:06:13,C0-48,C0-47,,,182.055,11.583,0,182.032,2.94,0,completed,461166.787,2026-01-06 13:06:06,segment_corridor,,,,[],[],[],0,0,,C0-48,C0-47,,7.203,0.0,8.643,0.0,0.0,"{""type"": ""corridor"", ""from"": ""C0-48"", ""to"": ""C0-47"", ""duration"": 7.202525502288148, ""distance_m"": 8.643030602745776, ""speed_factor"": 1.0, ""congestion_count"": 0, ""from_x"": 182.055, ""from_y"": 11.583, ""to_x"": 182.032, ""to_y"": 2.94, ""from_floor"": 0, ""to_floor"": 0}",,,,0.0,,,False,,,{}
AMR-B-1,RETURN-AMR-B-1-14,corridor,2026-01-06 13:06:13,2026-01-06 13:06:48,C0-47,C0-46,,,182.032,2.94,0,181.989,-38.315,0,completed,461173.99,2026-01-06 13:06:13,segment_corridor,,,,[],[],[],0,0,,C0-47,C0-46,,34.379,0.0,41.255,0.0,0.0,"{""type"": ""corridor"", ""from"": ""C0-47"", ""to"": ""C0-46"", ""duration"": 34.37918534116569, ""distance_m"": 41.255022409398826, ""speed_factor"": 1.0, ""congestion_count"": 0, ""from_x"": 182.032, ""from_y"": 2.94, ""to_x"": 181.989, ""to_y"": -38.315, ""from_floor"": 0, ""to_floor"": 0}",,,,0.0,,,False,,,{}
AMR-B-1,RETURN-AMR-B-1-14,corridor,2026-01-06 13:06:48,2026-01-06 13:06:51,C0-46,C0-4,,,181.989,-38.315,0,181.948,-41.989,0,completed,461208.369,2026-01-06 13:06:48,segment_corridor,,,,[],[],[],0,0,,C0-46,C0-4,,3.062,0.0,3.674,0.0,0.0,"{""type"": ""corridor"", ""from"": ""C0-46"", ""to"": ""C0-4"", ""duration"": 3.0618573021760644, ""distance_m"": 3.674228762611277, ""speed_factor"": 1.0, ""congestion_count"": 0, ""from_x"": 181.989, ""from_y"": -38.315, ""to_x"": 181.948, ""to_y"": -41.989, ""from_floor"": 0, ""to_floor"": 0}",,,,0.0,,,False,,,{}
AMR-B-1,RETURN-AMR-B-1-14,corridor,2026-01-06 13:06:51,2026-01-06 13:06:55,C0-4,C0-104,,,181.948,-41.989,0,181.881,-46.498,0,completed,461211.431,2026-01-06 13:06:51,segment_corridor,,,,[],[],[],0,0,,C0-4,C0-104,,3.758,0.0,4.509,0.0,0.0,"{""type"": ""corridor"", ""from"": ""C0-4"", ""to"": ""C0-104"", ""duration"": 3.757914795616196, ""distance_m"": 4.509497754739435, ""speed_factor"": 1.0, ""congestion_count"": 0, ""from_x"": 181.948, ""from_y"": -41.989, ""to_x"": 181.881, ""to_y"": -46.498, ""from_floor"": 0, ""to_floor"": 0}",,,,0.0,,,False,,,{}
AMR-B-1,RETURN-AMR-B-1-14,corridor,2026-01-06 13:06:55,2026-01-06 13:07:09,C0-104,C0-5,,,181.881,-46.498,0,181.917,-63.981,0,completed,461215.189,2026-01-06 13:06:55,segment_corridor,,,,[],[],[],0,0,,C0-104,C0-5,,14.569,0.0,17.483,0.0,0.0,"{""type"": ""corridor"", ""from"": ""C0-104"", ""to"": ""C0-5"", ""duration"": 14.569197553781445, ""distance_m"": 17.483037064537733, ""speed_factor"": 1.0, ""congestion_count"": 0, ""from_x"": 181.881, ""from_y"": -46.498, ""to_x"": 181.917, ""to_y"": -63.981, ""from_floor"": 0, ""to_floor"": 0}",,,,0.0,,,False,,,{}
AMR-B-1,RETURN-AMR-B-1-14,corridor,2026-01-06 13:07:09,2026-01-06 13:07:19,C0-5,C0-6,,,181.917,-63.981,0,181.948,-75.288,0,completed,461229.758,2026-01-06 13:07:09,segment_corridor,,,,[],[],[],0,0,,C0-5,C0-6,,9.423,0.0,11.307,0.0,0.0,"{""type"": ""corridor"", ""from"": ""C0-5"", ""to"": ""C0-6"", ""duration"": 9.422535413099334, ""distance_m"": 11.3070424957192, ""speed_factor"": 1.0, ""congestion_count"": 0, ""from_x"": 181.917, ""from_y"": -63.981, ""to_x"": 181.948, ""to_y"": -75.288, ""from_floor"": 0, ""to_floor"": 0}",,,,0.0,,,False,,,{}
AMR-B-1,RETURN-AMR-B-1-14,corridor,2026-01-06 13:07:19,2026-01-06 13:07:26,C0-6,C0-105,,,181.948,-75.288,0,172.881,-75.288,0,completed,461239.18,2026-01-06 13:07:19,segment_corridor,,,,[],[],[],0,0,,C0-6,C0-105,,7.556,0.0,9.067,0.0,0.0,"{""type"": ""corridor"", ""from"": ""C0-6"", ""to"": ""C0-105"", ""duration"": 7.555833333333339, ""distance_m"": 9.067000000000007, ""speed_factor"": 1.0, ""congestion_count"": 0, ""from_x"": 181.948, ""from_y"": -75.288, ""to_x"": 172.881, ""to_y"": -75.288, ""from_floor"": 0, ""to_floor"": 0}",,,,0.0,,,False,,,{}
AMR-B-1,RETURN-AMR-B-1-14,corridor,2026-01-06 13:07:26,2026-01-06 13:07:44,C0-105,C0-8,,,172.881,-75.288,0,151.852,-75.529,0,completed,461246.736,2026-01-06 13:07:26,segment_corridor,,,,[],[],[],0,0,,C0-105,C0-8,,17.525,0.0,21.03,0.0,0.0,"{""type"": ""corridor"", ""from"": ""C0-105"", ""to"": ""C0-8"", ""duration"": 17.525317440459926, ""distance_m"": 21.03038092855191, ""speed_factor"": 1.0, ""congestion_count"": 0, ""from_x"": 172.881, ""from_y"": -75.288, ""to_x"": 151.852, ""to_y"": -75.529, ""from_floor"": 0, ""to_floor"": 0}",,,,0.0,,,False,,,{}
AMR-B-1,RETURN-AMR-B-1-14,corridor,2026-01-06 13:07:44,2026-01-06 13:07:51,C0-8,C0-9,,,151.852,-75.529,0,151.815,-84.679,0,completed,461264.262,2026-01-06 13:07:44,segment_corridor,,,,[],[],[],0,0,,C0-8,C0-9,,7.625,0.0,9.15,0.0,0.0,"{""type"": ""corridor"", ""from"": ""C0-8"", ""to"": ""C0-9"", ""duration"": 7.625062340364472, ""distance_m"": 9.150074808437367, ""speed_factor"": 1.0, ""congestion_count"": 0, ""from_x"": 151.852, ""from_y"": -75.529, ""to_x"": 151.815, ""to_y"": -84.679, ""from_floor"": 0, ""to_floor"": 0}",,,,0.0,,,False,,,{}
AMR-B-1,RETURN-AMR-B-1-14,corridor,2026-01-06 13:07:51,2026-01-06 13:08:01,C0-9,C0-23,,,151.815,-84.679,0,140.608,-84.673,0,completed,461271.887,2026-01-06 13:07:51,segment_corridor,,,,[],[],[],0,0,,C0-9,C0-23,,9.339,0.0,11.207,0.0,0.0,"{""type"": ""corridor"", ""from"": ""C0-9"", ""to"": ""C0-23"", ""duration"": 9.33916800511575, ""distance_m"": 11.207001606138899, ""speed_factor"": 1.0, ""congestion_count"": 0, ""from_x"": 151.815, ""from_y"": -84.679, ""to_x"": 140.608, ""to_y"": -84.673, ""from_floor"": 0, ""to_floor"": 0}",,,,0.0,,,False,,,{}
AMR-B-1,RETURN-AMR-B-1-14,corridor,2026-01-06 13:08:01,2026-01-06 13:08:03,C0-23,Lift-2-F0,,,140.608,-84.673,0,140.476,-81.715,0,completed,461281.226,2026-01-06 13:08:01,segment_corridor,,,,[],[],[],0,0,,C0-23,Lift-2-F0,,2.467,0.0,2.961,0.0,0.0,"{""type"": ""corridor"", ""from"": ""C0-23"", ""to"": ""Lift-2-F0"", ""duration"": 2.4674531403858504, ""distance_m"": 2.96094376846302, ""speed_factor"": 1.0, ""congestion_count"": 0, ""from_x"": 140.608, ""from_y"": -84.673, ""to_x"": 140.476, ""to_y"": -81.715, ""from_floor"": 0, ""to_floor"": 0}",,,,0.0,,,False,,,{}
AMR-B-1,RETURN-AMR-B-1-14,lift_transfer,2026-01-06 13:08:03,2026-01-06 13:08:28,Lift-2-F0,Lift-2-F2,,,140.476,-81.715,0,140.476,-81.715,2,completed,461283.693,2026-01-06 13:08:03,segment_lift_transfer,,,,[],[],[],0,0,,Lift-2-F0,Lift-2-F2,Lift-2,24.444,0.0,8.0,0.021564102564102565,0.0,"{""type"": ""lift_transfer"", ""lift_id"": ""Lift-2"", ""from"": ""Lift-2-F0"", ""to"": ""Lift-2-F2"", ""from_floor"": 0, ""to_floor"": 2, ""wait_time"": 0.0, ""duration"": 24.444444444437977, ""distance_m"": 8.0, ""vertical_distance_m"": 8.0, ""energy_kwh"": 0.021564102564102565, ""from_x"": 140.476, ""from_y"": -81.715, ""to_x"": 140.476, ""to_y"": -81.715}",,,,0.0,,,False,,,{}
AMR-B-1,RETURN-AMR-B-1-14,corridor,2026-01-06 13:08:28,2026-01-06 13:08:31,Lift-2-F2,C2-12,,,140.476,-81.715,2,140.54,-85.162,2,completed,461308.138,2026-01-06 13:08:28,segment_corridor,,,,[],[],[],0,0,,Lift-2-F2,C2-12,,2.873,0.0,3.448,0.0,0.0,"{""type"": ""corridor"", ""from"": ""Lift-2-F2"", ""to"": ""C2-12"", ""duration"": 2.8729950738635908, ""distance_m"": 3.4475940886363086, ""speed_factor"": 1.0, ""congestion_count"": 0, ""from_x"": 140.476, ""from_y"": -81.715, ""to_x"": 140.54, ""to_y"": -85.162, ""from_floor"": 2, ""to_floor"": 2}",,,,0.0,,,False,,,{}
AMR-B-1,RETURN-AMR-B-1-14,corridor,2026-01-06 13:08:31,2026-01-06 13:08:35,C2-12,C2-22,,,140.54,-85.162,2,146.298,-84.823,2,completed,461311.011,2026-01-06 13:08:31,segment_corridor,,,,[],[],[],0,0,,C2-12,C2-22,,4.807,0.0,5.768,0.0,0.0,"{""type"": ""corridor"", ""from"": ""C2-12"", ""to"": ""C2-22"", ""duration"": 4.806642178046736, ""distance_m"": 5.767970613656082, ""speed_factor"": 1.0, ""congestion_count"": 0, ""from_x"": 140.54, ""from_y"": -85.162, ""to_x"": 146.298, ""to_y"": -84.823, ""from_floor"": 2, ""to_floor"": 2}",,,,0.0,,,False,,,{}
AMR-B-1,RETURN-AMR-B-1-14,corridor,2026-01-06 13:08:35,2026-01-06 13:08:40,C2-22,C2-10,,,146.298,-84.823,2,151.747,-84.823,2,completed,461315.817,2026-01-06 13:08:35,segment_corridor,,,,[],[],[],0,0,,C2-22,C2-10,,4.541,0.0,5.449,0.0,0.0,"{""type"": ""corridor"", ""from"": ""C2-22"", ""to"": ""C2-10"", ""duration"": 4.540833333333344, ""distance_m"": 5.449000000000012, ""speed_factor"": 1.0, ""congestion_count"": 0, ""from_x"": 146.298, ""from_y"": -84.823, ""to_x"": 151.747, ""to_y"": -84.823, ""from_floor"": 2, ""to_floor"": 2}",,,,0.0,,,False,,,{}
AMR-B-1,RETURN-AMR-B-1-14,corridor,2026-01-06 13:08:40,2026-01-06 13:08:45,C2-10,C2-11,,,151.747,-84.823,2,157.38,-84.803,2,completed,461320.358,2026-01-06 13:08:40,segment_corridor,,,,[],[],[],0,0,,C2-10,C2-11,,4.694,0.0,5.633,0.0,0.0,"{""type"": ""corridor"", ""from"": ""C2-10"", ""to"": ""C2-11"", ""duration"": 4.694196254122965, ""distance_m"": 5.633035504947558, ""speed_factor"": 1.0, ""congestion_count"": 0, ""from_x"": 151.747, ""from_y"": -84.823, ""to_x"": 157.38, ""to_y"": -84.803, ""from_floor"": 2, ""to_floor"": 2}",,,,0.0,,,False,,,{}
AMR-B-1,RETURN-AMR-B-1-14,corridor,2026-01-06 13:08:45,2026-01-06 13:08:47,C2-11,AMR-CENTRE,,,157.38,-84.803,2,157.36,-81.619,2,completed,461325.052,2026-01-06 13:08:45,segment_corridor,,,,[],[],[],0,0,,C2-11,AMR-CENTRE,,2.653,0.0,3.184,0.0,0.0,"{""type"": ""corridor"", ""from"": ""C2-11"", ""to"": ""AMR-CENTRE"", ""duration"": 2.6533856778756353, ""distance_m"": 3.1840628134507623, ""speed_factor"": 1.0, ""congestion_count"": 0, ""from_x"": 157.38, ""from_y"": -84.803, ""to_x"": 157.36, ""to_y"": -81.619, ""from_floor"": 2, ""to_floor"": 2}",,,,0.0,,,False,,,{}
AMR-B-1,RETURN-AMR-B-1-14,dropoff,2026-01-06 13:08:47,2026-01-06 13:09:07,,,,,,,,,,,completed,461327.706,2026-01-06 13:08:47,segment_dropoff,,,,[],[],[],0,0,,D47-WASTE,AMR-CENTRE,,20.0,0.0,0.0,0.0,0.0,"{""type"": ""dropoff"", ""location"": ""AMR-CENTRE"", ""duration"": 20.0, ""inventory_space"": """", ""from_x"": null, ""from_y"": null, ""to_x"": null, ""to_y"": null, ""from_floor"": null, ""to_floor"": null}",,,,0.0,,,False,,,{}
AMR-B-2,RETURN-GEN_WASTE_D4_00005-13,,2026-01-06 13:05:41,2026-01-06 13:05:42,,,AMR-CENTRE,D4-WASTE,,,,,,,start,461141.729,2026-01-06 13:05:41,task_assigned,Clinical Waste Bin,Clinical_Waste_Bin-shared_OPD_SET_1-000001,,[],[],[],0,0,,D47-WASTE,D4-WASTE,,0.0,0.0,0.0,0.0,391.576,Assigned task to AMR-B-2,task_generation_return,D4,Clinical,0.0,Clinical Waste Bin,,False,,,{}
AMR-B-2,RETURN-GEN_WASTE_D4_00005-13,corridor,2026-01-06 13:05:41,2026-01-06 13:05:44,AMR-CENTRE,C2-11,,,157.36,-81.619,2,157.38,-84.803,2,completed,461141.729,2026-01-06 13:05:41,segment_corridor,Clinical Waste Bin,Clinical_Waste_Bin-shared_OPD_SET_1-000001,,[],[],[],0,0,,AMR-CENTRE,C2-11,,2.653,0.0,3.184,0.0,0.0,"{""type"": ""corridor"", ""from"": ""AMR-CENTRE"", ""to"": ""C2-11"", ""duration"": 2.6533856778756353, ""distance_m"": 3.1840628134507623, ""speed_factor"": 1.0, ""congestion_count"": 0, ""from_x"": 157.36, ""from_y"": -81.619, ""to_x"": 157.38, ""to_y"": -84.803, ""from_floor"": 2, ""to_floor"": 2}",,,,0.0,,,False,,,{}
AMR-B-2,RETURN-GEN_WASTE_D4_00005-13,corridor,2026-01-06 13:05:44,2026-01-06 13:05:49,C2-11,C2-10,,,157.38,-84.803,2,151.747,-84.823,2,completed,461144.383,2026-01-06 13:05:44,segment_corridor,Clinical Waste Bin,Clinical_Waste_Bin-shared_OPD_SET_1-000001,,[],[],[],0,0,,C2-11,C2-10,,4.694,0.0,5.633,0.0,0.0,"{""type"": ""corridor"", ""from"": ""C2-11"", ""to"": ""C2-10"", ""duration"": 4.694196254122965, ""distance_m"": 5.633035504947558, ""speed_factor"": 1.0, ""congestion_count"": 0, ""from_x"": 157.38, ""from_y"": -84.803, ""to_x"": 151.747, ""to_y"": -84.823, ""from_floor"": 2, ""to_floor"": 2}",,,,0.0,,,False,,,{}
AMR-B-2,RETURN-GEN_WASTE_D4_00005-13,corridor,2026-01-06 13:05:49,2026-01-06 13:05:53,C2-10,C2-22,,,151.747,-84.823,2,146.298,-84.823,2,completed,461149.077,2026-01-06 13:05:49,segment_corridor,Clinical Waste Bin,Clinical_Waste_Bin-shared_OPD_SET_1-000001,,[],[],[],0,0,,C2-10,C2-22,,4.541,0.0,5.449,0.0,0.0,"{""type"": ""corridor"", ""from"": ""C2-10"", ""to"": ""C2-22"", ""duration"": 4.540833333333344, ""distance_m"": 5.449000000000012, ""speed_factor"": 1.0, ""congestion_count"": 0, ""from_x"": 151.747, ""from_y"": -84.823, ""to_x"": 146.298, ""to_y"": -84.823, ""from_floor"": 2, ""to_floor"": 2}",,,,0.0,,,False,,,{}
AMR-B-2,RETURN-GEN_WASTE_D4_00005-13,corridor,2026-01-06 13:05:53,2026-01-06 13:05:58,C2-22,C2-12,,,146.298,-84.823,2,140.54,-85.162,2,completed,461153.618,2026-01-06 13:05:53,segment_corridor,Clinical Waste Bin,Clinical_Waste_Bin-shared_OPD_SET_1-000001,,[],[],[],0,0,,C2-22,C2-12,,4.807,0.0,5.768,0.0,0.0,"{""type"": ""corridor"", ""from"": ""C2-22"", ""to"": ""C2-12"", ""duration"": 4.806642178046736, ""distance_m"": 5.767970613656082, ""speed_factor"": 1.0, ""congestion_count"": 0, ""from_x"": 146.298, ""from_y"": -84.823, ""to_x"": 140.54, ""to_y"": -85.162, ""from_floor"": 2, ""to_floor"": 2}",,,,0.0,,,False,,,{}
AMR-B-2,RETURN-GEN_WASTE_D4_00005-13,corridor,2026-01-06 13:05:58,2026-01-06 13:06:01,C2-12,Lift-4-F2,,,140.54,-85.162,2,140.605,-89.055,2,completed,461158.425,2026-01-06 13:05:58,segment_corridor,Clinical Waste Bin,Clinical_Waste_Bin-shared_OPD_SET_1-000001,,[],[],[],0,0,,C2-12,Lift-4-F2,,3.245,0.0,3.894,0.0,0.0,"{""type"": ""corridor"", ""from"": ""C2-12"", ""to"": ""Lift-4-F2"", ""duration"": 3.24461883568608, ""distance_m"": 3.893542602823296, ""speed_factor"": 1.0, ""congestion_count"": 0, ""from_x"": 140.54, ""from_y"": -85.162, ""to_x"": 140.605, ""to_y"": -89.055, ""from_floor"": 2, ""to_floor"": 2}",,,,0.0,,,False,,,{}
AMR-B-2,RETURN-GEN_WASTE_D4_00005-13,lift_transfer,2026-01-06 13:06:01,2026-01-06 13:06:26,Lift-4-F2,Lift-4-F0,,,140.605,-89.055,2,140.605,-89.055,0,completed,461161.669,2026-01-06 13:06:01,segment_lift_transfer,Clinical Waste Bin,Clinical_Waste_Bin-shared_OPD_SET_1-000001,,[],[],[],0,0,,Lift-4-F2,Lift-4-F0,Lift-4,24.444,0.0,8.0,0.02086538461538462,0.0,"{""type"": ""lift_transfer"", ""lift_id"": ""Lift-4"", ""from"": ""Lift-4-F2"", ""to"": ""Lift-4-F0"", ""from_floor"": 2, ""to_floor"": 0, ""wait_time"": 0.0, ""duration"": 24.444444444437977, ""distance_m"": 8.0, ""vertical_distance_m"": 8.0, ""energy_kwh"": 0.02086538461538462, ""from_x"": 140.605, ""from_y"": -89.055, ""to_x"": 140.605, ""to_y"": -89.055}",,,,0.0,,,False,,,{}
AMR-B-2,RETURN-GEN_WASTE_D4_00005-13,corridor,2026-01-06 13:06:26,2026-01-06 13:06:29,Lift-4-F0,C0-23,,,140.605,-89.055,0,140.608,-84.673,0,completed,461186.114,2026-01-06 13:06:26,segment_corridor,Clinical Waste Bin,Clinical_Waste_Bin-shared_OPD_SET_1-000001,,[],[],[],0,0,,Lift-4-F0,C0-23,,3.652,0.0,4.382,0.0,0.0,"{""type"": ""corridor"", ""from"": ""Lift-4-F0"", ""to"": ""C0-23"", ""duration"": 3.6516675224401896, ""distance_m"": 4.3820010269282275, ""speed_factor"": 1.0, ""congestion_count"": 0, ""from_x"": 140.605, ""from_y"": -89.055, ""to_x"": 140.608, ""to_y"": -84.673, ""from_floor"": 0, ""to_floor"": 0}",,,,0.0,,,False,,,{}
AMR-B-2,RETURN-GEN_WASTE_D4_00005-13,corridor,2026-01-06 13:06:29,2026-01-06 13:06:39,C0-23,C0-9,,,140.608,-84.673,0,151.815,-84.679,0,completed,461189.765,2026-01-06 13:06:29,segment_corridor,Clinical Waste Bin,Clinical_Waste_Bin-shared_OPD_SET_1-000001,,[],[],[],0,0,,C0-23,C0-9,,9.339,0.0,11.207,0.0,0.0,"{""type"": ""corridor"", ""from"": ""C0-23"", ""to"": ""C0-9"", ""duration"": 9.33916800511575, ""distance_m"": 11.207001606138899, ""speed_factor"": 1.0, ""congestion_count"": 0, ""from_x"": 140.608, ""from_y"": -84.673, ""to_x"": 151.815, ""to_y"": -84.679, ""from_floor"": 0, ""to_floor"": 0}",,,,0.0,,,False,,,{}
AMR-B-2,RETURN-GEN_WASTE_D4_00005-13,corridor,2026-01-06 13:06:39,2026-01-06 13:06:46,C0-9,C0-8,,,151.815,-84.679,0,151.852,-75.529,0,completed,461199.104,2026-01-06 13:06:39,segment_corridor,Clinical Waste Bin,Clinical_Waste_Bin-shared_OPD_SET_1-000001,,[],[],[],0,0,,C0-9,C0-8,,7.625,0.0,9.15,0.0,0.0,"{""type"": ""corridor"", ""from"": ""C0-9"", ""to"": ""C0-8"", ""duration"": 7.625062340364472, ""distance_m"": 9.150074808437367, ""speed_factor"": 1.0, ""congestion_count"": 0, ""from_x"": 151.815, ""from_y"": -84.679, ""to_x"": 151.852, ""to_y"": -75.529, ""from_floor"": 0, ""to_floor"": 0}",,,,0.0,,,False,,,{}
AMR-B-2,RETURN-GEN_WASTE_D4_00005-13,corridor,2026-01-06 13:06:46,2026-01-06 13:07:04,C0-8,C0-105,,,151.852,-75.529,0,172.881,-75.288,0,completed,461206.729,2026-01-06 13:06:46,segment_corridor,Clinical Waste Bin,Clinical_Waste_Bin-shared_OPD_SET_1-000001,,[],[],[],0,0,,C0-8,C0-105,,17.525,0.0,21.03,0.0,0.0,"{""type"": ""corridor"", ""from"": ""C0-8"", ""to"": ""C0-105"", ""duration"": 17.525317440459926, ""distance_m"": 21.03038092855191, ""speed_factor"": 1.0, ""congestion_count"": 0, ""from_x"": 151.852, ""from_y"": -75.529, ""to_x"": 172.881, ""to_y"": -75.288, ""from_floor"": 0, ""to_floor"": 0}",,,,0.0,,,False,,,{}
AMR-B-2,RETURN-GEN_WASTE_D4_00005-13,corridor,2026-01-06 13:07:04,2026-01-06 13:07:13,C0-105,C0-6,,,172.881,-75.288,0,181.948,-75.288,0,completed,461224.255,2026-01-06 13:07:04,segment_corridor,Clinical Waste Bin,Clinical_Waste_Bin-shared_OPD_SET_1-000001,,[],[],[],0,0,,C0-105,C0-6,,8.889,0.0,9.067,0.0,0.0,"{""type"": ""corridor"", ""from"": ""C0-105"", ""to"": ""C0-6"", ""duration"": 8.889215686274516, ""distance_m"": 9.067000000000007, ""speed_factor"": 0.85, ""congestion_count"": 1, ""from_x"": 172.881, ""from_y"": -75.288, ""to_x"": 181.948, ""to_y"": -75.288, ""from_floor"": 0, ""to_floor"": 0}",,,,0.0,,,False,,,{}
AMR-B-2,RETURN-GEN_WASTE_D4_00005-13,corridor,2026-01-06 13:07:13,2026-01-06 13:07:24,C0-6,C0-5,,,181.948,-75.288,0,181.917,-63.981,0,completed,461233.144,2026-01-06 13:07:13,segment_corridor,Clinical Waste Bin,Clinical_Waste_Bin-shared_OPD_SET_1-000001,,[],[],[],0,0,,C0-6,C0-5,,11.085,0.0,11.307,0.0,0.0,"{""type"": ""corridor"", ""from"": ""C0-6"", ""to"": ""C0-5"", ""duration"": 11.085335780116864, ""distance_m"": 11.3070424957192, ""speed_factor"": 0.85, ""congestion_count"": 1, ""from_x"": 181.948, ""from_y"": -75.288, ""to_x"": 181.917, ""to_y"": -63.981, ""from_floor"": 0, ""to_floor"": 0}",,,,0.0,,,False,,,{}
AMR-B-2,RETURN-GEN_WASTE_D4_00005-13,corridor,2026-01-06 13:07:24,2026-01-06 13:07:41,C0-5,C0-104,,,181.917,-63.981,0,181.881,-46.498,0,completed,461244.229,2026-01-06 13:07:24,segment_corridor,Clinical Waste Bin,Clinical_Waste_Bin-shared_OPD_SET_1-000001,,[],[],[],0,0,,C0-5,C0-104,,17.14,0.0,17.483,0.0,0.0,"{""type"": ""corridor"", ""from"": ""C0-5"", ""to"": ""C0-104"", ""duration"": 17.140232416213465, ""distance_m"": 17.483037064537733, ""speed_factor"": 0.85, ""congestion_count"": 1, ""from_x"": 181.917, ""from_y"": -63.981, ""to_x"": 181.881, ""to_y"": -46.498, ""from_floor"": 0, ""to_floor"": 0}",,,,0.0,,,False,,,{}
AMR-B-2,RETURN-GEN_WASTE_D4_00005-13,corridor,2026-01-06 13:07:41,2026-01-06 13:07:45,C0-104,C0-4,,,181.881,-46.498,0,181.948,-41.989,0,completed,461261.37,2026-01-06 13:07:41,segment_corridor,Clinical Waste Bin,Clinical_Waste_Bin-shared_OPD_SET_1-000001,,[],[],[],0,0,,C0-104,C0-4,,3.758,0.0,4.509,0.0,0.0,"{""type"": ""corridor"", ""from"": ""C0-104"", ""to"": ""C0-4"", ""duration"": 3.757914795616196, ""distance_m"": 4.509497754739435, ""speed_factor"": 1.0, ""congestion_count"": 0, ""from_x"": 181.881, ""from_y"": -46.498, ""to_x"": 181.948, ""to_y"": -41.989, ""from_floor"": 0, ""to_floor"": 0}",,,,0.0,,,False,,,{}
AMR-B-2,RETURN-GEN_WASTE_D4_00005-13,corridor,2026-01-06 13:07:45,2026-01-06 13:07:48,C0-4,C0-46,,,181.948,-41.989,0,181.989,-38.315,0,completed,461265.127,2026-01-06 13:07:45,segment_corridor,Clinical Waste Bin,Clinical_Waste_Bin-shared_OPD_SET_1-000001,,[],[],[],0,0,,C0-4,C0-46,,3.062,0.0,3.674,0.0,0.0,"{""type"": ""corridor"", ""from"": ""C0-4"", ""to"": ""C0-46"", ""duration"": 3.0618573021760644, ""distance_m"": 3.674228762611277, ""speed_factor"": 1.0, ""congestion_count"": 0, ""from_x"": 181.948, ""from_y"": -41.989, ""to_x"": 181.989, ""to_y"": -38.315, ""from_floor"": 0, ""to_floor"": 0}",,,,0.0,,,False,,,{}
AMR-B-2,RETURN-GEN_WASTE_D4_00005-13,corridor,2026-01-06 13:07:48,2026-01-06 13:08:22,C0-46,C0-47,,,181.989,-38.315,0,182.032,2.94,0,completed,461268.189,2026-01-06 13:07:48,segment_corridor,Clinical Waste Bin,Clinical_Waste_Bin-shared_OPD_SET_1-000001,,[],[],[],0,0,,C0-46,C0-47,,34.379,0.0,41.255,0.0,0.0,"{""type"": ""corridor"", ""from"": ""C0-46"", ""to"": ""C0-47"", ""duration"": 34.37918534116569, ""distance_m"": 41.255022409398826, ""speed_factor"": 1.0, ""congestion_count"": 0, ""from_x"": 181.989, ""from_y"": -38.315, ""to_x"": 182.032, ""to_y"": 2.94, ""from_floor"": 0, ""to_floor"": 0}",,,,0.0,,,False,,,{}
AMR-B-2,RETURN-GEN_WASTE_D4_00005-13,corridor,2026-01-06 13:08:22,2026-01-06 13:08:29,C0-47,C0-48,,,182.032,2.94,0,182.055,11.583,0,completed,461302.569,2026-01-06 13:08:22,segment_corridor,Clinical Waste Bin,Clinical_Waste_Bin-shared_OPD_SET_1-000001,,[],[],[],0,0,,C0-47,C0-48,,7.203,0.0,8.643,0.0,0.0,"{""type"": ""corridor"", ""from"": ""C0-47"", ""to"": ""C0-48"", ""duration"": 7.202525502288148, ""distance_m"": 8.643030602745776, ""speed_factor"": 1.0, ""congestion_count"": 0, ""from_x"": 182.032, ""from_y"": 2.94, ""to_x"": 182.055, ""to_y"": 11.583, ""from_floor"": 0, ""to_floor"": 0}",,,,0.0,,,False,,,{}
AMR-B-2,RETURN-GEN_WASTE_D4_00005-13,corridor,2026-01-06 13:08:29,2026-01-06 13:08:34,C0-48,D47-WASTE,,,182.055,11.583,0,176.0,12.0,0,completed,461309.771,2026-01-06 13:08:29,segment_corridor,Clinical Waste Bin,Clinical_Waste_Bin-shared_OPD_SET_1-000001,,[],[],[],0,0,,C0-48,D47-WASTE,,5.058,0.0,6.069,0.0,0.0,"{""type"": ""corridor"", ""from"": ""C0-48"", ""to"": ""D47-WASTE"", ""duration"": 5.057785115816788, ""distance_m"": 6.069342138980145, ""speed_factor"": 1.0, ""congestion_count"": 0, ""from_x"": 182.055, ""from_y"": 11.583, ""to_x"": 176.0, ""to_y"": 12.0, ""from_floor"": 0, ""to_floor"": 0}",,,,0.0,,,False,,,{}
AMR-B-2,RETURN-GEN_WASTE_D4_00005-13,pickup,2026-01-06 13:08:34,2026-01-06 13:08:54,,,,,,,,,,,completed,461314.829,2026-01-06 13:08:34,segment_pickup,Clinical Waste Bin,Clinical_Waste_Bin-shared_OPD_SET_1-000001,,[],[],[],0,0,,D47-WASTE,D4-WASTE,,20.0,0.0,0.0,0.0,0.0,"{""type"": ""pickup"", ""location"": ""D47-WASTE"", ""duration"": 20.0, ""from_x"": null, ""from_y"": null, ""to_x"": null, ""to_y"": null, ""from_floor"": null, ""to_floor"": null}",,,,0.0,,,False,,,{}
AMR-B-2,RETURN-GEN_WASTE_D4_00005-13,corridor,2026-01-06 13:08:54,2026-01-06 13:09:00,D47-WASTE,C0-48,,,176.0,12.0,0,182.055,11.583,0,completed,461334.829,2026-01-06 13:08:54,segment_corridor,Clinical Waste Bin,Clinical_Waste_Bin-shared_OPD_SET_1-000001,,[],[],[],0,0,,D47-WASTE,C0-48,,5.95,0.0,6.069,0.0,0.0,"{""type"": ""corridor"", ""from"": ""D47-WASTE"", ""to"": ""C0-48"", ""duration"": 5.950335430372692, ""distance_m"": 6.069342138980145, ""speed_factor"": 0.85, ""congestion_count"": 1, ""from_x"": 176.0, ""from_y"": 12.0, ""to_x"": 182.055, ""to_y"": 11.583, ""from_floor"": 0, ""to_floor"": 0}",,,,0.0,,,False,,,{}
AMR-B-2,RETURN-GEN_WASTE_D4_00005-13,corridor,2026-01-06 13:09:00,2026-01-06 13:09:07,C0-48,C0-47,,,182.055,11.583,0,182.032,2.94,0,completed,461340.779,2026-01-06 13:09:00,segment_corridor,Clinical Waste Bin,Clinical_Waste_Bin-shared_OPD_SET_1-000001,,[],[],[],0,0,,C0-48,C0-47,,7.203,0.0,8.643,0.0,0.0,"{""type"": ""corridor"", ""from"": ""C0-48"", ""to"": ""C0-47"", ""duration"": 7.202525502288148, ""distance_m"": 8.643030602745776, ""speed_factor"": 1.0, ""congestion_count"": 0, ""from_x"": 182.055, ""from_y"": 11.583, ""to_x"": 182.032, ""to_y"": 2.94, ""from_floor"": 0, ""to_floor"": 0}",,,,0.0,,,False,,,{}
AMR-B-2,RETURN-GEN_WASTE_D4_00005-13,corridor,2026-01-06 13:09:07,2026-01-06 13:09:42,C0-47,C0-46,,,182.032,2.94,0,181.989,-38.315,0,completed,461347.982,2026-01-06 13:09:07,segment_corridor,Clinical Waste Bin,Clinical_Waste_Bin-shared_OPD_SET_1-000001,,[],[],[],0,0,,C0-47,C0-46,,34.379,0.0,41.255,0.0,0.0,"{""type"": ""corridor"", ""from"": ""C0-47"", ""to"": ""C0-46"", ""duration"": 34.37918534116569, ""distance_m"": 41.255022409398826, ""speed_factor"": 1.0, ""congestion_count"": 0, ""from_x"": 182.032, ""from_y"": 2.94, ""to_x"": 181.989, ""to_y"": -38.315, ""from_floor"": 0, ""to_floor"": 0}",,,,0.0,,,False,,,{}
AMR-B-2,RETURN-GEN_WASTE_D4_00005-13,corridor,2026-01-06 13:09:42,2026-01-06 13:09:45,C0-46,C0-4,,,181.989,-38.315,0,181.948,-41.989,0,completed,461382.361,2026-01-06 13:09:42,segment_corridor,Clinical Waste Bin,Clinical_Waste_Bin-shared_OPD_SET_1-000001,,[],[],[],0,0,,C0-46,C0-4,,3.062,0.0,3.674,0.0,0.0,"{""type"": ""corridor"", ""from"": ""C0-46"", ""to"": ""C0-4"", ""duration"": 3.0618573021760644, ""distance_m"": 3.674228762611277, ""speed_factor"": 1.0, ""congestion_count"": 0, ""from_x"": 181.989, ""from_y"": -38.315, ""to_x"": 181.948, ""to_y"": -41.989, ""from_floor"": 0, ""to_floor"": 0}",,,,0.0,,,False,,,{}
AMR-B-2,RETURN-GEN_WASTE_D4_00005-13,corridor,2026-01-06 13:09:45,2026-01-06 13:09:49,C0-4,C0-104,,,181.948,-41.989,0,181.881,-46.498,0,completed,461385.423,2026-01-06 13:09:45,segment_corridor,Clinical Waste Bin,Clinical_Waste_Bin-shared_OPD_SET_1-000001,,[],[],[],0,0,,C0-4,C0-104,,3.758,0.0,4.509,0.0,0.0,"{""type"": ""corridor"", ""from"": ""C0-4"", ""to"": ""C0-104"", ""duration"": 3.757914795616196, ""distance_m"": 4.509497754739435, ""speed_factor"": 1.0, ""congestion_count"": 0, ""from_x"": 181.948, ""from_y"": -41.989, ""to_x"": 181.881, ""to_y"": -46.498, ""from_floor"": 0, ""to_floor"": 0}",,,,0.0,,,False,,,{}
AMR-B-2,RETURN-GEN_WASTE_D4_00005-13,corridor,2026-01-06 13:09:49,2026-01-06 13:10:03,C0-104,C0-5,,,181.881,-46.498,0,181.917,-63.981,0,completed,461389.181,2026-01-06 13:09:49,segment_corridor,Clinical Waste Bin,Clinical_Waste_Bin-shared_OPD_SET_1-000001,,[],[],[],0,0,,C0-104,C0-5,,14.569,0.0,17.483,0.0,0.0,"{""type"": ""corridor"", ""from"": ""C0-104"", ""to"": ""C0-5"", ""duration"": 14.569197553781445, ""distance_m"": 17.483037064537733, ""speed_factor"": 1.0, ""congestion_count"": 0, ""from_x"": 181.881, ""from_y"": -46.498, ""to_x"": 181.917, ""to_y"": -63.981, ""from_floor"": 0, ""to_floor"": 0}",,,,0.0,,,False,,,{}
AMR-B-2,RETURN-GEN_WASTE_D4_00005-13,corridor,2026-01-06 13:10:03,2026-01-06 13:10:13,C0-5,C0-6,,,181.917,-63.981,0,181.948,-75.288,0,completed,461403.75,2026-01-06 13:10:03,segment_corridor,Clinical Waste Bin,Clinical_Waste_Bin-shared_OPD_SET_1-000001,,[],[],[],0,0,,C0-5,C0-6,,9.423,0.0,11.307,0.0,0.0,"{""type"": ""corridor"", ""from"": ""C0-5"", ""to"": ""C0-6"", ""duration"": 9.422535413099334, ""distance_m"": 11.3070424957192, ""speed_factor"": 1.0, ""congestion_count"": 0, ""from_x"": 181.917, ""from_y"": -63.981, ""to_x"": 181.948, ""to_y"": -75.288, ""from_floor"": 0, ""to_floor"": 0}",,,,0.0,,,False,,,{}
AMR-B-2,RETURN-GEN_WASTE_D4_00005-13,corridor,2026-01-06 13:10:13,2026-01-06 13:10:20,C0-6,C0-105,,,181.948,-75.288,0,172.881,-75.288,0,completed,461413.172,2026-01-06 13:10:13,segment_corridor,Clinical Waste Bin,Clinical_Waste_Bin-shared_OPD_SET_1-000001,,[],[],[],0,0,,C0-6,C0-105,,7.556,0.0,9.067,0.0,0.0,"{""type"": ""corridor"", ""from"": ""C0-6"", ""to"": ""C0-105"", ""duration"": 7.555833333333339, ""distance_m"": 9.067000000000007, ""speed_factor"": 1.0, ""congestion_count"": 0, ""from_x"": 181.948, ""from_y"": -75.288, ""to_x"": 172.881, ""to_y"": -75.288, ""from_floor"": 0, ""to_floor"": 0}",,,,0.0,,,False,,,{}
AMR-B-2,RETURN-GEN_WASTE_D4_00005-13,corridor,2026-01-06 13:10:20,2026-01-06 13:10:38,C0-105,C0-8,,,172.881,-75.288,0,151.852,-75.529,0,completed,461420.728,2026-01-06 13:10:20,segment_corridor,Clinical Waste Bin,Clinical_Waste_Bin-shared_OPD_SET_1-000001,,[],[],[],0,0,,C0-105,C0-8,,17.525,0.0,21.03,0.0,0.0,"{""type"": ""corridor"", ""from"": ""C0-105"", ""to"": ""C0-8"", ""duration"": 17.525317440459926, ""distance_m"": 21.03038092855191, ""speed_factor"": 1.0, ""congestion_count"": 0, ""from_x"": 172.881, ""from_y"": -75.288, ""to_x"": 151.852, ""to_y"": -75.529, ""from_floor"": 0, ""to_floor"": 0}",,,,0.0,,,False,,,{}
AMR-B-2,RETURN-GEN_WASTE_D4_00005-13,corridor,2026-01-06 13:10:38,2026-01-06 13:10:45,C0-8,C0-9,,,151.852,-75.529,0,151.815,-84.679,0,completed,461438.254,2026-01-06 13:10:38,segment_corridor,Clinical Waste Bin,Clinical_Waste_Bin-shared_OPD_SET_1-000001,,[],[],[],0,0,,C0-8,C0-9,,7.625,0.0,9.15,0.0,0.0,"{""type"": ""corridor"", ""from"": ""C0-8"", ""to"": ""C0-9"", ""duration"": 7.625062340364472, ""distance_m"": 9.150074808437367, ""speed_factor"": 1.0, ""congestion_count"": 0, ""from_x"": 151.852, ""from_y"": -75.529, ""to_x"": 151.815, ""to_y"": -84.679, ""from_floor"": 0, ""to_floor"": 0}",,,,0.0,,,False,,,{}
AMR-B-2,RETURN-GEN_WASTE_D4_00005-13,corridor,2026-01-06 13:10:45,2026-01-06 13:10:52,C0-9,C0-78,,,151.815,-84.679,0,151.853,-93.062,0,completed,461445.879,2026-01-06 13:10:45,segment_corridor,Clinical Waste Bin,Clinical_Waste_Bin-shared_OPD_SET_1-000001,,[],[],[],0,0,,C0-9,C0-78,,6.986,0.0,8.383,0.0,0.0,"{""type"": ""corridor"", ""from"": ""C0-9"", ""to"": ""C0-78"", ""duration"": 6.9859051052021055, ""distance_m"": 8.383086126242526, ""speed_factor"": 1.0, ""congestion_count"": 0, ""from_x"": 151.815, ""from_y"": -84.679, ""to_x"": 151.853, ""to_y"": -93.062, ""from_floor"": 0, ""to_floor"": 0}",,,,0.0,,,False,,,{}
AMR-B-2,RETURN-GEN_WASTE_D4_00005-13,corridor,2026-01-06 13:10:52,2026-01-06 13:11:01,C0-78,C0-10,,,151.853,-93.062,0,151.906,-103.332,0,completed,461452.865,2026-01-06 13:10:52,segment_corridor,Clinical Waste Bin,Clinical_Waste_Bin-shared_OPD_SET_1-000001,,[],[],[],0,0,,C0-78,C0-10,,8.558,0.0,10.27,0.0,0.0,"{""type"": ""corridor"", ""from"": ""C0-78"", ""to"": ""C0-10"", ""duration"": 8.558447297196428, ""distance_m"": 10.270136756635713, ""speed_factor"": 1.0, ""congestion_count"": 0, ""from_x"": 151.853, ""from_y"": -93.062, ""to_x"": 151.906, ""to_y"": -103.332, ""from_floor"": 0, ""to_floor"": 0}",,,,0.0,,,False,,,{}
AMR-B-2,RETURN-GEN_WASTE_D4_00005-13,corridor,2026-01-06 13:11:01,2026-01-06 13:11:07,C0-10,C0-107,,,151.906,-103.332,0,151.875,-110.231,0,completed,461461.423,2026-01-06 13:11:01,segment_corridor,Clinical Waste Bin,Clinical_Waste_Bin-shared_OPD_SET_1-000001,,[],[],[],0,0,,C0-10,C0-107,,5.749,0.0,6.899,0.0,0.0,"{""type"": ""corridor"", ""from"": ""C0-10"", ""to"": ""C0-107"", ""duration"": 5.749224706186238, ""distance_m"": 6.899069647423485, ""speed_factor"": 1.0, ""congestion_count"": 0, ""from_x"": 151.906, ""from_y"": -103.332, ""to_x"": 151.875, ""to_y"": -110.231, ""from_floor"": 0, ""to_floor"": 0}",,,,0.0,,,False,,,{}
AMR-B-2,RETURN-GEN_WASTE_D4_00005-13,corridor,2026-01-06 13:11:07,2026-01-06 13:11:14,C0-107,C0-82,,,151.875,-110.231,0,151.957,-118.723,0,completed,461467.172,2026-01-06 13:11:07,segment_corridor,Clinical Waste Bin,Clinical_Waste_Bin-shared_OPD_SET_1-000001,,[],[],[],0,0,,C0-107,C0-82,,7.077,0.0,8.492,0.0,0.0,"{""type"": ""corridor"", ""from"": ""C0-107"", ""to"": ""C0-82"", ""duration"": 7.076996577331065, ""distance_m"": 8.492395892797278, ""speed_factor"": 1.0, ""congestion_count"": 0, ""from_x"": 151.875, ""from_y"": -110.231, ""to_x"": 151.957, ""to_y"": -118.723, ""from_floor"": 0, ""to_floor"": 0}",,,,0.0,,,False,,,{}
AMR-B-2,RETURN-GEN_WASTE_D4_00005-13,corridor,2026-01-06 13:11:14,2026-01-06 13:11:17,C0-82,C0-12,,,151.957,-118.723,0,151.969,-122.524,0,completed,461474.249,2026-01-06 13:11:14,segment_corridor,Clinical Waste Bin,Clinical_Waste_Bin-shared_OPD_SET_1-000001,,[],[],[],0,0,,C0-82,C0-12,,3.168,0.0,3.801,0.0,0.0,"{""type"": ""corridor"", ""from"": ""C0-82"", ""to"": ""C0-12"", ""duration"": 3.167515785280321, ""distance_m"": 3.8010189423363854, ""speed_factor"": 1.0, ""congestion_count"": 0, ""from_x"": 151.957, ""from_y"": -118.723, ""to_x"": 151.969, ""to_y"": -122.524, ""from_floor"": 0, ""to_floor"": 0}",,,,0.0,,,False,,,{}
AMR-B-2,RETURN-GEN_WASTE_D4_00005-13,corridor,2026-01-06 13:11:17,2026-01-06 13:11:25,C0-12,C0-13,,,151.969,-122.524,0,151.939,-132.199,0,completed,461477.417,2026-01-06 13:11:17,segment_corridor,Clinical Waste Bin,Clinical_Waste_Bin-shared_OPD_SET_1-000001,,[],[],[],0,0,,C0-12,C0-13,,8.063,0.0,9.675,0.0,0.0,"{""type"": ""corridor"", ""from"": ""C0-12"", ""to"": ""C0-13"", ""duration"": 8.062538759596766, ""distance_m"": 9.675046511516118, ""speed_factor"": 1.0, ""congestion_count"": 0, ""from_x"": 151.969, ""from_y"": -122.524, ""to_x"": 151.939, ""to_y"": -132.199, ""from_floor"": 0, ""to_floor"": 0}",,,,0.0,,,False,,,{}
AMR-B-2,RETURN-GEN_WASTE_D4_00005-13,corridor,2026-01-06 13:11:25,2026-01-06 13:11:33,C0-13,C0-14,,,151.939,-132.199,0,142.333,-132.392,0,completed,461485.479,2026-01-06 13:11:25,segment_corridor,Clinical Waste Bin,Clinical_Waste_Bin-shared_OPD_SET_1-000001,,[],[],[],0,0,,C0-13,C0-14,,8.007,0.0,9.608,0.0,0.0,"{""type"": ""corridor"", ""from"": ""C0-13"", ""to"": ""C0-14"", ""duration"": 8.006615537236133, ""distance_m"": 9.607938644683358, ""speed_factor"": 1.0, ""congestion_count"": 0, ""from_x"": 151.939, ""from_y"": -132.199, ""to_x"": 142.333, ""to_y"": -132.392, ""from_floor"": 0, ""to_floor"": 0}",,,,0.0,,,False,,,{}
AMR-B-2,RETURN-GEN_WASTE_D4_00005-13,corridor,2026-01-06 13:11:33,2026-01-06 13:11:36,C0-14,C0-15,,,142.333,-132.392,0,142.311,-135.582,0,completed,461493.486,2026-01-06 13:11:33,segment_corridor,Clinical Waste Bin,Clinical_Waste_Bin-shared_OPD_SET_1-000001,,[],[],[],0,0,,C0-14,C0-15,,2.658,0.0,3.19,0.0,0.0,"{""type"": ""corridor"", ""from"": ""C0-14"", ""to"": ""C0-15"", ""duration"": 2.6583965509724488, ""distance_m"": 3.1900758611669384, ""speed_factor"": 1.0, ""congestion_count"": 0, ""from_x"": 142.333, ""from_y"": -132.392, ""to_x"": 142.311, ""to_y"": -135.582, ""from_floor"": 0, ""to_floor"": 0}",,,,0.0,,,False,,,{}
AMR-B-2,RETURN-GEN_WASTE_D4_00005-13,corridor,2026-01-06 13:11:36,2026-01-06 13:11:38,C0-15,C0-44,,,142.311,-135.582,0,142.385,-138.767,0,completed,461496.144,2026-01-06 13:11:36,segment_corridor,Clinical Waste Bin,Clinical_Waste_Bin-shared_OPD_SET_1-000001,,[],[],[],0,0,,C0-15,C0-44,,2.655,0.0,3.186,0.0,0.0,"{""type"": ""corridor"", ""from"": ""C0-15"", ""to"": ""C0-44"", ""duration"": 2.6548829488740613, ""distance_m"": 3.1858595386488733, ""speed_factor"": 1.0, ""congestion_count"": 0, ""from_x"": 142.311, ""from_y"": -135.582, ""to_x"": 142.385, ""to_y"": -138.767, ""from_floor"": 0, ""to_floor"": 0}",,,,0.0,,,False,,,{}
AMR-B-2,RETURN-GEN_WASTE_D4_00005-13,corridor,2026-01-06 13:11:38,2026-01-06 13:11:45,C0-44,C0-45,,,142.385,-138.767,0,142.637,-146.743,0,completed,461498.799,2026-01-06 13:11:38,segment_corridor,Clinical Waste Bin,Clinical_Waste_Bin-shared_OPD_SET_1-000001,,[],[],[],0,0,,C0-44,C0-45,,6.65,0.0,7.98,0.0,0.0,"{""type"": ""corridor"", ""from"": ""C0-44"", ""to"": ""C0-45"", ""duration"": 6.649983291541249, ""distance_m"": 7.979979949849498, ""speed_factor"": 1.0, ""congestion_count"": 0, ""from_x"": 142.385, ""from_y"": -138.767, ""to_x"": 142.637, ""to_y"": -146.743, ""from_floor"": 0, ""to_floor"": 0}",,,,0.0,,,False,,,{}
AMR-B-2,RETURN-GEN_WASTE_D4_00005-13,corridor,2026-01-06 13:11:45,2026-01-06 13:11:48,C0-45,C0-16,,,142.637,-146.743,0,142.744,-150.046,0,completed,461505.449,2026-01-06 13:11:45,segment_corridor,Clinical Waste Bin,Clinical_Waste_Bin-shared_OPD_SET_1-000001,,[],[],[],0,0,,C0-45,C0-16,,2.754,0.0,3.305,0.0,0.0,"{""type"": ""corridor"", ""from"": ""C0-45"", ""to"": ""C0-16"", ""duration"": 2.7539438891241836, ""distance_m"": 3.30473266694902, ""speed_factor"": 1.0, ""congestion_count"": 0, ""from_x"": 142.637, ""from_y"": -146.743, ""to_x"": 142.744, ""to_y"": -150.046, ""from_floor"": 0, ""to_floor"": 0}",,,,0.0,,,False,,,{}
AMR-B-2,RETURN-GEN_WASTE_D4_00005-13,corridor,2026-01-06 13:11:48,2026-01-06 13:11:50,C0-16,C0-17,,,142.744,-150.046,0,139.652,-150.053,0,completed,461508.203,2026-01-06 13:11:48,segment_corridor,Clinical Waste Bin,Clinical_Waste_Bin-shared_OPD_SET_1-000001,,[],[],[],0,0,,C0-16,C0-17,,2.577,0.0,3.092,0.0,0.0,"{""type"": ""corridor"", ""from"": ""C0-16"", ""to"": ""C0-17"", ""duration"": 2.5766732697198815, ""distance_m"": 3.0920079236638576, ""speed_factor"": 1.0, ""congestion_count"": 0, ""from_x"": 142.744, ""from_y"": -150.046, ""to_x"": 139.652, ""to_y"": -150.053, ""from_floor"": 0, ""to_floor"": 0}",,,,0.0,,,False,,,{}
AMR-B-2,RETURN-GEN_WASTE_D4_00005-13,corridor,2026-01-06 13:11:50,2026-01-06 13:11:53,C0-17,D4-WASTE,,,139.652,-150.053,0,139.696,-153.083,0,completed,461510.78,2026-01-06 13:11:50,segment_corridor,Clinical Waste Bin,Clinical_Waste_Bin-shared_OPD_SET_1-000001,,[],[],[],0,0,,C0-17,D4-WASTE,,2.525,0.0,3.03,0.0,0.0,"{""type"": ""corridor"", ""from"": ""C0-17"", ""to"": ""D4-WASTE"", ""duration"": 2.5252662125891696, ""distance_m"": 3.0303194551070036, ""speed_factor"": 1.0, ""congestion_count"": 0, ""from_x"": 139.652, ""from_y"": -150.053, ""to_x"": 139.696, ""to_y"": -153.083, ""from_floor"": 0, ""to_floor"": 0}",,,,0.0,,,False,,,{}
AMR-B-2,RETURN-GEN_WASTE_D4_00005-13,dropoff,2026-01-06 13:11:53,2026-01-06 13:12:13,,,,,,,,,,,completed,461513.305,2026-01-06 13:11:53,segment_dropoff,Clinical Waste Bin,Clinical_Waste_Bin-shared_OPD_SET_1-000001,,[],[],[],0,0,,D47-WASTE,D4-WASTE,,20.0,0.0,0.0,0.0,0.0,"{""type"": ""dropoff"", ""location"": ""D4-WASTE"", ""duration"": 20.0, ""inventory_space"": ""Clinical Waste Bin space 1"", ""from_x"": null, ""from_y"": null, ""to_x"": null, ""to_y"": null, ""from_floor"": null, ""to_floor"": null}",,,,0.0,,,False,,,{}
AMR-B-1,RETURN-AMR-B-1-14,,2026-01-06 13:09:07,2026-01-06 13:09:07,,,,,,,,,,,finish,461347.706,2026-01-06 13:09:07,task_complete,,,,[],[],[],0,0,,D47-WASTE,AMR-CENTRE,,0.0,0.0,0.0,0.0,0.0,Task RETURN-AMR-B-1-14 completed,,,,0.0,,,False,,,{}
AMR-B-2,RETURN-GEN_WASTE_D4_00005-13,,2026-01-06 13:12:13,2026-01-06 13:12:13,,,,,,,,,,,finish,461533.305,2026-01-06 13:12:13,task_complete,Clinical Waste Bin,Clinical_Waste_Bin-shared_OPD_SET_1-000001,,[],[],[],0,0,,D47-WASTE,D4-WASTE,,0.0,0.0,0.0,0.0,0.0,Task RETURN-GEN_WASTE_D4_00005-13 completed,task_generation_return,D4,Clinical,0.0,Clinical Waste Bin,,False,,,{}
AMR-B-2,RETURN-AMR-B-2-15,,2026-01-06 13:12:13,2026-01-06 13:12:14,,,D4-WASTE,AMR-CENTRE,,,,,,,start,461533.305,2026-01-06 13:12:13,task_assigned,,,,[],[],[],0,0,,D4-WASTE,AMR-CENTRE,,0.0,0.0,0.0,0.0,164.801,Assigned task to AMR-B-2,,,,0.0,,,False,,,{}
AMR-B-2,RETURN-AMR-B-2-15,pickup,2026-01-06 13:12:13,2026-01-06 13:12:33,,,,,,,,,,,completed,461533.305,2026-01-06 13:12:13,segment_pickup,,,,[],[],[],0,0,,D4-WASTE,AMR-CENTRE,,20.0,0.0,0.0,0.0,0.0,"{""type"": ""pickup"", ""location"": ""D4-WASTE"", ""duration"": 20.0, ""from_x"": null, ""from_y"": null, ""to_x"": null, ""to_y"": null, ""from_floor"": null, ""to_floor"": null}",,,,0.0,,,False,,,{}
AMR-B-2,RETURN-AMR-B-2-15,corridor,2026-01-06 13:12:33,2026-01-06 13:12:35,D4-WASTE,C0-17,,,139.696,-153.083,0,139.652,-150.053,0,completed,461553.305,2026-01-06 13:12:33,segment_corridor,,,,[],[],[],0,0,,D4-WASTE,C0-17,,2.525,0.0,3.03,0.0,0.0,"{""type"": ""corridor"", ""from"": ""D4-WASTE"", ""to"": ""C0-17"", ""duration"": 2.5252662125891696, ""distance_m"": 3.0303194551070036, ""speed_factor"": 1.0, ""congestion_count"": 0, ""from_x"": 139.696, ""from_y"": -153.083, ""to_x"": 139.652, ""to_y"": -150.053, ""from_floor"": 0, ""to_floor"": 0}",,,,0.0,,,False,,,{}
AMR-B-2,RETURN-AMR-B-2-15,corridor,2026-01-06 13:12:35,2026-01-06 13:12:38,C0-17,C0-16,,,139.652,-150.053,0,142.744,-150.046,0,completed,461555.83,2026-01-06 13:12:35,segment_corridor,,,,[],[],[],0,0,,C0-17,C0-16,,2.577,0.0,3.092,0.0,0.0,"{""type"": ""corridor"", ""from"": ""C0-17"", ""to"": ""C0-16"", ""duration"": 2.5766732697198815, ""distance_m"": 3.0920079236638576, ""speed_factor"": 1.0, ""congestion_count"": 0, ""from_x"": 139.652, ""from_y"": -150.053, ""to_x"": 142.744, ""to_y"": -150.046, ""from_floor"": 0, ""to_floor"": 0}",,,,0.0,,,False,,,{}
AMR-B-2,RETURN-AMR-B-2-15,corridor,2026-01-06 13:12:38,2026-01-06 13:12:41,C0-16,C0-45,,,142.744,-150.046,0,142.637,-146.743,0,completed,461558.407,2026-01-06 13:12:38,segment_corridor,,,,[],[],[],0,0,,C0-16,C0-45,,2.754,0.0,3.305,0.0,0.0,"{""type"": ""corridor"", ""from"": ""C0-16"", ""to"": ""C0-45"", ""duration"": 2.7539438891241836, ""distance_m"": 3.30473266694902, ""speed_factor"": 1.0, ""congestion_count"": 0, ""from_x"": 142.744, ""from_y"": -150.046, ""to_x"": 142.637, ""to_y"": -146.743, ""from_floor"": 0, ""to_floor"": 0}",,,,0.0,,,False,,,{}
AMR-B-2,RETURN-AMR-B-2-15,corridor,2026-01-06 13:12:41,2026-01-06 13:12:47,C0-45,C0-44,,,142.637,-146.743,0,142.385,-138.767,0,completed,461561.161,2026-01-06 13:12:41,segment_corridor,,,,[],[],[],0,0,,C0-45,C0-44,,6.65,0.0,7.98,0.0,0.0,"{""type"": ""corridor"", ""from"": ""C0-45"", ""to"": ""C0-44"", ""duration"": 6.649983291541249, ""distance_m"": 7.979979949849498, ""speed_factor"": 1.0, ""congestion_count"": 0, ""from_x"": 142.637, ""from_y"": -146.743, ""to_x"": 142.385, ""to_y"": -138.767, ""from_floor"": 0, ""to_floor"": 0}",,,,0.0,,,False,,,{}
AMR-B-2,RETURN-AMR-B-2-15,corridor,2026-01-06 13:12:47,2026-01-06 13:12:50,C0-44,C0-15,,,142.385,-138.767,0,142.311,-135.582,0,completed,461567.811,2026-01-06 13:12:47,segment_corridor,,,,[],[],[],0,0,,C0-44,C0-15,,2.655,0.0,3.186,0.0,0.0,"{""type"": ""corridor"", ""from"": ""C0-44"", ""to"": ""C0-15"", ""duration"": 2.6548829488740613, ""distance_m"": 3.1858595386488733, ""speed_factor"": 1.0, ""congestion_count"": 0, ""from_x"": 142.385, ""from_y"": -138.767, ""to_x"": 142.311, ""to_y"": -135.582, ""from_floor"": 0, ""to_floor"": 0}",,,,0.0,,,False,,,{}
AMR-B-2,RETURN-AMR-B-2-15,corridor,2026-01-06 13:12:50,2026-01-06 13:12:53,C0-15,C0-14,,,142.311,-135.582,0,142.333,-132.392,0,completed,461570.466,2026-01-06 13:12:50,segment_corridor,,,,[],[],[],0,0,,C0-15,C0-14,,2.658,0.0,3.19,0.0,0.0,"{""type"": ""corridor"", ""from"": ""C0-15"", ""to"": ""C0-14"", ""duration"": 2.6583965509724488, ""distance_m"": 3.1900758611669384, ""speed_factor"": 1.0, ""congestion_count"": 0, ""from_x"": 142.311, ""from_y"": -135.582, ""to_x"": 142.333, ""to_y"": -132.392, ""from_floor"": 0, ""to_floor"": 0}",,,,0.0,,,False,,,{}
AMR-B-2,RETURN-AMR-B-2-15,corridor,2026-01-06 13:12:53,2026-01-06 13:13:01,C0-14,C0-13,,,142.333,-132.392,0,151.939,-132.199,0,completed,461573.124,2026-01-06 13:12:53,segment_corridor,,,,[],[],[],0,0,,C0-14,C0-13,,8.007,0.0,9.608,0.0,0.0,"{""type"": ""corridor"", ""from"": ""C0-14"", ""to"": ""C0-13"", ""duration"": 8.006615537236133, ""distance_m"": 9.607938644683358, ""speed_factor"": 1.0, ""congestion_count"": 0, ""from_x"": 142.333, ""from_y"": -132.392, ""to_x"": 151.939, ""to_y"": -132.199, ""from_floor"": 0, ""to_floor"": 0}",,,,0.0,,,False,,,{}
AMR-B-2,RETURN-AMR-B-2-15,corridor,2026-01-06 13:13:01,2026-01-06 13:13:09,C0-13,C0-12,,,151.939,-132.199,0,151.969,-122.524,0,completed,461581.131,2026-01-06 13:13:01,segment_corridor,,,,[],[],[],0,0,,C0-13,C0-12,,8.063,0.0,9.675,0.0,0.0,"{""type"": ""corridor"", ""from"": ""C0-13"", ""to"": ""C0-12"", ""duration"": 8.062538759596766, ""distance_m"": 9.675046511516118, ""speed_factor"": 1.0, ""congestion_count"": 0, ""from_x"": 151.939, ""from_y"": -132.199, ""to_x"": 151.969, ""to_y"": -122.524, ""from_floor"": 0, ""to_floor"": 0}",,,,0.0,,,False,,,{}
AMR-B-2,RETURN-AMR-B-2-15,corridor,2026-01-06 13:13:09,2026-01-06 13:13:12,C0-12,C0-82,,,151.969,-122.524,0,151.957,-118.723,0,completed,461589.193,2026-01-06 13:13:09,segment_corridor,,,,[],[],[],0,0,,C0-12,C0-82,,3.168,0.0,3.801,0.0,0.0,"{""type"": ""corridor"", ""from"": ""C0-12"", ""to"": ""C0-82"", ""duration"": 3.167515785280321, ""distance_m"": 3.8010189423363854, ""speed_factor"": 1.0, ""congestion_count"": 0, ""from_x"": 151.969, ""from_y"": -122.524, ""to_x"": 151.957, ""to_y"": -118.723, ""from_floor"": 0, ""to_floor"": 0}",,,,0.0,,,False,,,{}
AMR-B-2,RETURN-AMR-B-2-15,corridor,2026-01-06 13:13:12,2026-01-06 13:13:19,C0-82,C0-107,,,151.957,-118.723,0,151.875,-110.231,0,completed,461592.361,2026-01-06 13:13:12,segment_corridor,,,,[],[],[],0,0,,C0-82,C0-107,,7.077,0.0,8.492,0.0,0.0,"{""type"": ""corridor"", ""from"": ""C0-82"", ""to"": ""C0-107"", ""duration"": 7.076996577331065, ""distance_m"": 8.492395892797278, ""speed_factor"": 1.0, ""congestion_count"": 0, ""from_x"": 151.957, ""from_y"": -118.723, ""to_x"": 151.875, ""to_y"": -110.231, ""from_floor"": 0, ""to_floor"": 0}",,,,0.0,,,False,,,{}
AMR-B-2,RETURN-AMR-B-2-15,corridor,2026-01-06 13:13:19,2026-01-06 13:13:25,C0-107,C0-10,,,151.875,-110.231,0,151.906,-103.332,0,completed,461599.438,2026-01-06 13:13:19,segment_corridor,,,,[],[],[],0,0,,C0-107,C0-10,,5.749,0.0,6.899,0.0,0.0,"{""type"": ""corridor"", ""from"": ""C0-107"", ""to"": ""C0-10"", ""duration"": 5.749224706186238, ""distance_m"": 6.899069647423485, ""speed_factor"": 1.0, ""congestion_count"": 0, ""from_x"": 151.875, ""from_y"": -110.231, ""to_x"": 151.906, ""to_y"": -103.332, ""from_floor"": 0, ""to_floor"": 0}",,,,0.0,,,False,,,{}
AMR-B-2,RETURN-AMR-B-2-15,corridor,2026-01-06 13:13:25,2026-01-06 13:13:33,C0-10,C0-78,,,151.906,-103.332,0,151.853,-93.062,0,completed,461605.187,2026-01-06 13:13:25,segment_corridor,,,,[],[],[],0,0,,C0-10,C0-78,,8.558,0.0,10.27,0.0,0.0,"{""type"": ""corridor"", ""from"": ""C0-10"", ""to"": ""C0-78"", ""duration"": 8.558447297196428, ""distance_m"": 10.270136756635713, ""speed_factor"": 1.0, ""congestion_count"": 0, ""from_x"": 151.906, ""from_y"": -103.332, ""to_x"": 151.853, ""to_y"": -93.062, ""from_floor"": 0, ""to_floor"": 0}",,,,0.0,,,False,,,{}
AMR-B-2,RETURN-AMR-B-2-15,corridor,2026-01-06 13:13:33,2026-01-06 13:13:40,C0-78,C0-9,,,151.853,-93.062,0,151.815,-84.679,0,completed,461613.745,2026-01-06 13:13:33,segment_corridor,,,,[],[],[],0,0,,C0-78,C0-9,,6.986,0.0,8.383,0.0,0.0,"{""type"": ""corridor"", ""from"": ""C0-78"", ""to"": ""C0-9"", ""duration"": 6.9859051052021055, ""distance_m"": 8.383086126242526, ""speed_factor"": 1.0, ""congestion_count"": 0, ""from_x"": 151.853, ""from_y"": -93.062, ""to_x"": 151.815, ""to_y"": -84.679, ""from_floor"": 0, ""to_floor"": 0}",,,,0.0,,,False,,,{}
AMR-B-2,RETURN-AMR-B-2-15,corridor,2026-01-06 13:13:40,2026-01-06 13:13:50,C0-9,C0-23,,,151.815,-84.679,0,140.608,-84.673,0,completed,461620.731,2026-01-06 13:13:40,segment_corridor,,,,[],[],[],0,0,,C0-9,C0-23,,9.339,0.0,11.207,0.0,0.0,"{""type"": ""corridor"", ""from"": ""C0-9"", ""to"": ""C0-23"", ""duration"": 9.33916800511575, ""distance_m"": 11.207001606138899, ""speed_factor"": 1.0, ""congestion_count"": 0, ""from_x"": 151.815, ""from_y"": -84.679, ""to_x"": 140.608, ""to_y"": -84.673, ""from_floor"": 0, ""to_floor"": 0}",,,,0.0,,,False,,,{}
AMR-B-2,RETURN-AMR-B-2-15,corridor,2026-01-06 13:13:50,2026-01-06 13:13:53,C0-23,Lift-4-F0,,,140.608,-84.673,0,140.605,-89.055,0,completed,461630.071,2026-01-06 13:13:50,segment_corridor,,,,[],[],[],0,0,,C0-23,Lift-4-F0,,3.652,0.0,4.382,0.0,0.0,"{""type"": ""corridor"", ""from"": ""C0-23"", ""to"": ""Lift-4-F0"", ""duration"": 3.6516675224401896, ""distance_m"": 4.3820010269282275, ""speed_factor"": 1.0, ""congestion_count"": 0, ""from_x"": 140.608, ""from_y"": -84.673, ""to_x"": 140.605, ""to_y"": -89.055, ""from_floor"": 0, ""to_floor"": 0}",,,,0.0,,,False,,,{}
AMR-B-2,RETURN-AMR-B-2-15,lift_transfer,2026-01-06 13:13:53,2026-01-06 13:14:18,Lift-4-F0,Lift-4-F2,,,140.605,-89.055,0,140.605,-89.055,2,completed,461633.722,2026-01-06 13:13:53,segment_lift_transfer,,,,[],[],[],0,0,,Lift-4-F0,Lift-4-F2,Lift-4,24.444,0.0,8.0,0.021564102564102565,0.0,"{""type"": ""lift_transfer"", ""lift_id"": ""Lift-4"", ""from"": ""Lift-4-F0"", ""to"": ""Lift-4-F2"", ""from_floor"": 0, ""to_floor"": 2, ""wait_time"": 0.0, ""duration"": 24.444444444437977, ""distance_m"": 8.0, ""vertical_distance_m"": 8.0, ""energy_kwh"": 0.021564102564102565, ""from_x"": 140.605, ""from_y"": -89.055, ""to_x"": 140.605, ""to_y"": -89.055}",,,,0.0,,,False,,,{}
AMR-B-2,RETURN-AMR-B-2-15,corridor,2026-01-06 13:14:18,2026-01-06 13:14:21,Lift-4-F2,C2-12,,,140.605,-89.055,2,140.54,-85.162,2,completed,461658.167,2026-01-06 13:14:18,segment_corridor,,,,[],[],[],0,0,,Lift-4-F2,C2-12,,3.245,0.0,3.894,0.0,0.0,"{""type"": ""corridor"", ""from"": ""Lift-4-F2"", ""to"": ""C2-12"", ""duration"": 3.24461883568608, ""distance_m"": 3.893542602823296, ""speed_factor"": 1.0, ""congestion_count"": 0, ""from_x"": 140.605, ""from_y"": -89.055, ""to_x"": 140.54, ""to_y"": -85.162, ""from_floor"": 2, ""to_floor"": 2}",,,,0.0,,,False,,,{}
AMR-B-2,RETURN-AMR-B-2-15,corridor,2026-01-06 13:14:21,2026-01-06 13:14:26,C2-12,C2-22,,,140.54,-85.162,2,146.298,-84.823,2,completed,461661.411,2026-01-06 13:14:21,segment_corridor,,,,[],[],[],0,0,,C2-12,C2-22,,4.807,0.0,5.768,0.0,0.0,"{""type"": ""corridor"", ""from"": ""C2-12"", ""to"": ""C2-22"", ""duration"": 4.806642178046736, ""distance_m"": 5.767970613656082, ""speed_factor"": 1.0, ""congestion_count"": 0, ""from_x"": 140.54, ""from_y"": -85.162, ""to_x"": 146.298, ""to_y"": -84.823, ""from_floor"": 2, ""to_floor"": 2}",,,,0.0,,,False,,,{}
AMR-B-2,RETURN-AMR-B-2-15,corridor,2026-01-06 13:14:26,2026-01-06 13:14:30,C2-22,C2-10,,,146.298,-84.823,2,151.747,-84.823,2,completed,461666.218,2026-01-06 13:14:26,segment_corridor,,,,[],[],[],0,0,,C2-22,C2-10,,4.541,0.0,5.449,0.0,0.0,"{""type"": ""corridor"", ""from"": ""C2-22"", ""to"": ""C2-10"", ""duration"": 4.540833333333344, ""distance_m"": 5.449000000000012, ""speed_factor"": 1.0, ""congestion_count"": 0, ""from_x"": 146.298, ""from_y"": -84.823, ""to_x"": 151.747, ""to_y"": -84.823, ""from_floor"": 2, ""to_floor"": 2}",,,,0.0,,,False,,,{}
AMR-B-2,RETURN-AMR-B-2-15,corridor,2026-01-06 13:14:30,2026-01-06 13:14:35,C2-10,C2-11,,,151.747,-84.823,2,157.38,-84.803,2,completed,461670.759,2026-01-06 13:14:30,segment_corridor,,,,[],[],[],0,0,,C2-10,C2-11,,4.694,0.0,5.633,0.0,0.0,"{""type"": ""corridor"", ""from"": ""C2-10"", ""to"": ""C2-11"", ""duration"": 4.694196254122965, ""distance_m"": 5.633035504947558, ""speed_factor"": 1.0, ""congestion_count"": 0, ""from_x"": 151.747, ""from_y"": -84.823, ""to_x"": 157.38, ""to_y"": -84.803, ""from_floor"": 2, ""to_floor"": 2}",,,,0.0,,,False,,,{}
AMR-B-2,RETURN-AMR-B-2-15,corridor,2026-01-06 13:14:35,2026-01-06 13:14:38,C2-11,AMR-CENTRE,,,157.38,-84.803,2,157.36,-81.619,2,completed,461675.453,2026-01-06 13:14:35,segment_corridor,,,,[],[],[],0,0,,C2-11,AMR-CENTRE,,2.653,0.0,3.184,0.0,0.0,"{""type"": ""corridor"", ""from"": ""C2-11"", ""to"": ""AMR-CENTRE"", ""duration"": 2.6533856778756353, ""distance_m"": 3.1840628134507623, ""speed_factor"": 1.0, ""congestion_count"": 0, ""from_x"": 157.38, ""from_y"": -84.803, ""to_x"": 157.36, ""to_y"": -81.619, ""from_floor"": 2, ""to_floor"": 2}",,,,0.0,,,False,,,{}
AMR-B-2,RETURN-AMR-B-2-15,dropoff,2026-01-06 13:14:38,2026-01-06 13:14:58,,,,,,,,,,,completed,461678.106,2026-01-06 13:14:38,segment_dropoff,,,,[],[],[],0,0,,D4-WASTE,AMR-CENTRE,,20.0,0.0,0.0,0.0,0.0,"{""type"": ""dropoff"", ""location"": ""AMR-CENTRE"", ""duration"": 20.0, ""inventory_space"": """", ""from_x"": null, ""from_y"": null, ""to_x"": null, ""to_y"": null, ""from_floor"": null, ""to_floor"": null}",,,,0.0,,,False,,,{}
AMR-B-2,RETURN-AMR-B-2-15,,2026-01-06 13:14:58,2026-01-06 13:14:58,,,,,,,,,,,finish,461698.106,2026-01-06 13:14:58,task_complete,,,,[],[],[],0,0,,D4-WASTE,AMR-CENTRE,,0.0,0.0,0.0,0.0,0.0,Task RETURN-AMR-B-2-15 completed,,,,0.0,,,False,,,{}
,GEN_WASTE_D4_00006,,2026-01-07 05:00:00,2026-01-07 05:00:00,D4-WASTE,D47-WASTE,,,139.696,-153.083,0,176.0,12.0,0,generated,518400.0,2026-01-07 05:00:00,task_generated,Clinical Waste Bin,Clinical_Waste_Bin-shared_OPD_SET_1-000001,,[],[],[],0,0,,D4-WASTE,D47-WASTE,,0.0,0.0,0.0,0.0,0.0,Generated threshold waste task,department_waste,D4,Clinical,0.616,Clinical Waste Bin,,False,,,{}
AMR-B-1,GEN_WASTE_D4_00006,,2026-01-07 05:00:00,2026-01-07 05:00:01,,,AMR-CENTRE,D47-WASTE,,,,,,,start,518400.0,2026-01-07 05:00:00,task_assigned,Clinical Waste Bin,Clinical_Waste_Bin-shared_OPD_SET_1-000001,,[],[],[],0,0,,D4-WASTE,D47-WASTE,,0.0,0.0,0.0,0.0,341.729,Assigned task to AMR-B-1,department_waste,D4,Clinical,0.616,Clinical Waste Bin,,False,,,{}
AMR-B-1,GEN_WASTE_D4_00006,corridor,2026-01-07 05:00:00,2026-01-07 05:00:02,AMR-CENTRE,C2-11,,,157.36,-81.619,2,157.38,-84.803,2,completed,518400.0,2026-01-07 05:00:00,segment_corridor,,,,[],[],[],0,0,,AMR-CENTRE,C2-11,,2.653,0.0,3.184,0.0,0.0,"{""type"": ""corridor"", ""from"": ""AMR-CENTRE"", ""to"": ""C2-11"", ""duration"": 2.6533856778756353, ""distance_m"": 3.1840628134507623, ""speed_factor"": 1.0, ""congestion_count"": 0, ""from_x"": 157.36, ""from_y"": -81.619, ""to_x"": 157.38, ""to_y"": -84.803, ""from_floor"": 2, ""to_floor"": 2}",,,,0.0,,,False,,,{}
AMR-B-1,GEN_WASTE_D4_00006,corridor,2026-01-07 05:00:02,2026-01-07 05:00:07,C2-11,C2-10,,,157.38,-84.803,2,151.747,-84.823,2,completed,518402.653,2026-01-07 05:00:02,segment_corridor,,,,[],[],[],0,0,,C2-11,C2-10,,4.694,0.0,5.633,0.0,0.0,"{""type"": ""corridor"", ""from"": ""C2-11"", ""to"": ""C2-10"", ""duration"": 4.694196254122965, ""distance_m"": 5.633035504947558, ""speed_factor"": 1.0, ""congestion_count"": 0, ""from_x"": 157.38, ""from_y"": -84.803, ""to_x"": 151.747, ""to_y"": -84.823, ""from_floor"": 2, ""to_floor"": 2}",,,,0.0,,,False,,,{}
AMR-B-1,GEN_WASTE_D4_00006,corridor,2026-01-07 05:00:07,2026-01-07 05:00:11,C2-10,C2-22,,,151.747,-84.823,2,146.298,-84.823,2,completed,518407.348,2026-01-07 05:00:07,segment_corridor,,,,[],[],[],0,0,,C2-10,C2-22,,4.541,0.0,5.449,0.0,0.0,"{""type"": ""corridor"", ""from"": ""C2-10"", ""to"": ""C2-22"", ""duration"": 4.540833333333344, ""distance_m"": 5.449000000000012, ""speed_factor"": 1.0, ""congestion_count"": 0, ""from_x"": 151.747, ""from_y"": -84.823, ""to_x"": 146.298, ""to_y"": -84.823, ""from_floor"": 2, ""to_floor"": 2}",,,,0.0,,,False,,,{}
AMR-B-1,GEN_WASTE_D4_00006,corridor,2026-01-07 05:00:11,2026-01-07 05:00:16,C2-22,C2-12,,,146.298,-84.823,2,140.54,-85.162,2,completed,518411.888,2026-01-07 05:00:11,segment_corridor,,,,[],[],[],0,0,,C2-22,C2-12,,4.807,0.0,5.768,0.0,0.0,"{""type"": ""corridor"", ""from"": ""C2-22"", ""to"": ""C2-12"", ""duration"": 4.806642178046736, ""distance_m"": 5.767970613656082, ""speed_factor"": 1.0, ""congestion_count"": 0, ""from_x"": 146.298, ""from_y"": -84.823, ""to_x"": 140.54, ""to_y"": -85.162, ""from_floor"": 2, ""to_floor"": 2}",,,,0.0,,,False,,,{}
AMR-B-1,GEN_WASTE_D4_00006,corridor,2026-01-07 05:00:16,2026-01-07 05:00:19,C2-12,Lift-2-F2,,,140.54,-85.162,2,140.476,-81.715,2,completed,518416.695,2026-01-07 05:00:16,segment_corridor,,,,[],[],[],0,0,,C2-12,Lift-2-F2,,2.873,0.0,3.448,0.0,0.0,"{""type"": ""corridor"", ""from"": ""C2-12"", ""to"": ""Lift-2-F2"", ""duration"": 2.8729950738635908, ""distance_m"": 3.4475940886363086, ""speed_factor"": 1.0, ""congestion_count"": 0, ""from_x"": 140.54, ""from_y"": -85.162, ""to_x"": 140.476, ""to_y"": -81.715, ""from_floor"": 2, ""to_floor"": 2}",,,,0.0,,,False,,,{}
AMR-B-1,GEN_WASTE_D4_00006,lift_transfer,2026-01-07 05:00:19,2026-01-07 05:00:44,Lift-2-F2,Lift-2-F0,,,140.476,-81.715,2,140.476,-81.715,0,completed,518419.568,2026-01-07 05:00:19,segment_lift_transfer,,,,[],[],[],0,0,,Lift-2-F2,Lift-2-F0,Lift-2,24.444,0.0,8.0,0.02086538461538462,0.0,"{""type"": ""lift_transfer"", ""lift_id"": ""Lift-2"", ""from"": ""Lift-2-F2"", ""to"": ""Lift-2-F0"", ""from_floor"": 2, ""to_floor"": 0, ""wait_time"": 0.0, ""duration"": 24.444444444437977, ""distance_m"": 8.0, ""vertical_distance_m"": 8.0, ""energy_kwh"": 0.02086538461538462, ""from_x"": 140.476, ""from_y"": -81.715, ""to_x"": 140.476, ""to_y"": -81.715}",,,,0.0,,,False,,,{}
AMR-B-1,GEN_WASTE_D4_00006,corridor,2026-01-07 05:00:44,2026-01-07 05:00:46,Lift-2-F0,C0-23,,,140.476,-81.715,0,140.608,-84.673,0,completed,518444.012,2026-01-07 05:00:44,segment_corridor,,,,[],[],[],0,0,,Lift-2-F0,C0-23,,2.467,0.0,2.961,0.0,0.0,"{""type"": ""corridor"", ""from"": ""Lift-2-F0"", ""to"": ""C0-23"", ""duration"": 2.4674531403858504, ""distance_m"": 2.96094376846302, ""speed_factor"": 1.0, ""congestion_count"": 0, ""from_x"": 140.476, ""from_y"": -81.715, ""to_x"": 140.608, ""to_y"": -84.673, ""from_floor"": 0, ""to_floor"": 0}",,,,0.0,,,False,,,{}
AMR-B-1,GEN_WASTE_D4_00006,corridor,2026-01-07 05:00:46,2026-01-07 05:00:55,C0-23,C0-9,,,140.608,-84.673,0,151.815,-84.679,0,completed,518446.48,2026-01-07 05:00:46,segment_corridor,,,,[],[],[],0,0,,C0-23,C0-9,,9.339,0.0,11.207,0.0,0.0,"{""type"": ""corridor"", ""from"": ""C0-23"", ""to"": ""C0-9"", ""duration"": 9.33916800511575, ""distance_m"": 11.207001606138899, ""speed_factor"": 1.0, ""congestion_count"": 0, ""from_x"": 140.608, ""from_y"": -84.673, ""to_x"": 151.815, ""to_y"": -84.679, ""from_floor"": 0, ""to_floor"": 0}",,,,0.0,,,False,,,{}
AMR-B-1,GEN_WASTE_D4_00006,corridor,2026-01-07 05:00:55,2026-01-07 05:01:02,C0-9,C0-78,,,151.815,-84.679,0,151.853,-93.062,0,completed,518455.819,2026-01-07 05:00:55,segment_corridor,,,,[],[],[],0,0,,C0-9,C0-78,,6.986,0.0,8.383,0.0,0.0,"{""type"": ""corridor"", ""from"": ""C0-9"", ""to"": ""C0-78"", ""duration"": 6.9859051052021055, ""distance_m"": 8.383086126242526, ""speed_factor"": 1.0, ""congestion_count"": 0, ""from_x"": 151.815, ""from_y"": -84.679, ""to_x"": 151.853, ""to_y"": -93.062, ""from_floor"": 0, ""to_floor"": 0}",,,,0.0,,,False,,,{}
AMR-B-1,GEN_WASTE_D4_00006,corridor,2026-01-07 05:01:02,2026-01-07 05:01:11,C0-78,C0-10,,,151.853,-93.062,0,151.906,-103.332,0,completed,518462.805,2026-01-07 05:01:02,segment_corridor,,,,[],[],[],0,0,,C0-78,C0-10,,8.558,0.0,10.27,0.0,0.0,"{""type"": ""corridor"", ""from"": ""C0-78"", ""to"": ""C0-10"", ""duration"": 8.558447297196428, ""distance_m"": 10.270136756635713, ""speed_factor"": 1.0, ""congestion_count"": 0, ""from_x"": 151.853, ""from_y"": -93.062, ""to_x"": 151.906, ""to_y"": -103.332, ""from_floor"": 0, ""to_floor"": 0}",,,,0.0,,,False,,,{}
AMR-B-1,GEN_WASTE_D4_00006,corridor,2026-01-07 05:01:11,2026-01-07 05:01:17,C0-10,C0-107,,,151.906,-103.332,0,151.875,-110.231,0,completed,518471.363,2026-01-07 05:01:11,segment_corridor,,,,[],[],[],0,0,,C0-10,C0-107,,5.749,0.0,6.899,0.0,0.0,"{""type"": ""corridor"", ""from"": ""C0-10"", ""to"": ""C0-107"", ""duration"": 5.749224706186238, ""distance_m"": 6.899069647423485, ""speed_factor"": 1.0, ""congestion_count"": 0, ""from_x"": 151.906, ""from_y"": -103.332, ""to_x"": 151.875, ""to_y"": -110.231, ""from_floor"": 0, ""to_floor"": 0}",,,,0.0,,,False,,,{}
AMR-B-1,GEN_WASTE_D4_00006,corridor,2026-01-07 05:01:17,2026-01-07 05:01:24,C0-107,C0-82,,,151.875,-110.231,0,151.957,-118.723,0,completed,518477.113,2026-01-07 05:01:17,segment_corridor,,,,[],[],[],0,0,,C0-107,C0-82,,7.077,0.0,8.492,0.0,0.0,"{""type"": ""corridor"", ""from"": ""C0-107"", ""to"": ""C0-82"", ""duration"": 7.076996577331065, ""distance_m"": 8.492395892797278, ""speed_factor"": 1.0, ""congestion_count"": 0, ""from_x"": 151.875, ""from_y"": -110.231, ""to_x"": 151.957, ""to_y"": -118.723, ""from_floor"": 0, ""to_floor"": 0}",,,,0.0,,,False,,,{}
AMR-B-1,GEN_WASTE_D4_00006,corridor,2026-01-07 05:01:24,2026-01-07 05:01:27,C0-82,C0-12,,,151.957,-118.723,0,151.969,-122.524,0,completed,518484.19,2026-01-07 05:01:24,segment_corridor,,,,[],[],[],0,0,,C0-82,C0-12,,3.168,0.0,3.801,0.0,0.0,"{""type"": ""corridor"", ""from"": ""C0-82"", ""to"": ""C0-12"", ""duration"": 3.167515785280321, ""distance_m"": 3.8010189423363854, ""speed_factor"": 1.0, ""congestion_count"": 0, ""from_x"": 151.957, ""from_y"": -118.723, ""to_x"": 151.969, ""to_y"": -122.524, ""from_floor"": 0, ""to_floor"": 0}",,,,0.0,,,False,,,{}
AMR-B-1,GEN_WASTE_D4_00006,corridor,2026-01-07 05:01:27,2026-01-07 05:01:35,C0-12,C0-13,,,151.969,-122.524,0,151.939,-132.199,0,completed,518487.357,2026-01-07 05:01:27,segment_corridor,,,,[],[],[],0,0,,C0-12,C0-13,,8.063,0.0,9.675,0.0,0.0,"{""type"": ""corridor"", ""from"": ""C0-12"", ""to"": ""C0-13"", ""duration"": 8.062538759596766, ""distance_m"": 9.675046511516118, ""speed_factor"": 1.0, ""congestion_count"": 0, ""from_x"": 151.969, ""from_y"": -122.524, ""to_x"": 151.939, ""to_y"": -132.199, ""from_floor"": 0, ""to_floor"": 0}",,,,0.0,,,False,,,{}
AMR-B-1,GEN_WASTE_D4_00006,corridor,2026-01-07 05:01:35,2026-01-07 05:01:43,C0-13,C0-14,,,151.939,-132.199,0,142.333,-132.392,0,completed,518495.42,2026-01-07 05:01:35,segment_corridor,,,,[],[],[],0,0,,C0-13,C0-14,,8.007,0.0,9.608,0.0,0.0,"{""type"": ""corridor"", ""from"": ""C0-13"", ""to"": ""C0-14"", ""duration"": 8.006615537236133, ""distance_m"": 9.607938644683358, ""speed_factor"": 1.0, ""congestion_count"": 0, ""from_x"": 151.939, ""from_y"": -132.199, ""to_x"": 142.333, ""to_y"": -132.392, ""from_floor"": 0, ""to_floor"": 0}",,,,0.0,,,False,,,{}
AMR-B-1,GEN_WASTE_D4_00006,corridor,2026-01-07 05:01:43,2026-01-07 05:01:46,C0-14,C0-15,,,142.333,-132.392,0,142.311,-135.582,0,completed,518503.426,2026-01-07 05:01:43,segment_corridor,,,,[],[],[],0,0,,C0-14,C0-15,,2.658,0.0,3.19,0.0,0.0,"{""type"": ""corridor"", ""from"": ""C0-14"", ""to"": ""C0-15"", ""duration"": 2.6583965509724488, ""distance_m"": 3.1900758611669384, ""speed_factor"": 1.0, ""congestion_count"": 0, ""from_x"": 142.333, ""from_y"": -132.392, ""to_x"": 142.311, ""to_y"": -135.582, ""from_floor"": 0, ""to_floor"": 0}",,,,0.0,,,False,,,{}
AMR-B-1,GEN_WASTE_D4_00006,corridor,2026-01-07 05:01:46,2026-01-07 05:01:48,C0-15,C0-44,,,142.311,-135.582,0,142.385,-138.767,0,completed,518506.085,2026-01-07 05:01:46,segment_corridor,,,,[],[],[],0,0,,C0-15,C0-44,,2.655,0.0,3.186,0.0,0.0,"{""type"": ""corridor"", ""from"": ""C0-15"", ""to"": ""C0-44"", ""duration"": 2.6548829488740613, ""distance_m"": 3.1858595386488733, ""speed_factor"": 1.0, ""congestion_count"": 0, ""from_x"": 142.311, ""from_y"": -135.582, ""to_x"": 142.385, ""to_y"": -138.767, ""from_floor"": 0, ""to_floor"": 0}",,,,0.0,,,False,,,{}
AMR-B-1,GEN_WASTE_D4_00006,corridor,2026-01-07 05:01:48,2026-01-07 05:01:55,C0-44,C0-45,,,142.385,-138.767,0,142.637,-146.743,0,completed,518508.74,2026-01-07 05:01:48,segment_corridor,,,,[],[],[],0,0,,C0-44,C0-45,,6.65,0.0,7.98,0.0,0.0,"{""type"": ""corridor"", ""from"": ""C0-44"", ""to"": ""C0-45"", ""duration"": 6.649983291541249, ""distance_m"": 7.979979949849498, ""speed_factor"": 1.0, ""congestion_count"": 0, ""from_x"": 142.385, ""from_y"": -138.767, ""to_x"": 142.637, ""to_y"": -146.743, ""from_floor"": 0, ""to_floor"": 0}",,,,0.0,,,False,,,{}
AMR-B-1,GEN_WASTE_D4_00006,corridor,2026-01-07 05:01:55,2026-01-07 05:01:58,C0-45,C0-16,,,142.637,-146.743,0,142.744,-150.046,0,completed,518515.39,2026-01-07 05:01:55,segment_corridor,,,,[],[],[],0,0,,C0-45,C0-16,,2.754,0.0,3.305,0.0,0.0,"{""type"": ""corridor"", ""from"": ""C0-45"", ""to"": ""C0-16"", ""duration"": 2.7539438891241836, ""distance_m"": 3.30473266694902, ""speed_factor"": 1.0, ""congestion_count"": 0, ""from_x"": 142.637, ""from_y"": -146.743, ""to_x"": 142.744, ""to_y"": -150.046, ""from_floor"": 0, ""to_floor"": 0}",,,,0.0,,,False,,,{}
AMR-B-1,GEN_WASTE_D4_00006,corridor,2026-01-07 05:01:58,2026-01-07 05:02:00,C0-16,C0-17,,,142.744,-150.046,0,139.652,-150.053,0,completed,518518.144,2026-01-07 05:01:58,segment_corridor,,,,[],[],[],0,0,,C0-16,C0-17,,2.577,0.0,3.092,0.0,0.0,"{""type"": ""corridor"", ""from"": ""C0-16"", ""to"": ""C0-17"", ""duration"": 2.5766732697198815, ""distance_m"": 3.0920079236638576, ""speed_factor"": 1.0, ""congestion_count"": 0, ""from_x"": 142.744, ""from_y"": -150.046, ""to_x"": 139.652, ""to_y"": -150.053, ""from_floor"": 0, ""to_floor"": 0}",,,,0.0,,,False,,,{}
AMR-B-1,GEN_WASTE_D4_00006,corridor,2026-01-07 05:02:00,2026-01-07 05:02:03,C0-17,D4-WASTE,,,139.652,-150.053,0,139.696,-153.083,0,completed,518520.72,2026-01-07 05:02:00,segment_corridor,,,,[],[],[],0,0,,C0-17,D4-WASTE,,2.525,0.0,3.03,0.0,0.0,"{""type"": ""corridor"", ""from"": ""C0-17"", ""to"": ""D4-WASTE"", ""duration"": 2.5252662125891696, ""distance_m"": 3.0303194551070036, ""speed_factor"": 1.0, ""congestion_count"": 0, ""from_x"": 139.652, ""from_y"": -150.053, ""to_x"": 139.696, ""to_y"": -153.083, ""from_floor"": 0, ""to_floor"": 0}",,,,0.0,,,False,,,{}
AMR-B-1,GEN_WASTE_D4_00006,pickup,2026-01-07 05:02:03,2026-01-07 05:02:23,,,,,,,,,,,completed,518523.246,2026-01-07 05:02:03,segment_pickup,Clinical Waste Bin,Clinical_Waste_Bin-shared_OPD_SET_1-000001,,[],[],[],0,0,,D4-WASTE,D47-WASTE,,20.0,0.0,0.0,0.0,0.0,"{""type"": ""pickup"", ""location"": ""D4-WASTE"", ""duration"": 20.0, ""from_x"": null, ""from_y"": null, ""to_x"": null, ""to_y"": null, ""from_floor"": null, ""to_floor"": null}",,,,0.0,,,False,,,{}
AMR-B-1,GEN_WASTE_D4_00006,corridor,2026-01-07 05:02:23,2026-01-07 05:02:26,D4-WASTE,C0-17,,,139.696,-153.083,0,139.652,-150.053,0,completed,518543.246,2026-01-07 05:02:23,segment_corridor,Clinical Waste Bin,Clinical_Waste_Bin-shared_OPD_SET_1-000001,,[],[],[],0,0,,D4-WASTE,C0-17,,2.971,0.0,3.03,0.0,0.0,"{""type"": ""corridor"", ""from"": ""D4-WASTE"", ""to"": ""C0-17"", ""duration"": 2.9709014265754936, ""distance_m"": 3.0303194551070036, ""speed_factor"": 0.85, ""congestion_count"": 1, ""from_x"": 139.696, ""from_y"": -153.083, ""to_x"": 139.652, ""to_y"": -150.053, ""from_floor"": 0, ""to_floor"": 0}",,,,0.0,,,False,,,{}
AMR-B-1,GEN_WASTE_D4_00006,corridor,2026-01-07 05:02:26,2026-01-07 05:02:29,C0-17,C0-16,,,139.652,-150.053,0,142.744,-150.046,0,completed,518546.216,2026-01-07 05:02:26,segment_corridor,Clinical Waste Bin,Clinical_Waste_Bin-shared_OPD_SET_1-000001,,[],[],[],0,0,,C0-17,C0-16,,3.031,0.0,3.092,0.0,0.0,"{""type"": ""corridor"", ""from"": ""C0-17"", ""to"": ""C0-16"", ""duration"": 3.031380317317508, ""distance_m"": 3.0920079236638576, ""speed_factor"": 0.85, ""congestion_count"": 1, ""from_x"": 139.652, ""from_y"": -150.053, ""to_x"": 142.744, ""to_y"": -150.046, ""from_floor"": 0, ""to_floor"": 0}",,,,0.0,,,False,,,{}
AMR-B-1,GEN_WASTE_D4_00006,corridor,2026-01-07 05:02:29,2026-01-07 05:02:32,C0-16,C0-45,,,142.744,-150.046,0,142.637,-146.743,0,completed,518549.248,2026-01-07 05:02:29,segment_corridor,Clinical Waste Bin,Clinical_Waste_Bin-shared_OPD_SET_1-000001,,[],[],[],0,0,,C0-16,C0-45,,2.754,0.0,3.305,0.0,0.0,"{""type"": ""corridor"", ""from"": ""C0-16"", ""to"": ""C0-45"", ""duration"": 2.7539438891241836, ""distance_m"": 3.30473266694902, ""speed_factor"": 1.0, ""congestion_count"": 0, ""from_x"": 142.744, ""from_y"": -150.046, ""to_x"": 142.637, ""to_y"": -146.743, ""from_floor"": 0, ""to_floor"": 0}",,,,0.0,,,False,,,{}
AMR-B-1,GEN_WASTE_D4_00006,corridor,2026-01-07 05:02:32,2026-01-07 05:02:38,C0-45,C0-44,,,142.637,-146.743,0,142.385,-138.767,0,completed,518552.002,2026-01-07 05:02:32,segment_corridor,Clinical Waste Bin,Clinical_Waste_Bin-shared_OPD_SET_1-000001,,[],[],[],0,0,,C0-45,C0-44,,6.65,0.0,7.98,0.0,0.0,"{""type"": ""corridor"", ""from"": ""C0-45"", ""to"": ""C0-44"", ""duration"": 6.649983291541249, ""distance_m"": 7.979979949849498, ""speed_factor"": 1.0, ""congestion_count"": 0, ""from_x"": 142.637, ""from_y"": -146.743, ""to_x"": 142.385, ""to_y"": -138.767, ""from_floor"": 0, ""to_floor"": 0}",,,,0.0,,,False,,,{}
AMR-B-1,GEN_WASTE_D4_00006,corridor,2026-01-07 05:02:38,2026-01-07 05:02:41,C0-44,C0-15,,,142.385,-138.767,0,142.311,-135.582,0,completed,518558.652,2026-01-07 05:02:38,segment_corridor,Clinical Waste Bin,Clinical_Waste_Bin-shared_OPD_SET_1-000001,,[],[],[],0,0,,C0-44,C0-15,,2.655,0.0,3.186,0.0,0.0,"{""type"": ""corridor"", ""from"": ""C0-44"", ""to"": ""C0-15"", ""duration"": 2.6548829488740613, ""distance_m"": 3.1858595386488733, ""speed_factor"": 1.0, ""congestion_count"": 0, ""from_x"": 142.385, ""from_y"": -138.767, ""to_x"": 142.311, ""to_y"": -135.582, ""from_floor"": 0, ""to_floor"": 0}",,,,0.0,,,False,,,{}
AMR-B-1,GEN_WASTE_D4_00006,corridor,2026-01-07 05:02:41,2026-01-07 05:02:43,C0-15,C0-14,,,142.311,-135.582,0,142.333,-132.392,0,completed,518561.307,2026-01-07 05:02:41,segment_corridor,Clinical Waste Bin,Clinical_Waste_Bin-shared_OPD_SET_1-000001,,[],[],[],0,0,,C0-15,C0-14,,2.658,0.0,3.19,0.0,0.0,"{""type"": ""corridor"", ""from"": ""C0-15"", ""to"": ""C0-14"", ""duration"": 2.6583965509724488, ""distance_m"": 3.1900758611669384, ""speed_factor"": 1.0, ""congestion_count"": 0, ""from_x"": 142.311, ""from_y"": -135.582, ""to_x"": 142.333, ""to_y"": -132.392, ""from_floor"": 0, ""to_floor"": 0}",,,,0.0,,,False,,,{}
AMR-B-1,GEN_WASTE_D4_00006,corridor,2026-01-07 05:02:43,2026-01-07 05:02:51,C0-14,C0-13,,,142.333,-132.392,0,151.939,-132.199,0,completed,518563.965,2026-01-07 05:02:43,segment_corridor,Clinical Waste Bin,Clinical_Waste_Bin-shared_OPD_SET_1-000001,,[],[],[],0,0,,C0-14,C0-13,,8.007,0.0,9.608,0.0,0.0,"{""type"": ""corridor"", ""from"": ""C0-14"", ""to"": ""C0-13"", ""duration"": 8.006615537236133, ""distance_m"": 9.607938644683358, ""speed_factor"": 1.0, ""congestion_count"": 0, ""from_x"": 142.333, ""from_y"": -132.392, ""to_x"": 151.939, ""to_y"": -132.199, ""from_floor"": 0, ""to_floor"": 0}",,,,0.0,,,False,,,{}
AMR-B-1,GEN_WASTE_D4_00006,corridor,2026-01-07 05:02:51,2026-01-07 05:03:00,C0-13,C0-12,,,151.939,-132.199,0,151.969,-122.524,0,completed,518571.972,2026-01-07 05:02:51,segment_corridor,Clinical Waste Bin,Clinical_Waste_Bin-shared_OPD_SET_1-000001,,[],[],[],0,0,,C0-13,C0-12,,8.063,0.0,9.675,0.0,0.0,"{""type"": ""corridor"", ""from"": ""C0-13"", ""to"": ""C0-12"", ""duration"": 8.062538759596766, ""distance_m"": 9.675046511516118, ""speed_factor"": 1.0, ""congestion_count"": 0, ""from_x"": 151.939, ""from_y"": -132.199, ""to_x"": 151.969, ""to_y"": -122.524, ""from_floor"": 0, ""to_floor"": 0}",,,,0.0,,,False,,,{}
AMR-B-1,GEN_WASTE_D4_00006,corridor,2026-01-07 05:03:00,2026-01-07 05:03:03,C0-12,C0-82,,,151.969,-122.524,0,151.957,-118.723,0,completed,518580.034,2026-01-07 05:03:00,segment_corridor,Clinical Waste Bin,Clinical_Waste_Bin-shared_OPD_SET_1-000001,,[],[],[],0,0,,C0-12,C0-82,,3.168,0.0,3.801,0.0,0.0,"{""type"": ""corridor"", ""from"": ""C0-12"", ""to"": ""C0-82"", ""duration"": 3.167515785280321, ""distance_m"": 3.8010189423363854, ""speed_factor"": 1.0, ""congestion_count"": 0, ""from_x"": 151.969, ""from_y"": -122.524, ""to_x"": 151.957, ""to_y"": -118.723, ""from_floor"": 0, ""to_floor"": 0}",,,,0.0,,,False,,,{}
AMR-B-1,GEN_WASTE_D4_00006,corridor,2026-01-07 05:03:03,2026-01-07 05:03:10,C0-82,C0-107,,,151.957,-118.723,0,151.875,-110.231,0,completed,518583.202,2026-01-07 05:03:03,segment_corridor,Clinical Waste Bin,Clinical_Waste_Bin-shared_OPD_SET_1-000001,,[],[],[],0,0,,C0-82,C0-107,,7.077,0.0,8.492,0.0,0.0,"{""type"": ""corridor"", ""from"": ""C0-82"", ""to"": ""C0-107"", ""duration"": 7.076996577331065, ""distance_m"": 8.492395892797278, ""speed_factor"": 1.0, ""congestion_count"": 0, ""from_x"": 151.957, ""from_y"": -118.723, ""to_x"": 151.875, ""to_y"": -110.231, ""from_floor"": 0, ""to_floor"": 0}",,,,0.0,,,False,,,{}
AMR-B-1,GEN_WASTE_D4_00006,corridor,2026-01-07 05:03:10,2026-01-07 05:03:16,C0-107,C0-10,,,151.875,-110.231,0,151.906,-103.332,0,completed,518590.279,2026-01-07 05:03:10,segment_corridor,Clinical Waste Bin,Clinical_Waste_Bin-shared_OPD_SET_1-000001,,[],[],[],0,0,,C0-107,C0-10,,5.749,0.0,6.899,0.0,0.0,"{""type"": ""corridor"", ""from"": ""C0-107"", ""to"": ""C0-10"", ""duration"": 5.749224706186238, ""distance_m"": 6.899069647423485, ""speed_factor"": 1.0, ""congestion_count"": 0, ""from_x"": 151.875, ""from_y"": -110.231, ""to_x"": 151.906, ""to_y"": -103.332, ""from_floor"": 0, ""to_floor"": 0}",,,,0.0,,,False,,,{}
AMR-B-1,GEN_WASTE_D4_00006,corridor,2026-01-07 05:03:16,2026-01-07 05:03:24,C0-10,C0-78,,,151.906,-103.332,0,151.853,-93.062,0,completed,518596.028,2026-01-07 05:03:16,segment_corridor,Clinical Waste Bin,Clinical_Waste_Bin-shared_OPD_SET_1-000001,,[],[],[],0,0,,C0-10,C0-78,,8.558,0.0,10.27,0.0,0.0,"{""type"": ""corridor"", ""from"": ""C0-10"", ""to"": ""C0-78"", ""duration"": 8.558447297196428, ""distance_m"": 10.270136756635713, ""speed_factor"": 1.0, ""congestion_count"": 0, ""from_x"": 151.906, ""from_y"": -103.332, ""to_x"": 151.853, ""to_y"": -93.062, ""from_floor"": 0, ""to_floor"": 0}",,,,0.0,,,False,,,{}
AMR-B-1,GEN_WASTE_D4_00006,corridor,2026-01-07 05:03:24,2026-01-07 05:03:31,C0-78,C0-9,,,151.853,-93.062,0,151.815,-84.679,0,completed,518604.586,2026-01-07 05:03:24,segment_corridor,Clinical Waste Bin,Clinical_Waste_Bin-shared_OPD_SET_1-000001,,[],[],[],0,0,,C0-78,C0-9,,6.986,0.0,8.383,0.0,0.0,"{""type"": ""corridor"", ""from"": ""C0-78"", ""to"": ""C0-9"", ""duration"": 6.9859051052021055, ""distance_m"": 8.383086126242526, ""speed_factor"": 1.0, ""congestion_count"": 0, ""from_x"": 151.853, ""from_y"": -93.062, ""to_x"": 151.815, ""to_y"": -84.679, ""from_floor"": 0, ""to_floor"": 0}",,,,0.0,,,False,,,{}
AMR-B-1,GEN_WASTE_D4_00006,corridor,2026-01-07 05:03:31,2026-01-07 05:03:39,C0-9,C0-8,,,151.815,-84.679,0,151.852,-75.529,0,completed,518611.572,2026-01-07 05:03:31,segment_corridor,Clinical Waste Bin,Clinical_Waste_Bin-shared_OPD_SET_1-000001,,[],[],[],0,0,,C0-9,C0-8,,7.625,0.0,9.15,0.0,0.0,"{""type"": ""corridor"", ""from"": ""C0-9"", ""to"": ""C0-8"", ""duration"": 7.625062340364472, ""distance_m"": 9.150074808437367, ""speed_factor"": 1.0, ""congestion_count"": 0, ""from_x"": 151.815, ""from_y"": -84.679, ""to_x"": 151.852, ""to_y"": -75.529, ""from_floor"": 0, ""to_floor"": 0}",,,,0.0,,,False,,,{}
AMR-B-1,GEN_WASTE_D4_00006,corridor,2026-01-07 05:03:39,2026-01-07 05:03:56,C0-8,C0-105,,,151.852,-75.529,0,172.881,-75.288,0,completed,518619.197,2026-01-07 05:03:39,segment_corridor,Clinical Waste Bin,Clinical_Waste_Bin-shared_OPD_SET_1-000001,,[],[],[],0,0,,C0-8,C0-105,,17.525,0.0,21.03,0.0,0.0,"{""type"": ""corridor"", ""from"": ""C0-8"", ""to"": ""C0-105"", ""duration"": 17.525317440459926, ""distance_m"": 21.03038092855191, ""speed_factor"": 1.0, ""congestion_count"": 0, ""from_x"": 151.852, ""from_y"": -75.529, ""to_x"": 172.881, ""to_y"": -75.288, ""from_floor"": 0, ""to_floor"": 0}",,,,0.0,,,False,,,{}
AMR-B-1,GEN_WASTE_D4_00006,corridor,2026-01-07 05:03:56,2026-01-07 05:04:04,C0-105,C0-6,,,172.881,-75.288,0,181.948,-75.288,0,completed,518636.723,2026-01-07 05:03:56,segment_corridor,Clinical Waste Bin,Clinical_Waste_Bin-shared_OPD_SET_1-000001,,[],[],[],0,0,,C0-105,C0-6,,7.556,0.0,9.067,0.0,0.0,"{""type"": ""corridor"", ""from"": ""C0-105"", ""to"": ""C0-6"", ""duration"": 7.555833333333339, ""distance_m"": 9.067000000000007, ""speed_factor"": 1.0, ""congestion_count"": 0, ""from_x"": 172.881, ""from_y"": -75.288, ""to_x"": 181.948, ""to_y"": -75.288, ""from_floor"": 0, ""to_floor"": 0}",,,,0.0,,,False,,,{}
AMR-B-1,GEN_WASTE_D4_00006,corridor,2026-01-07 05:04:04,2026-01-07 05:04:13,C0-6,C0-5,,,181.948,-75.288,0,181.917,-63.981,0,completed,518644.278,2026-01-07 05:04:04,segment_corridor,Clinical Waste Bin,Clinical_Waste_Bin-shared_OPD_SET_1-000001,,[],[],[],0,0,,C0-6,C0-5,,9.423,0.0,11.307,0.0,0.0,"{""type"": ""corridor"", ""from"": ""C0-6"", ""to"": ""C0-5"", ""duration"": 9.422535413099334, ""distance_m"": 11.3070424957192, ""speed_factor"": 1.0, ""congestion_count"": 0, ""from_x"": 181.948, ""from_y"": -75.288, ""to_x"": 181.917, ""to_y"": -63.981, ""from_floor"": 0, ""to_floor"": 0}",,,,0.0,,,False,,,{}
AMR-B-1,GEN_WASTE_D4_00006,corridor,2026-01-07 05:04:13,2026-01-07 05:04:28,C0-5,C0-104,,,181.917,-63.981,0,181.881,-46.498,0,completed,518653.701,2026-01-07 05:04:13,segment_corridor,Clinical Waste Bin,Clinical_Waste_Bin-shared_OPD_SET_1-000001,,[],[],[],0,0,,C0-5,C0-104,,14.569,0.0,17.483,0.0,0.0,"{""type"": ""corridor"", ""from"": ""C0-5"", ""to"": ""C0-104"", ""duration"": 14.569197553781445, ""distance_m"": 17.483037064537733, ""speed_factor"": 1.0, ""congestion_count"": 0, ""from_x"": 181.917, ""from_y"": -63.981, ""to_x"": 181.881, ""to_y"": -46.498, ""from_floor"": 0, ""to_floor"": 0}",,,,0.0,,,False,,,{}
AMR-B-1,GEN_WASTE_D4_00006,corridor,2026-01-07 05:04:28,2026-01-07 05:04:32,C0-104,C0-4,,,181.881,-46.498,0,181.948,-41.989,0,completed,518668.27,2026-01-07 05:04:28,segment_corridor,Clinical Waste Bin,Clinical_Waste_Bin-shared_OPD_SET_1-000001,,[],[],[],0,0,,C0-104,C0-4,,3.758,0.0,4.509,0.0,0.0,"{""type"": ""corridor"", ""from"": ""C0-104"", ""to"": ""C0-4"", ""duration"": 3.757914795616196, ""distance_m"": 4.509497754739435, ""speed_factor"": 1.0, ""congestion_count"": 0, ""from_x"": 181.881, ""from_y"": -46.498, ""to_x"": 181.948, ""to_y"": -41.989, ""from_floor"": 0, ""to_floor"": 0}",,,,0.0,,,False,,,{}
AMR-B-1,GEN_WASTE_D4_00006,corridor,2026-01-07 05:04:32,2026-01-07 05:04:35,C0-4,C0-46,,,181.948,-41.989,0,181.989,-38.315,0,completed,518672.028,2026-01-07 05:04:32,segment_corridor,Clinical Waste Bin,Clinical_Waste_Bin-shared_OPD_SET_1-000001,,[],[],[],0,0,,C0-4,C0-46,,3.062,0.0,3.674,0.0,0.0,"{""type"": ""corridor"", ""from"": ""C0-4"", ""to"": ""C0-46"", ""duration"": 3.0618573021760644, ""distance_m"": 3.674228762611277, ""speed_factor"": 1.0, ""congestion_count"": 0, ""from_x"": 181.948, ""from_y"": -41.989, ""to_x"": 181.989, ""to_y"": -38.315, ""from_floor"": 0, ""to_floor"": 0}",,,,0.0,,,False,,,{}
AMR-B-1,GEN_WASTE_D4_00006,corridor,2026-01-07 05:04:35,2026-01-07 05:05:09,C0-46,C0-47,,,181.989,-38.315,0,182.032,2.94,0,completed,518675.09,2026-01-07 05:04:35,segment_corridor,Clinical Waste Bin,Clinical_Waste_Bin-shared_OPD_SET_1-000001,,[],[],[],0,0,,C0-46,C0-47,,34.379,0.0,41.255,0.0,0.0,"{""type"": ""corridor"", ""from"": ""C0-46"", ""to"": ""C0-47"", ""duration"": 34.37918534116569, ""distance_m"": 41.255022409398826, ""speed_factor"": 1.0, ""congestion_count"": 0, ""from_x"": 181.989, ""from_y"": -38.315, ""to_x"": 182.032, ""to_y"": 2.94, ""from_floor"": 0, ""to_floor"": 0}",,,,0.0,,,False,,,{}
AMR-B-1,GEN_WASTE_D4_00006,corridor,2026-01-07 05:05:09,2026-01-07 05:05:16,C0-47,C0-48,,,182.032,2.94,0,182.055,11.583,0,completed,518709.469,2026-01-07 05:05:09,segment_corridor,Clinical Waste Bin,Clinical_Waste_Bin-shared_OPD_SET_1-000001,,[],[],[],0,0,,C0-47,C0-48,,7.203,0.0,8.643,0.0,0.0,"{""type"": ""corridor"", ""from"": ""C0-47"", ""to"": ""C0-48"", ""duration"": 7.202525502288148, ""distance_m"": 8.643030602745776, ""speed_factor"": 1.0, ""congestion_count"": 0, ""from_x"": 182.032, ""from_y"": 2.94, ""to_x"": 182.055, ""to_y"": 11.583, ""from_floor"": 0, ""to_floor"": 0}",,,,0.0,,,False,,,{}
AMR-B-1,GEN_WASTE_D4_00006,corridor,2026-01-07 05:05:16,2026-01-07 05:05:21,C0-48,D47-WASTE,,,182.055,11.583,0,176.0,12.0,0,completed,518716.672,2026-01-07 05:05:16,segment_corridor,Clinical Waste Bin,Clinical_Waste_Bin-shared_OPD_SET_1-000001,,[],[],[],0,0,,C0-48,D47-WASTE,,5.058,0.0,6.069,0.0,0.0,"{""type"": ""corridor"", ""from"": ""C0-48"", ""to"": ""D47-WASTE"", ""duration"": 5.057785115816788, ""distance_m"": 6.069342138980145, ""speed_factor"": 1.0, ""congestion_count"": 0, ""from_x"": 182.055, ""from_y"": 11.583, ""to_x"": 176.0, ""to_y"": 12.0, ""from_floor"": 0, ""to_floor"": 0}",,,,0.0,,,False,,,{}
AMR-B-1,GEN_WASTE_D4_00006,dropoff,2026-01-07 05:05:21,2026-01-07 05:05:41,,,,,,,,,,,completed,518721.729,2026-01-07 05:05:21,segment_dropoff,Clinical Waste Bin,Clinical_Waste_Bin-shared_OPD_SET_1-000001,,[],[],[],0,0,,D4-WASTE,D47-WASTE,,20.0,0.0,0.0,0.0,0.0,"{""type"": ""dropoff"", ""location"": ""D47-WASTE"", ""duration"": 20.0, ""inventory_space"": """", ""from_x"": null, ""from_y"": null, ""to_x"": null, ""to_y"": null, ""from_floor"": null, ""to_floor"": null}",,,,0.0,,,False,,,{}
AMR-B-1,GEN_WASTE_D4_00006,,2026-01-07 05:05:41,2026-01-07 05:05:41,,,,,,,,,,,finish,518741.729,2026-01-07 05:05:41,task_complete,Clinical Waste Bin,Clinical_Waste_Bin-shared_OPD_SET_1-000001,,[],[],[],0,0,,D4-WASTE,D47-WASTE,,0.0,0.0,0.0,0.0,0.0,Task GEN_WASTE_D4_00006 completed,department_waste,D4,Clinical,0.616,Clinical Waste Bin,,False,,,{}
,RETURN-GEN_WASTE_D4_00006-16,,2026-01-07 05:05:41,2026-01-07 05:05:41,D47-WASTE,D4-WASTE,,,176.0,12.0,0,139.696,-153.083,0,generated,518741.729,2026-01-07 05:05:41,return_task_generated,Clinical Waste Bin,Clinical_Waste_Bin-shared_OPD_SET_1-000001,,[],[],[],0,0,,D47-WASTE,D4-WASTE,,0.0,0.0,0.0,0.0,0.0,Generated delayed return for GEN_WASTE_D4_00006,task_generation_return,D4,,0.0,Clinical Waste Bin,,False,,,{}
AMR-B-1,RETURN-AMR-B-1-17,,2026-01-07 05:05:41,2026-01-07 05:05:42,,,D47-WASTE,AMR-CENTRE,,,,,,,start,518741.729,2026-01-07 05:05:41,task_assigned,,,,[],[],[],0,0,,D47-WASTE,AMR-CENTRE,,0.0,0.0,0.0,0.0,205.976,Assigned task to AMR-B-1,,,,0.0,,,False,,,{}
AMR-B-1,RETURN-AMR-B-1-17,pickup,2026-01-07 05:05:41,2026-01-07 05:06:01,,,,,,,,,,,completed,518741.729,2026-01-07 05:05:41,segment_pickup,,,,[],[],[],0,0,,D47-WASTE,AMR-CENTRE,,20.0,0.0,0.0,0.0,0.0,"{""type"": ""pickup"", ""location"": ""D47-WASTE"", ""duration"": 20.0, ""from_x"": null, ""from_y"": null, ""to_x"": null, ""to_y"": null, ""from_floor"": null, ""to_floor"": null}",,,,0.0,,,False,,,{}
AMR-B-1,RETURN-AMR-B-1-17,corridor,2026-01-07 05:06:01,2026-01-07 05:06:06,D47-WASTE,C0-48,,,176.0,12.0,0,182.055,11.583,0,completed,518761.729,2026-01-07 05:06:01,segment_corridor,,,,[],[],[],0,0,,D47-WASTE,C0-48,,5.058,0.0,6.069,0.0,0.0,"{""type"": ""corridor"", ""from"": ""D47-WASTE"", ""to"": ""C0-48"", ""duration"": 5.057785115816788, ""distance_m"": 6.069342138980145, ""speed_factor"": 1.0, ""congestion_count"": 0, ""from_x"": 176.0, ""from_y"": 12.0, ""to_x"": 182.055, ""to_y"": 11.583, ""from_floor"": 0, ""to_floor"": 0}",,,,0.0,,,False,,,{}
AMR-B-1,RETURN-AMR-B-1-17,corridor,2026-01-07 05:06:06,2026-01-07 05:06:13,C0-48,C0-47,,,182.055,11.583,0,182.032,2.94,0,completed,518766.787,2026-01-07 05:06:06,segment_corridor,,,,[],[],[],0,0,,C0-48,C0-47,,7.203,0.0,8.643,0.0,0.0,"{""type"": ""corridor"", ""from"": ""C0-48"", ""to"": ""C0-47"", ""duration"": 7.202525502288148, ""distance_m"": 8.643030602745776, ""speed_factor"": 1.0, ""congestion_count"": 0, ""from_x"": 182.055, ""from_y"": 11.583, ""to_x"": 182.032, ""to_y"": 2.94, ""from_floor"": 0, ""to_floor"": 0}",,,,0.0,,,False,,,{}
AMR-B-1,RETURN-AMR-B-1-17,corridor,2026-01-07 05:06:13,2026-01-07 05:06:48,C0-47,C0-46,,,182.032,2.94,0,181.989,-38.315,0,completed,518773.99,2026-01-07 05:06:13,segment_corridor,,,,[],[],[],0,0,,C0-47,C0-46,,34.379,0.0,41.255,0.0,0.0,"{""type"": ""corridor"", ""from"": ""C0-47"", ""to"": ""C0-46"", ""duration"": 34.37918534116569, ""distance_m"": 41.255022409398826, ""speed_factor"": 1.0, ""congestion_count"": 0, ""from_x"": 182.032, ""from_y"": 2.94, ""to_x"": 181.989, ""to_y"": -38.315, ""from_floor"": 0, ""to_floor"": 0}",,,,0.0,,,False,,,{}
AMR-B-1,RETURN-AMR-B-1-17,corridor,2026-01-07 05:06:48,2026-01-07 05:06:51,C0-46,C0-4,,,181.989,-38.315,0,181.948,-41.989,0,completed,518808.369,2026-01-07 05:06:48,segment_corridor,,,,[],[],[],0,0,,C0-46,C0-4,,3.062,0.0,3.674,0.0,0.0,"{""type"": ""corridor"", ""from"": ""C0-46"", ""to"": ""C0-4"", ""duration"": 3.0618573021760644, ""distance_m"": 3.674228762611277, ""speed_factor"": 1.0, ""congestion_count"": 0, ""from_x"": 181.989, ""from_y"": -38.315, ""to_x"": 181.948, ""to_y"": -41.989, ""from_floor"": 0, ""to_floor"": 0}",,,,0.0,,,False,,,{}
AMR-B-1,RETURN-AMR-B-1-17,corridor,2026-01-07 05:06:51,2026-01-07 05:06:55,C0-4,C0-104,,,181.948,-41.989,0,181.881,-46.498,0,completed,518811.431,2026-01-07 05:06:51,segment_corridor,,,,[],[],[],0,0,,C0-4,C0-104,,3.758,0.0,4.509,0.0,0.0,"{""type"": ""corridor"", ""from"": ""C0-4"", ""to"": ""C0-104"", ""duration"": 3.757914795616196, ""distance_m"": 4.509497754739435, ""speed_factor"": 1.0, ""congestion_count"": 0, ""from_x"": 181.948, ""from_y"": -41.989, ""to_x"": 181.881, ""to_y"": -46.498, ""from_floor"": 0, ""to_floor"": 0}",,,,0.0,,,False,,,{}
AMR-B-1,RETURN-AMR-B-1-17,corridor,2026-01-07 05:06:55,2026-01-07 05:07:09,C0-104,C0-5,,,181.881,-46.498,0,181.917,-63.981,0,completed,518815.189,2026-01-07 05:06:55,segment_corridor,,,,[],[],[],0,0,,C0-104,C0-5,,14.569,0.0,17.483,0.0,0.0,"{""type"": ""corridor"", ""from"": ""C0-104"", ""to"": ""C0-5"", ""duration"": 14.569197553781445, ""distance_m"": 17.483037064537733, ""speed_factor"": 1.0, ""congestion_count"": 0, ""from_x"": 181.881, ""from_y"": -46.498, ""to_x"": 181.917, ""to_y"": -63.981, ""from_floor"": 0, ""to_floor"": 0}",,,,0.0,,,False,,,{}
AMR-B-1,RETURN-AMR-B-1-17,corridor,2026-01-07 05:07:09,2026-01-07 05:07:19,C0-5,C0-6,,,181.917,-63.981,0,181.948,-75.288,0,completed,518829.758,2026-01-07 05:07:09,segment_corridor,,,,[],[],[],0,0,,C0-5,C0-6,,9.423,0.0,11.307,0.0,0.0,"{""type"": ""corridor"", ""from"": ""C0-5"", ""to"": ""C0-6"", ""duration"": 9.422535413099334, ""distance_m"": 11.3070424957192, ""speed_factor"": 1.0, ""congestion_count"": 0, ""from_x"": 181.917, ""from_y"": -63.981, ""to_x"": 181.948, ""to_y"": -75.288, ""from_floor"": 0, ""to_floor"": 0}",,,,0.0,,,False,,,{}
AMR-B-1,RETURN-AMR-B-1-17,corridor,2026-01-07 05:07:19,2026-01-07 05:07:26,C0-6,C0-105,,,181.948,-75.288,0,172.881,-75.288,0,completed,518839.18,2026-01-07 05:07:19,segment_corridor,,,,[],[],[],0,0,,C0-6,C0-105,,7.556,0.0,9.067,0.0,0.0,"{""type"": ""corridor"", ""from"": ""C0-6"", ""to"": ""C0-105"", ""duration"": 7.555833333333339, ""distance_m"": 9.067000000000007, ""speed_factor"": 1.0, ""congestion_count"": 0, ""from_x"": 181.948, ""from_y"": -75.288, ""to_x"": 172.881, ""to_y"": -75.288, ""from_floor"": 0, ""to_floor"": 0}",,,,0.0,,,False,,,{}
AMR-B-1,RETURN-AMR-B-1-17,corridor,2026-01-07 05:07:26,2026-01-07 05:07:44,C0-105,C0-8,,,172.881,-75.288,0,151.852,-75.529,0,completed,518846.736,2026-01-07 05:07:26,segment_corridor,,,,[],[],[],0,0,,C0-105,C0-8,,17.525,0.0,21.03,0.0,0.0,"{""type"": ""corridor"", ""from"": ""C0-105"", ""to"": ""C0-8"", ""duration"": 17.525317440459926, ""distance_m"": 21.03038092855191, ""speed_factor"": 1.0, ""congestion_count"": 0, ""from_x"": 172.881, ""from_y"": -75.288, ""to_x"": 151.852, ""to_y"": -75.529, ""from_floor"": 0, ""to_floor"": 0}",,,,0.0,,,False,,,{}
AMR-B-1,RETURN-AMR-B-1-17,corridor,2026-01-07 05:07:44,2026-01-07 05:07:51,C0-8,C0-9,,,151.852,-75.529,0,151.815,-84.679,0,completed,518864.262,2026-01-07 05:07:44,segment_corridor,,,,[],[],[],0,0,,C0-8,C0-9,,7.625,0.0,9.15,0.0,0.0,"{""type"": ""corridor"", ""from"": ""C0-8"", ""to"": ""C0-9"", ""duration"": 7.625062340364472, ""distance_m"": 9.150074808437367, ""speed_factor"": 1.0, ""congestion_count"": 0, ""from_x"": 151.852, ""from_y"": -75.529, ""to_x"": 151.815, ""to_y"": -84.679, ""from_floor"": 0, ""to_floor"": 0}",,,,0.0,,,False,,,{}
AMR-B-1,RETURN-AMR-B-1-17,corridor,2026-01-07 05:07:51,2026-01-07 05:08:01,C0-9,C0-23,,,151.815,-84.679,0,140.608,-84.673,0,completed,518871.887,2026-01-07 05:07:51,segment_corridor,,,,[],[],[],0,0,,C0-9,C0-23,,9.339,0.0,11.207,0.0,0.0,"{""type"": ""corridor"", ""from"": ""C0-9"", ""to"": ""C0-23"", ""duration"": 9.33916800511575, ""distance_m"": 11.207001606138899, ""speed_factor"": 1.0, ""congestion_count"": 0, ""from_x"": 151.815, ""from_y"": -84.679, ""to_x"": 140.608, ""to_y"": -84.673, ""from_floor"": 0, ""to_floor"": 0}",,,,0.0,,,False,,,{}
AMR-B-1,RETURN-AMR-B-1-17,corridor,2026-01-07 05:08:01,2026-01-07 05:08:03,C0-23,Lift-2-F0,,,140.608,-84.673,0,140.476,-81.715,0,completed,518881.226,2026-01-07 05:08:01,segment_corridor,,,,[],[],[],0,0,,C0-23,Lift-2-F0,,2.467,0.0,2.961,0.0,0.0,"{""type"": ""corridor"", ""from"": ""C0-23"", ""to"": ""Lift-2-F0"", ""duration"": 2.4674531403858504, ""distance_m"": 2.96094376846302, ""speed_factor"": 1.0, ""congestion_count"": 0, ""from_x"": 140.608, ""from_y"": -84.673, ""to_x"": 140.476, ""to_y"": -81.715, ""from_floor"": 0, ""to_floor"": 0}",,,,0.0,,,False,,,{}
AMR-B-1,RETURN-AMR-B-1-17,lift_transfer,2026-01-07 05:08:03,2026-01-07 05:08:28,Lift-2-F0,Lift-2-F2,,,140.476,-81.715,0,140.476,-81.715,2,completed,518883.693,2026-01-07 05:08:03,segment_lift_transfer,,,,[],[],[],0,0,,Lift-2-F0,Lift-2-F2,Lift-2,24.444,0.0,8.0,0.021564102564102565,0.0,"{""type"": ""lift_transfer"", ""lift_id"": ""Lift-2"", ""from"": ""Lift-2-F0"", ""to"": ""Lift-2-F2"", ""from_floor"": 0, ""to_floor"": 2, ""wait_time"": 0.0, ""duration"": 24.444444444437977, ""distance_m"": 8.0, ""vertical_distance_m"": 8.0, ""energy_kwh"": 0.021564102564102565, ""from_x"": 140.476, ""from_y"": -81.715, ""to_x"": 140.476, ""to_y"": -81.715}",,,,0.0,,,False,,,{}
AMR-B-1,RETURN-AMR-B-1-17,corridor,2026-01-07 05:08:28,2026-01-07 05:08:31,Lift-2-F2,C2-12,,,140.476,-81.715,2,140.54,-85.162,2,completed,518908.138,2026-01-07 05:08:28,segment_corridor,,,,[],[],[],0,0,,Lift-2-F2,C2-12,,2.873,0.0,3.448,0.0,0.0,"{""type"": ""corridor"", ""from"": ""Lift-2-F2"", ""to"": ""C2-12"", ""duration"": 2.8729950738635908, ""distance_m"": 3.4475940886363086, ""speed_factor"": 1.0, ""congestion_count"": 0, ""from_x"": 140.476, ""from_y"": -81.715, ""to_x"": 140.54, ""to_y"": -85.162, ""from_floor"": 2, ""to_floor"": 2}",,,,0.0,,,False,,,{}
AMR-B-1,RETURN-AMR-B-1-17,corridor,2026-01-07 05:08:31,2026-01-07 05:08:35,C2-12,C2-22,,,140.54,-85.162,2,146.298,-84.823,2,completed,518911.011,2026-01-07 05:08:31,segment_corridor,,,,[],[],[],0,0,,C2-12,C2-22,,4.807,0.0,5.768,0.0,0.0,"{""type"": ""corridor"", ""from"": ""C2-12"", ""to"": ""C2-22"", ""duration"": 4.806642178046736, ""distance_m"": 5.767970613656082, ""speed_factor"": 1.0, ""congestion_count"": 0, ""from_x"": 140.54, ""from_y"": -85.162, ""to_x"": 146.298, ""to_y"": -84.823, ""from_floor"": 2, ""to_floor"": 2}",,,,0.0,,,False,,,{}
AMR-B-1,RETURN-AMR-B-1-17,corridor,2026-01-07 05:08:35,2026-01-07 05:08:40,C2-22,C2-10,,,146.298,-84.823,2,151.747,-84.823,2,completed,518915.817,2026-01-07 05:08:35,segment_corridor,,,,[],[],[],0,0,,C2-22,C2-10,,4.541,0.0,5.449,0.0,0.0,"{""type"": ""corridor"", ""from"": ""C2-22"", ""to"": ""C2-10"", ""duration"": 4.540833333333344, ""distance_m"": 5.449000000000012, ""speed_factor"": 1.0, ""congestion_count"": 0, ""from_x"": 146.298, ""from_y"": -84.823, ""to_x"": 151.747, ""to_y"": -84.823, ""from_floor"": 2, ""to_floor"": 2}",,,,0.0,,,False,,,{}
AMR-B-1,RETURN-AMR-B-1-17,corridor,2026-01-07 05:08:40,2026-01-07 05:08:45,C2-10,C2-11,,,151.747,-84.823,2,157.38,-84.803,2,completed,518920.358,2026-01-07 05:08:40,segment_corridor,,,,[],[],[],0,0,,C2-10,C2-11,,4.694,0.0,5.633,0.0,0.0,"{""type"": ""corridor"", ""from"": ""C2-10"", ""to"": ""C2-11"", ""duration"": 4.694196254122965, ""distance_m"": 5.633035504947558, ""speed_factor"": 1.0, ""congestion_count"": 0, ""from_x"": 151.747, ""from_y"": -84.823, ""to_x"": 157.38, ""to_y"": -84.803, ""from_floor"": 2, ""to_floor"": 2}",,,,0.0,,,False,,,{}
AMR-B-1,RETURN-AMR-B-1-17,corridor,2026-01-07 05:08:45,2026-01-07 05:08:47,C2-11,AMR-CENTRE,,,157.38,-84.803,2,157.36,-81.619,2,completed,518925.052,2026-01-07 05:08:45,segment_corridor,,,,[],[],[],0,0,,C2-11,AMR-CENTRE,,2.653,0.0,3.184,0.0,0.0,"{""type"": ""corridor"", ""from"": ""C2-11"", ""to"": ""AMR-CENTRE"", ""duration"": 2.6533856778756353, ""distance_m"": 3.1840628134507623, ""speed_factor"": 1.0, ""congestion_count"": 0, ""from_x"": 157.38, ""from_y"": -84.803, ""to_x"": 157.36, ""to_y"": -81.619, ""from_floor"": 2, ""to_floor"": 2}",,,,0.0,,,False,,,{}
AMR-B-1,RETURN-AMR-B-1-17,dropoff,2026-01-07 05:08:47,2026-01-07 05:09:07,,,,,,,,,,,completed,518927.706,2026-01-07 05:08:47,segment_dropoff,,,,[],[],[],0,0,,D47-WASTE,AMR-CENTRE,,20.0,0.0,0.0,0.0,0.0,"{""type"": ""dropoff"", ""location"": ""AMR-CENTRE"", ""duration"": 20.0, ""inventory_space"": """", ""from_x"": null, ""from_y"": null, ""to_x"": null, ""to_y"": null, ""from_floor"": null, ""to_floor"": null}",,,,0.0,,,False,,,{}
AMR-B-2,RETURN-GEN_WASTE_D4_00006-16,,2026-01-07 05:05:41,2026-01-07 05:05:42,,,AMR-CENTRE,D4-WASTE,,,,,,,start,518741.729,2026-01-07 05:05:41,task_assigned,Clinical Waste Bin,Clinical_Waste_Bin-shared_OPD_SET_1-000001,,[],[],[],0,0,,D47-WASTE,D4-WASTE,,0.0,0.0,0.0,0.0,391.576,Assigned task to AMR-B-2,task_generation_return,D4,Clinical,0.0,Clinical Waste Bin,,False,,,{}
AMR-B-2,RETURN-GEN_WASTE_D4_00006-16,corridor,2026-01-07 05:05:41,2026-01-07 05:05:44,AMR-CENTRE,C2-11,,,157.36,-81.619,2,157.38,-84.803,2,completed,518741.729,2026-01-07 05:05:41,segment_corridor,Clinical Waste Bin,Clinical_Waste_Bin-shared_OPD_SET_1-000001,,[],[],[],0,0,,AMR-CENTRE,C2-11,,2.653,0.0,3.184,0.0,0.0,"{""type"": ""corridor"", ""from"": ""AMR-CENTRE"", ""to"": ""C2-11"", ""duration"": 2.6533856778756353, ""distance_m"": 3.1840628134507623, ""speed_factor"": 1.0, ""congestion_count"": 0, ""from_x"": 157.36, ""from_y"": -81.619, ""to_x"": 157.38, ""to_y"": -84.803, ""from_floor"": 2, ""to_floor"": 2}",,,,0.0,,,False,,,{}
AMR-B-2,RETURN-GEN_WASTE_D4_00006-16,corridor,2026-01-07 05:05:44,2026-01-07 05:05:49,C2-11,C2-10,,,157.38,-84.803,2,151.747,-84.823,2,completed,518744.383,2026-01-07 05:05:44,segment_corridor,Clinical Waste Bin,Clinical_Waste_Bin-shared_OPD_SET_1-000001,,[],[],[],0,0,,C2-11,C2-10,,4.694,0.0,5.633,0.0,0.0,"{""type"": ""corridor"", ""from"": ""C2-11"", ""to"": ""C2-10"", ""duration"": 4.694196254122965, ""distance_m"": 5.633035504947558, ""speed_factor"": 1.0, ""congestion_count"": 0, ""from_x"": 157.38, ""from_y"": -84.803, ""to_x"": 151.747, ""to_y"": -84.823, ""from_floor"": 2, ""to_floor"": 2}",,,,0.0,,,False,,,{}
AMR-B-2,RETURN-GEN_WASTE_D4_00006-16,corridor,2026-01-07 05:05:49,2026-01-07 05:05:53,C2-10,C2-22,,,151.747,-84.823,2,146.298,-84.823,2,completed,518749.077,2026-01-07 05:05:49,segment_corridor,Clinical Waste Bin,Clinical_Waste_Bin-shared_OPD_SET_1-000001,,[],[],[],0,0,,C2-10,C2-22,,4.541,0.0,5.449,0.0,0.0,"{""type"": ""corridor"", ""from"": ""C2-10"", ""to"": ""C2-22"", ""duration"": 4.540833333333344, ""distance_m"": 5.449000000000012, ""speed_factor"": 1.0, ""congestion_count"": 0, ""from_x"": 151.747, ""from_y"": -84.823, ""to_x"": 146.298, ""to_y"": -84.823, ""from_floor"": 2, ""to_floor"": 2}",,,,0.0,,,False,,,{}
AMR-B-2,RETURN-GEN_WASTE_D4_00006-16,corridor,2026-01-07 05:05:53,2026-01-07 05:05:58,C2-22,C2-12,,,146.298,-84.823,2,140.54,-85.162,2,completed,518753.618,2026-01-07 05:05:53,segment_corridor,Clinical Waste Bin,Clinical_Waste_Bin-shared_OPD_SET_1-000001,,[],[],[],0,0,,C2-22,C2-12,,4.807,0.0,5.768,0.0,0.0,"{""type"": ""corridor"", ""from"": ""C2-22"", ""to"": ""C2-12"", ""duration"": 4.806642178046736, ""distance_m"": 5.767970613656082, ""speed_factor"": 1.0, ""congestion_count"": 0, ""from_x"": 146.298, ""from_y"": -84.823, ""to_x"": 140.54, ""to_y"": -85.162, ""from_floor"": 2, ""to_floor"": 2}",,,,0.0,,,False,,,{}
AMR-B-2,RETURN-GEN_WASTE_D4_00006-16,corridor,2026-01-07 05:05:58,2026-01-07 05:06:01,C2-12,Lift-4-F2,,,140.54,-85.162,2,140.605,-89.055,2,completed,518758.425,2026-01-07 05:05:58,segment_corridor,Clinical Waste Bin,Clinical_Waste_Bin-shared_OPD_SET_1-000001,,[],[],[],0,0,,C2-12,Lift-4-F2,,3.245,0.0,3.894,0.0,0.0,"{""type"": ""corridor"", ""from"": ""C2-12"", ""to"": ""Lift-4-F2"", ""duration"": 3.24461883568608, ""distance_m"": 3.893542602823296, ""speed_factor"": 1.0, ""congestion_count"": 0, ""from_x"": 140.54, ""from_y"": -85.162, ""to_x"": 140.605, ""to_y"": -89.055, ""from_floor"": 2, ""to_floor"": 2}",,,,0.0,,,False,,,{}
AMR-B-2,RETURN-GEN_WASTE_D4_00006-16,lift_transfer,2026-01-07 05:06:01,2026-01-07 05:06:26,Lift-4-F2,Lift-4-F0,,,140.605,-89.055,2,140.605,-89.055,0,completed,518761.669,2026-01-07 05:06:01,segment_lift_transfer,Clinical Waste Bin,Clinical_Waste_Bin-shared_OPD_SET_1-000001,,[],[],[],0,0,,Lift-4-F2,Lift-4-F0,Lift-4,24.444,0.0,8.0,0.02086538461538462,0.0,"{""type"": ""lift_transfer"", ""lift_id"": ""Lift-4"", ""from"": ""Lift-4-F2"", ""to"": ""Lift-4-F0"", ""from_floor"": 2, ""to_floor"": 0, ""wait_time"": 0.0, ""duration"": 24.444444444437977, ""distance_m"": 8.0, ""vertical_distance_m"": 8.0, ""energy_kwh"": 0.02086538461538462, ""from_x"": 140.605, ""from_y"": -89.055, ""to_x"": 140.605, ""to_y"": -89.055}",,,,0.0,,,False,,,{}
AMR-B-2,RETURN-GEN_WASTE_D4_00006-16,corridor,2026-01-07 05:06:26,2026-01-07 05:06:29,Lift-4-F0,C0-23,,,140.605,-89.055,0,140.608,-84.673,0,completed,518786.114,2026-01-07 05:06:26,segment_corridor,Clinical Waste Bin,Clinical_Waste_Bin-shared_OPD_SET_1-000001,,[],[],[],0,0,,Lift-4-F0,C0-23,,3.652,0.0,4.382,0.0,0.0,"{""type"": ""corridor"", ""from"": ""Lift-4-F0"", ""to"": ""C0-23"", ""duration"": 3.6516675224401896, ""distance_m"": 4.3820010269282275, ""speed_factor"": 1.0, ""congestion_count"": 0, ""from_x"": 140.605, ""from_y"": -89.055, ""to_x"": 140.608, ""to_y"": -84.673, ""from_floor"": 0, ""to_floor"": 0}",,,,0.0,,,False,,,{}
AMR-B-2,RETURN-GEN_WASTE_D4_00006-16,corridor,2026-01-07 05:06:29,2026-01-07 05:06:39,C0-23,C0-9,,,140.608,-84.673,0,151.815,-84.679,0,completed,518789.765,2026-01-07 05:06:29,segment_corridor,Clinical Waste Bin,Clinical_Waste_Bin-shared_OPD_SET_1-000001,,[],[],[],0,0,,C0-23,C0-9,,9.339,0.0,11.207,0.0,0.0,"{""type"": ""corridor"", ""from"": ""C0-23"", ""to"": ""C0-9"", ""duration"": 9.33916800511575, ""distance_m"": 11.207001606138899, ""speed_factor"": 1.0, ""congestion_count"": 0, ""from_x"": 140.608, ""from_y"": -84.673, ""to_x"": 151.815, ""to_y"": -84.679, ""from_floor"": 0, ""to_floor"": 0}",,,,0.0,,,False,,,{}
AMR-B-2,RETURN-GEN_WASTE_D4_00006-16,corridor,2026-01-07 05:06:39,2026-01-07 05:06:46,C0-9,C0-8,,,151.815,-84.679,0,151.852,-75.529,0,completed,518799.104,2026-01-07 05:06:39,segment_corridor,Clinical Waste Bin,Clinical_Waste_Bin-shared_OPD_SET_1-000001,,[],[],[],0,0,,C0-9,C0-8,,7.625,0.0,9.15,0.0,0.0,"{""type"": ""corridor"", ""from"": ""C0-9"", ""to"": ""C0-8"", ""duration"": 7.625062340364472, ""distance_m"": 9.150074808437367, ""speed_factor"": 1.0, ""congestion_count"": 0, ""from_x"": 151.815, ""from_y"": -84.679, ""to_x"": 151.852, ""to_y"": -75.529, ""from_floor"": 0, ""to_floor"": 0}",,,,0.0,,,False,,,{}
AMR-B-2,RETURN-GEN_WASTE_D4_00006-16,corridor,2026-01-07 05:06:46,2026-01-07 05:07:04,C0-8,C0-105,,,151.852,-75.529,0,172.881,-75.288,0,completed,518806.729,2026-01-07 05:06:46,segment_corridor,Clinical Waste Bin,Clinical_Waste_Bin-shared_OPD_SET_1-000001,,[],[],[],0,0,,C0-8,C0-105,,17.525,0.0,21.03,0.0,0.0,"{""type"": ""corridor"", ""from"": ""C0-8"", ""to"": ""C0-105"", ""duration"": 17.525317440459926, ""distance_m"": 21.03038092855191, ""speed_factor"": 1.0, ""congestion_count"": 0, ""from_x"": 151.852, ""from_y"": -75.529, ""to_x"": 172.881, ""to_y"": -75.288, ""from_floor"": 0, ""to_floor"": 0}",,,,0.0,,,False,,,{}
AMR-B-2,RETURN-GEN_WASTE_D4_00006-16,corridor,2026-01-07 05:07:04,2026-01-07 05:07:13,C0-105,C0-6,,,172.881,-75.288,0,181.948,-75.288,0,completed,518824.255,2026-01-07 05:07:04,segment_corridor,Clinical Waste Bin,Clinical_Waste_Bin-shared_OPD_SET_1-000001,,[],[],[],0,0,,C0-105,C0-6,,8.889,0.0,9.067,0.0,0.0,"{""type"": ""corridor"", ""from"": ""C0-105"", ""to"": ""C0-6"", ""duration"": 8.889215686274516, ""distance_m"": 9.067000000000007, ""speed_factor"": 0.85, ""congestion_count"": 1, ""from_x"": 172.881, ""from_y"": -75.288, ""to_x"": 181.948, ""to_y"": -75.288, ""from_floor"": 0, ""to_floor"": 0}",,,,0.0,,,False,,,{}
AMR-B-2,RETURN-GEN_WASTE_D4_00006-16,corridor,2026-01-07 05:07:13,2026-01-07 05:07:24,C0-6,C0-5,,,181.948,-75.288,0,181.917,-63.981,0,completed,518833.144,2026-01-07 05:07:13,segment_corridor,Clinical Waste Bin,Clinical_Waste_Bin-shared_OPD_SET_1-000001,,[],[],[],0,0,,C0-6,C0-5,,11.085,0.0,11.307,0.0,0.0,"{""type"": ""corridor"", ""from"": ""C0-6"", ""to"": ""C0-5"", ""duration"": 11.085335780116864, ""distance_m"": 11.3070424957192, ""speed_factor"": 0.85, ""congestion_count"": 1, ""from_x"": 181.948, ""from_y"": -75.288, ""to_x"": 181.917, ""to_y"": -63.981, ""from_floor"": 0, ""to_floor"": 0}",,,,0.0,,,False,,,{}
AMR-B-2,RETURN-GEN_WASTE_D4_00006-16,corridor,2026-01-07 05:07:24,2026-01-07 05:07:41,C0-5,C0-104,,,181.917,-63.981,0,181.881,-46.498,0,completed,518844.229,2026-01-07 05:07:24,segment_corridor,Clinical Waste Bin,Clinical_Waste_Bin-shared_OPD_SET_1-000001,,[],[],[],0,0,,C0-5,C0-104,,17.14,0.0,17.483,0.0,0.0,"{""type"": ""corridor"", ""from"": ""C0-5"", ""to"": ""C0-104"", ""duration"": 17.140232416213465, ""distance_m"": 17.483037064537733, ""speed_factor"": 0.85, ""congestion_count"": 1, ""from_x"": 181.917, ""from_y"": -63.981, ""to_x"": 181.881, ""to_y"": -46.498, ""from_floor"": 0, ""to_floor"": 0}",,,,0.0,,,False,,,{}
AMR-B-2,RETURN-GEN_WASTE_D4_00006-16,corridor,2026-01-07 05:07:41,2026-01-07 05:07:45,C0-104,C0-4,,,181.881,-46.498,0,181.948,-41.989,0,completed,518861.37,2026-01-07 05:07:41,segment_corridor,Clinical Waste Bin,Clinical_Waste_Bin-shared_OPD_SET_1-000001,,[],[],[],0,0,,C0-104,C0-4,,3.758,0.0,4.509,0.0,0.0,"{""type"": ""corridor"", ""from"": ""C0-104"", ""to"": ""C0-4"", ""duration"": 3.757914795616196, ""distance_m"": 4.509497754739435, ""speed_factor"": 1.0, ""congestion_count"": 0, ""from_x"": 181.881, ""from_y"": -46.498, ""to_x"": 181.948, ""to_y"": -41.989, ""from_floor"": 0, ""to_floor"": 0}",,,,0.0,,,False,,,{}
AMR-B-2,RETURN-GEN_WASTE_D4_00006-16,corridor,2026-01-07 05:07:45,2026-01-07 05:07:48,C0-4,C0-46,,,181.948,-41.989,0,181.989,-38.315,0,completed,518865.127,2026-01-07 05:07:45,segment_corridor,Clinical Waste Bin,Clinical_Waste_Bin-shared_OPD_SET_1-000001,,[],[],[],0,0,,C0-4,C0-46,,3.062,0.0,3.674,0.0,0.0,"{""type"": ""corridor"", ""from"": ""C0-4"", ""to"": ""C0-46"", ""duration"": 3.0618573021760644, ""distance_m"": 3.674228762611277, ""speed_factor"": 1.0, ""congestion_count"": 0, ""from_x"": 181.948, ""from_y"": -41.989, ""to_x"": 181.989, ""to_y"": -38.315, ""from_floor"": 0, ""to_floor"": 0}",,,,0.0,,,False,,,{}
AMR-B-2,RETURN-GEN_WASTE_D4_00006-16,corridor,2026-01-07 05:07:48,2026-01-07 05:08:22,C0-46,C0-47,,,181.989,-38.315,0,182.032,2.94,0,completed,518868.189,2026-01-07 05:07:48,segment_corridor,Clinical Waste Bin,Clinical_Waste_Bin-shared_OPD_SET_1-000001,,[],[],[],0,0,,C0-46,C0-47,,34.379,0.0,41.255,0.0,0.0,"{""type"": ""corridor"", ""from"": ""C0-46"", ""to"": ""C0-47"", ""duration"": 34.37918534116569, ""distance_m"": 41.255022409398826, ""speed_factor"": 1.0, ""congestion_count"": 0, ""from_x"": 181.989, ""from_y"": -38.315, ""to_x"": 182.032, ""to_y"": 2.94, ""from_floor"": 0, ""to_floor"": 0}",,,,0.0,,,False,,,{}
AMR-B-2,RETURN-GEN_WASTE_D4_00006-16,corridor,2026-01-07 05:08:22,2026-01-07 05:08:29,C0-47,C0-48,,,182.032,2.94,0,182.055,11.583,0,completed,518902.569,2026-01-07 05:08:22,segment_corridor,Clinical Waste Bin,Clinical_Waste_Bin-shared_OPD_SET_1-000001,,[],[],[],0,0,,C0-47,C0-48,,7.203,0.0,8.643,0.0,0.0,"{""type"": ""corridor"", ""from"": ""C0-47"", ""to"": ""C0-48"", ""duration"": 7.202525502288148, ""distance_m"": 8.643030602745776, ""speed_factor"": 1.0, ""congestion_count"": 0, ""from_x"": 182.032, ""from_y"": 2.94, ""to_x"": 182.055, ""to_y"": 11.583, ""from_floor"": 0, ""to_floor"": 0}",,,,0.0,,,False,,,{}
AMR-B-2,RETURN-GEN_WASTE_D4_00006-16,corridor,2026-01-07 05:08:29,2026-01-07 05:08:34,C0-48,D47-WASTE,,,182.055,11.583,0,176.0,12.0,0,completed,518909.771,2026-01-07 05:08:29,segment_corridor,Clinical Waste Bin,Clinical_Waste_Bin-shared_OPD_SET_1-000001,,[],[],[],0,0,,C0-48,D47-WASTE,,5.058,0.0,6.069,0.0,0.0,"{""type"": ""corridor"", ""from"": ""C0-48"", ""to"": ""D47-WASTE"", ""duration"": 5.057785115816788, ""distance_m"": 6.069342138980145, ""speed_factor"": 1.0, ""congestion_count"": 0, ""from_x"": 182.055, ""from_y"": 11.583, ""to_x"": 176.0, ""to_y"": 12.0, ""from_floor"": 0, ""to_floor"": 0}",,,,0.0,,,False,,,{}
AMR-B-2,RETURN-GEN_WASTE_D4_00006-16,pickup,2026-01-07 05:08:34,2026-01-07 05:08:54,,,,,,,,,,,completed,518914.829,2026-01-07 05:08:34,segment_pickup,Clinical Waste Bin,Clinical_Waste_Bin-shared_OPD_SET_1-000001,,[],[],[],0,0,,D47-WASTE,D4-WASTE,,20.0,0.0,0.0,0.0,0.0,"{""type"": ""pickup"", ""location"": ""D47-WASTE"", ""duration"": 20.0, ""from_x"": null, ""from_y"": null, ""to_x"": null, ""to_y"": null, ""from_floor"": null, ""to_floor"": null}",,,,0.0,,,False,,,{}
AMR-B-2,RETURN-GEN_WASTE_D4_00006-16,corridor,2026-01-07 05:08:54,2026-01-07 05:09:00,D47-WASTE,C0-48,,,176.0,12.0,0,182.055,11.583,0,completed,518934.829,2026-01-07 05:08:54,segment_corridor,Clinical Waste Bin,Clinical_Waste_Bin-shared_OPD_SET_1-000001,,[],[],[],0,0,,D47-WASTE,C0-48,,5.95,0.0,6.069,0.0,0.0,"{""type"": ""corridor"", ""from"": ""D47-WASTE"", ""to"": ""C0-48"", ""duration"": 5.950335430372692, ""distance_m"": 6.069342138980145, ""speed_factor"": 0.85, ""congestion_count"": 1, ""from_x"": 176.0, ""from_y"": 12.0, ""to_x"": 182.055, ""to_y"": 11.583, ""from_floor"": 0, ""to_floor"": 0}",,,,0.0,,,False,,,{}
AMR-B-2,RETURN-GEN_WASTE_D4_00006-16,corridor,2026-01-07 05:09:00,2026-01-07 05:09:07,C0-48,C0-47,,,182.055,11.583,0,182.032,2.94,0,completed,518940.779,2026-01-07 05:09:00,segment_corridor,Clinical Waste Bin,Clinical_Waste_Bin-shared_OPD_SET_1-000001,,[],[],[],0,0,,C0-48,C0-47,,7.203,0.0,8.643,0.0,0.0,"{""type"": ""corridor"", ""from"": ""C0-48"", ""to"": ""C0-47"", ""duration"": 7.202525502288148, ""distance_m"": 8.643030602745776, ""speed_factor"": 1.0, ""congestion_count"": 0, ""from_x"": 182.055, ""from_y"": 11.583, ""to_x"": 182.032, ""to_y"": 2.94, ""from_floor"": 0, ""to_floor"": 0}",,,,0.0,,,False,,,{}
AMR-B-2,RETURN-GEN_WASTE_D4_00006-16,corridor,2026-01-07 05:09:07,2026-01-07 05:09:42,C0-47,C0-46,,,182.032,2.94,0,181.989,-38.315,0,completed,518947.982,2026-01-07 05:09:07,segment_corridor,Clinical Waste Bin,Clinical_Waste_Bin-shared_OPD_SET_1-000001,,[],[],[],0,0,,C0-47,C0-46,,34.379,0.0,41.255,0.0,0.0,"{""type"": ""corridor"", ""from"": ""C0-47"", ""to"": ""C0-46"", ""duration"": 34.37918534116569, ""distance_m"": 41.255022409398826, ""speed_factor"": 1.0, ""congestion_count"": 0, ""from_x"": 182.032, ""from_y"": 2.94, ""to_x"": 181.989, ""to_y"": -38.315, ""from_floor"": 0, ""to_floor"": 0}",,,,0.0,,,False,,,{}
AMR-B-2,RETURN-GEN_WASTE_D4_00006-16,corridor,2026-01-07 05:09:42,2026-01-07 05:09:45,C0-46,C0-4,,,181.989,-38.315,0,181.948,-41.989,0,completed,518982.361,2026-01-07 05:09:42,segment_corridor,Clinical Waste Bin,Clinical_Waste_Bin-shared_OPD_SET_1-000001,,[],[],[],0,0,,C0-46,C0-4,,3.062,0.0,3.674,0.0,0.0,"{""type"": ""corridor"", ""from"": ""C0-46"", ""to"": ""C0-4"", ""duration"": 3.0618573021760644, ""distance_m"": 3.674228762611277, ""speed_factor"": 1.0, ""congestion_count"": 0, ""from_x"": 181.989, ""from_y"": -38.315, ""to_x"": 181.948, ""to_y"": -41.989, ""from_floor"": 0, ""to_floor"": 0}",,,,0.0,,,False,,,{}
AMR-B-2,RETURN-GEN_WASTE_D4_00006-16,corridor,2026-01-07 05:09:45,2026-01-07 05:09:49,C0-4,C0-104,,,181.948,-41.989,0,181.881,-46.498,0,completed,518985.423,2026-01-07 05:09:45,segment_corridor,Clinical Waste Bin,Clinical_Waste_Bin-shared_OPD_SET_1-000001,,[],[],[],0,0,,C0-4,C0-104,,3.758,0.0,4.509,0.0,0.0,"{""type"": ""corridor"", ""from"": ""C0-4"", ""to"": ""C0-104"", ""duration"": 3.757914795616196, ""distance_m"": 4.509497754739435, ""speed_factor"": 1.0, ""congestion_count"": 0, ""from_x"": 181.948, ""from_y"": -41.989, ""to_x"": 181.881, ""to_y"": -46.498, ""from_floor"": 0, ""to_floor"": 0}",,,,0.0,,,False,,,{}
AMR-B-2,RETURN-GEN_WASTE_D4_00006-16,corridor,2026-01-07 05:09:49,2026-01-07 05:10:03,C0-104,C0-5,,,181.881,-46.498,0,181.917,-63.981,0,completed,518989.181,2026-01-07 05:09:49,segment_corridor,Clinical Waste Bin,Clinical_Waste_Bin-shared_OPD_SET_1-000001,,[],[],[],0,0,,C0-104,C0-5,,14.569,0.0,17.483,0.0,0.0,"{""type"": ""corridor"", ""from"": ""C0-104"", ""to"": ""C0-5"", ""duration"": 14.569197553781445, ""distance_m"": 17.483037064537733, ""speed_factor"": 1.0, ""congestion_count"": 0, ""from_x"": 181.881, ""from_y"": -46.498, ""to_x"": 181.917, ""to_y"": -63.981, ""from_floor"": 0, ""to_floor"": 0}",,,,0.0,,,False,,,{}
AMR-B-2,RETURN-GEN_WASTE_D4_00006-16,corridor,2026-01-07 05:10:03,2026-01-07 05:10:13,C0-5,C0-6,,,181.917,-63.981,0,181.948,-75.288,0,completed,519003.75,2026-01-07 05:10:03,segment_corridor,Clinical Waste Bin,Clinical_Waste_Bin-shared_OPD_SET_1-000001,,[],[],[],0,0,,C0-5,C0-6,,9.423,0.0,11.307,0.0,0.0,"{""type"": ""corridor"", ""from"": ""C0-5"", ""to"": ""C0-6"", ""duration"": 9.422535413099334, ""distance_m"": 11.3070424957192, ""speed_factor"": 1.0, ""congestion_count"": 0, ""from_x"": 181.917, ""from_y"": -63.981, ""to_x"": 181.948, ""to_y"": -75.288, ""from_floor"": 0, ""to_floor"": 0}",,,,0.0,,,False,,,{}
AMR-B-2,RETURN-GEN_WASTE_D4_00006-16,corridor,2026-01-07 05:10:13,2026-01-07 05:10:20,C0-6,C0-105,,,181.948,-75.288,0,172.881,-75.288,0,completed,519013.172,2026-01-07 05:10:13,segment_corridor,Clinical Waste Bin,Clinical_Waste_Bin-shared_OPD_SET_1-000001,,[],[],[],0,0,,C0-6,C0-105,,7.556,0.0,9.067,0.0,0.0,"{""type"": ""corridor"", ""from"": ""C0-6"", ""to"": ""C0-105"", ""duration"": 7.555833333333339, ""distance_m"": 9.067000000000007, ""speed_factor"": 1.0, ""congestion_count"": 0, ""from_x"": 181.948, ""from_y"": -75.288, ""to_x"": 172.881, ""to_y"": -75.288, ""from_floor"": 0, ""to_floor"": 0}",,,,0.0,,,False,,,{}
AMR-B-2,RETURN-GEN_WASTE_D4_00006-16,corridor,2026-01-07 05:10:20,2026-01-07 05:10:38,C0-105,C0-8,,,172.881,-75.288,0,151.852,-75.529,0,completed,519020.728,2026-01-07 05:10:20,segment_corridor,Clinical Waste Bin,Clinical_Waste_Bin-shared_OPD_SET_1-000001,,[],[],[],0,0,,C0-105,C0-8,,17.525,0.0,21.03,0.0,0.0,"{""type"": ""corridor"", ""from"": ""C0-105"", ""to"": ""C0-8"", ""duration"": 17.525317440459926, ""distance_m"": 21.03038092855191, ""speed_factor"": 1.0, ""congestion_count"": 0, ""from_x"": 172.881, ""from_y"": -75.288, ""to_x"": 151.852, ""to_y"": -75.529, ""from_floor"": 0, ""to_floor"": 0}",,,,0.0,,,False,,,{}
AMR-B-2,RETURN-GEN_WASTE_D4_00006-16,corridor,2026-01-07 05:10:38,2026-01-07 05:10:45,C0-8,C0-9,,,151.852,-75.529,0,151.815,-84.679,0,completed,519038.254,2026-01-07 05:10:38,segment_corridor,Clinical Waste Bin,Clinical_Waste_Bin-shared_OPD_SET_1-000001,,[],[],[],0,0,,C0-8,C0-9,,7.625,0.0,9.15,0.0,0.0,"{""type"": ""corridor"", ""from"": ""C0-8"", ""to"": ""C0-9"", ""duration"": 7.625062340364472, ""distance_m"": 9.150074808437367, ""speed_factor"": 1.0, ""congestion_count"": 0, ""from_x"": 151.852, ""from_y"": -75.529, ""to_x"": 151.815, ""to_y"": -84.679, ""from_floor"": 0, ""to_floor"": 0}",,,,0.0,,,False,,,{}
AMR-B-2,RETURN-GEN_WASTE_D4_00006-16,corridor,2026-01-07 05:10:45,2026-01-07 05:10:52,C0-9,C0-78,,,151.815,-84.679,0,151.853,-93.062,0,completed,519045.879,2026-01-07 05:10:45,segment_corridor,Clinical Waste Bin,Clinical_Waste_Bin-shared_OPD_SET_1-000001,,[],[],[],0,0,,C0-9,C0-78,,6.986,0.0,8.383,0.0,0.0,"{""type"": ""corridor"", ""from"": ""C0-9"", ""to"": ""C0-78"", ""duration"": 6.9859051052021055, ""distance_m"": 8.383086126242526, ""speed_factor"": 1.0, ""congestion_count"": 0, ""from_x"": 151.815, ""from_y"": -84.679, ""to_x"": 151.853, ""to_y"": -93.062, ""from_floor"": 0, ""to_floor"": 0}",,,,0.0,,,False,,,{}
AMR-B-2,RETURN-GEN_WASTE_D4_00006-16,corridor,2026-01-07 05:10:52,2026-01-07 05:11:01,C0-78,C0-10,,,151.853,-93.062,0,151.906,-103.332,0,completed,519052.865,2026-01-07 05:10:52,segment_corridor,Clinical Waste Bin,Clinical_Waste_Bin-shared_OPD_SET_1-000001,,[],[],[],0,0,,C0-78,C0-10,,8.558,0.0,10.27,0.0,0.0,"{""type"": ""corridor"", ""from"": ""C0-78"", ""to"": ""C0-10"", ""duration"": 8.558447297196428, ""distance_m"": 10.270136756635713, ""speed_factor"": 1.0, ""congestion_count"": 0, ""from_x"": 151.853, ""from_y"": -93.062, ""to_x"": 151.906, ""to_y"": -103.332, ""from_floor"": 0, ""to_floor"": 0}",,,,0.0,,,False,,,{}
AMR-B-2,RETURN-GEN_WASTE_D4_00006-16,corridor,2026-01-07 05:11:01,2026-01-07 05:11:07,C0-10,C0-107,,,151.906,-103.332,0,151.875,-110.231,0,completed,519061.423,2026-01-07 05:11:01,segment_corridor,Clinical Waste Bin,Clinical_Waste_Bin-shared_OPD_SET_1-000001,,[],[],[],0,0,,C0-10,C0-107,,5.749,0.0,6.899,0.0,0.0,"{""type"": ""corridor"", ""from"": ""C0-10"", ""to"": ""C0-107"", ""duration"": 5.749224706186238, ""distance_m"": 6.899069647423485, ""speed_factor"": 1.0, ""congestion_count"": 0, ""from_x"": 151.906, ""from_y"": -103.332, ""to_x"": 151.875, ""to_y"": -110.231, ""from_floor"": 0, ""to_floor"": 0}",,,,0.0,,,False,,,{}
AMR-B-2,RETURN-GEN_WASTE_D4_00006-16,corridor,2026-01-07 05:11:07,2026-01-07 05:11:14,C0-107,C0-82,,,151.875,-110.231,0,151.957,-118.723,0,completed,519067.172,2026-01-07 05:11:07,segment_corridor,Clinical Waste Bin,Clinical_Waste_Bin-shared_OPD_SET_1-000001,,[],[],[],0,0,,C0-107,C0-82,,7.077,0.0,8.492,0.0,0.0,"{""type"": ""corridor"", ""from"": ""C0-107"", ""to"": ""C0-82"", ""duration"": 7.076996577331065, ""distance_m"": 8.492395892797278, ""speed_factor"": 1.0, ""congestion_count"": 0, ""from_x"": 151.875, ""from_y"": -110.231, ""to_x"": 151.957, ""to_y"": -118.723, ""from_floor"": 0, ""to_floor"": 0}",,,,0.0,,,False,,,{}
AMR-B-2,RETURN-GEN_WASTE_D4_00006-16,corridor,2026-01-07 05:11:14,2026-01-07 05:11:17,C0-82,C0-12,,,151.957,-118.723,0,151.969,-122.524,0,completed,519074.249,2026-01-07 05:11:14,segment_corridor,Clinical Waste Bin,Clinical_Waste_Bin-shared_OPD_SET_1-000001,,[],[],[],0,0,,C0-82,C0-12,,3.168,0.0,3.801,0.0,0.0,"{""type"": ""corridor"", ""from"": ""C0-82"", ""to"": ""C0-12"", ""duration"": 3.167515785280321, ""distance_m"": 3.8010189423363854, ""speed_factor"": 1.0, ""congestion_count"": 0, ""from_x"": 151.957, ""from_y"": -118.723, ""to_x"": 151.969, ""to_y"": -122.524, ""from_floor"": 0, ""to_floor"": 0}",,,,0.0,,,False,,,{}
AMR-B-2,RETURN-GEN_WASTE_D4_00006-16,corridor,2026-01-07 05:11:17,2026-01-07 05:11:25,C0-12,C0-13,,,151.969,-122.524,0,151.939,-132.199,0,completed,519077.417,2026-01-07 05:11:17,segment_corridor,Clinical Waste Bin,Clinical_Waste_Bin-shared_OPD_SET_1-000001,,[],[],[],0,0,,C0-12,C0-13,,8.063,0.0,9.675,0.0,0.0,"{""type"": ""corridor"", ""from"": ""C0-12"", ""to"": ""C0-13"", ""duration"": 8.062538759596766, ""distance_m"": 9.675046511516118, ""speed_factor"": 1.0, ""congestion_count"": 0, ""from_x"": 151.969, ""from_y"": -122.524, ""to_x"": 151.939, ""to_y"": -132.199, ""from_floor"": 0, ""to_floor"": 0}",,,,0.0,,,False,,,{}
AMR-B-2,RETURN-GEN_WASTE_D4_00006-16,corridor,2026-01-07 05:11:25,2026-01-07 05:11:33,C0-13,C0-14,,,151.939,-132.199,0,142.333,-132.392,0,completed,519085.479,2026-01-07 05:11:25,segment_corridor,Clinical Waste Bin,Clinical_Waste_Bin-shared_OPD_SET_1-000001,,[],[],[],0,0,,C0-13,C0-14,,8.007,0.0,9.608,0.0,0.0,"{""type"": ""corridor"", ""from"": ""C0-13"", ""to"": ""C0-14"", ""duration"": 8.006615537236133, ""distance_m"": 9.607938644683358, ""speed_factor"": 1.0, ""congestion_count"": 0, ""from_x"": 151.939, ""from_y"": -132.199, ""to_x"": 142.333, ""to_y"": -132.392, ""from_floor"": 0, ""to_floor"": 0}",,,,0.0,,,False,,,{}
AMR-B-2,RETURN-GEN_WASTE_D4_00006-16,corridor,2026-01-07 05:11:33,2026-01-07 05:11:36,C0-14,C0-15,,,142.333,-132.392,0,142.311,-135.582,0,completed,519093.486,2026-01-07 05:11:33,segment_corridor,Clinical Waste Bin,Clinical_Waste_Bin-shared_OPD_SET_1-000001,,[],[],[],0,0,,C0-14,C0-15,,2.658,0.0,3.19,0.0,0.0,"{""type"": ""corridor"", ""from"": ""C0-14"", ""to"": ""C0-15"", ""duration"": 2.6583965509724488, ""distance_m"": 3.1900758611669384, ""speed_factor"": 1.0, ""congestion_count"": 0, ""from_x"": 142.333, ""from_y"": -132.392, ""to_x"": 142.311, ""to_y"": -135.582, ""from_floor"": 0, ""to_floor"": 0}",,,,0.0,,,False,,,{}
AMR-B-2,RETURN-GEN_WASTE_D4_00006-16,corridor,2026-01-07 05:11:36,2026-01-07 05:11:38,C0-15,C0-44,,,142.311,-135.582,0,142.385,-138.767,0,completed,519096.144,2026-01-07 05:11:36,segment_corridor,Clinical Waste Bin,Clinical_Waste_Bin-shared_OPD_SET_1-000001,,[],[],[],0,0,,C0-15,C0-44,,2.655,0.0,3.186,0.0,0.0,"{""type"": ""corridor"", ""from"": ""C0-15"", ""to"": ""C0-44"", ""duration"": 2.6548829488740613, ""distance_m"": 3.1858595386488733, ""speed_factor"": 1.0, ""congestion_count"": 0, ""from_x"": 142.311, ""from_y"": -135.582, ""to_x"": 142.385, ""to_y"": -138.767, ""from_floor"": 0, ""to_floor"": 0}",,,,0.0,,,False,,,{}
AMR-B-2,RETURN-GEN_WASTE_D4_00006-16,corridor,2026-01-07 05:11:38,2026-01-07 05:11:45,C0-44,C0-45,,,142.385,-138.767,0,142.637,-146.743,0,completed,519098.799,2026-01-07 05:11:38,segment_corridor,Clinical Waste Bin,Clinical_Waste_Bin-shared_OPD_SET_1-000001,,[],[],[],0,0,,C0-44,C0-45,,6.65,0.0,7.98,0.0,0.0,"{""type"": ""corridor"", ""from"": ""C0-44"", ""to"": ""C0-45"", ""duration"": 6.649983291541249, ""distance_m"": 7.979979949849498, ""speed_factor"": 1.0, ""congestion_count"": 0, ""from_x"": 142.385, ""from_y"": -138.767, ""to_x"": 142.637, ""to_y"": -146.743, ""from_floor"": 0, ""to_floor"": 0}",,,,0.0,,,False,,,{}
AMR-B-2,RETURN-GEN_WASTE_D4_00006-16,corridor,2026-01-07 05:11:45,2026-01-07 05:11:48,C0-45,C0-16,,,142.637,-146.743,0,142.744,-150.046,0,completed,519105.449,2026-01-07 05:11:45,segment_corridor,Clinical Waste Bin,Clinical_Waste_Bin-shared_OPD_SET_1-000001,,[],[],[],0,0,,C0-45,C0-16,,2.754,0.0,3.305,0.0,0.0,"{""type"": ""corridor"", ""from"": ""C0-45"", ""to"": ""C0-16"", ""duration"": 2.7539438891241836, ""distance_m"": 3.30473266694902, ""speed_factor"": 1.0, ""congestion_count"": 0, ""from_x"": 142.637, ""from_y"": -146.743, ""to_x"": 142.744, ""to_y"": -150.046, ""from_floor"": 0, ""to_floor"": 0}",,,,0.0,,,False,,,{}
AMR-B-2,RETURN-GEN_WASTE_D4_00006-16,corridor,2026-01-07 05:11:48,2026-01-07 05:11:50,C0-16,C0-17,,,142.744,-150.046,0,139.652,-150.053,0,completed,519108.203,2026-01-07 05:11:48,segment_corridor,Clinical Waste Bin,Clinical_Waste_Bin-shared_OPD_SET_1-000001,,[],[],[],0,0,,C0-16,C0-17,,2.577,0.0,3.092,0.0,0.0,"{""type"": ""corridor"", ""from"": ""C0-16"", ""to"": ""C0-17"", ""duration"": 2.5766732697198815, ""distance_m"": 3.0920079236638576, ""speed_factor"": 1.0, ""congestion_count"": 0, ""from_x"": 142.744, ""from_y"": -150.046, ""to_x"": 139.652, ""to_y"": -150.053, ""from_floor"": 0, ""to_floor"": 0}",,,,0.0,,,False,,,{}
AMR-B-2,RETURN-GEN_WASTE_D4_00006-16,corridor,2026-01-07 05:11:50,2026-01-07 05:11:53,C0-17,D4-WASTE,,,139.652,-150.053,0,139.696,-153.083,0,completed,519110.78,2026-01-07 05:11:50,segment_corridor,Clinical Waste Bin,Clinical_Waste_Bin-shared_OPD_SET_1-000001,,[],[],[],0,0,,C0-17,D4-WASTE,,2.525,0.0,3.03,0.0,0.0,"{""type"": ""corridor"", ""from"": ""C0-17"", ""to"": ""D4-WASTE"", ""duration"": 2.5252662125891696, ""distance_m"": 3.0303194551070036, ""speed_factor"": 1.0, ""congestion_count"": 0, ""from_x"": 139.652, ""from_y"": -150.053, ""to_x"": 139.696, ""to_y"": -153.083, ""from_floor"": 0, ""to_floor"": 0}",,,,0.0,,,False,,,{}
AMR-B-2,RETURN-GEN_WASTE_D4_00006-16,dropoff,2026-01-07 05:11:53,2026-01-07 05:12:13,,,,,,,,,,,completed,519113.305,2026-01-07 05:11:53,segment_dropoff,Clinical Waste Bin,Clinical_Waste_Bin-shared_OPD_SET_1-000001,,[],[],[],0,0,,D47-WASTE,D4-WASTE,,20.0,0.0,0.0,0.0,0.0,"{""type"": ""dropoff"", ""location"": ""D4-WASTE"", ""duration"": 20.0, ""inventory_space"": ""Clinical Waste Bin space 1"", ""from_x"": null, ""from_y"": null, ""to_x"": null, ""to_y"": null, ""from_floor"": null, ""to_floor"": null}",,,,0.0,,,False,,,{}
AMR-B-1,RETURN-AMR-B-1-17,,2026-01-07 05:09:07,2026-01-07 05:09:07,,,,,,,,,,,finish,518947.706,2026-01-07 05:09:07,task_complete,,,,[],[],[],0,0,,D47-WASTE,AMR-CENTRE,,0.0,0.0,0.0,0.0,0.0,Task RETURN-AMR-B-1-17 completed,,,,0.0,,,False,,,{}
AMR-B-2,RETURN-GEN_WASTE_D4_00006-16,,2026-01-07 05:12:13,2026-01-07 05:12:13,,,,,,,,,,,finish,519133.305,2026-01-07 05:12:13,task_complete,Clinical Waste Bin,Clinical_Waste_Bin-shared_OPD_SET_1-000001,,[],[],[],0,0,,D47-WASTE,D4-WASTE,,0.0,0.0,0.0,0.0,0.0,Task RETURN-GEN_WASTE_D4_00006-16 completed,task_generation_return,D4,Clinical,0.0,Clinical Waste Bin,,False,,,{}
AMR-B-2,RETURN-AMR-B-2-18,,2026-01-07 05:12:13,2026-01-07 05:12:14,,,D4-WASTE,AMR-CENTRE,,,,,,,start,519133.305,2026-01-07 05:12:13,task_assigned,,,,[],[],[],0,0,,D4-WASTE,AMR-CENTRE,,0.0,0.0,0.0,0.0,164.801,Assigned task to AMR-B-2,,,,0.0,,,False,,,{}
AMR-B-2,RETURN-AMR-B-2-18,pickup,2026-01-07 05:12:13,2026-01-07 05:12:33,,,,,,,,,,,completed,519133.305,2026-01-07 05:12:13,segment_pickup,,,,[],[],[],0,0,,D4-WASTE,AMR-CENTRE,,20.0,0.0,0.0,0.0,0.0,"{""type"": ""pickup"", ""location"": ""D4-WASTE"", ""duration"": 20.0, ""from_x"": null, ""from_y"": null, ""to_x"": null, ""to_y"": null, ""from_floor"": null, ""to_floor"": null}",,,,0.0,,,False,,,{}
AMR-B-2,RETURN-AMR-B-2-18,corridor,2026-01-07 05:12:33,2026-01-07 05:12:35,D4-WASTE,C0-17,,,139.696,-153.083,0,139.652,-150.053,0,completed,519153.305,2026-01-07 05:12:33,segment_corridor,,,,[],[],[],0,0,,D4-WASTE,C0-17,,2.525,0.0,3.03,0.0,0.0,"{""type"": ""corridor"", ""from"": ""D4-WASTE"", ""to"": ""C0-17"", ""duration"": 2.5252662125891696, ""distance_m"": 3.0303194551070036, ""speed_factor"": 1.0, ""congestion_count"": 0, ""from_x"": 139.696, ""from_y"": -153.083, ""to_x"": 139.652, ""to_y"": -150.053, ""from_floor"": 0, ""to_floor"": 0}",,,,0.0,,,False,,,{}
AMR-B-2,RETURN-AMR-B-2-18,corridor,2026-01-07 05:12:35,2026-01-07 05:12:38,C0-17,C0-16,,,139.652,-150.053,0,142.744,-150.046,0,completed,519155.83,2026-01-07 05:12:35,segment_corridor,,,,[],[],[],0,0,,C0-17,C0-16,,2.577,0.0,3.092,0.0,0.0,"{""type"": ""corridor"", ""from"": ""C0-17"", ""to"": ""C0-16"", ""duration"": 2.5766732697198815, ""distance_m"": 3.0920079236638576, ""speed_factor"": 1.0, ""congestion_count"": 0, ""from_x"": 139.652, ""from_y"": -150.053, ""to_x"": 142.744, ""to_y"": -150.046, ""from_floor"": 0, ""to_floor"": 0}",,,,0.0,,,False,,,{}
AMR-B-2,RETURN-AMR-B-2-18,corridor,2026-01-07 05:12:38,2026-01-07 05:12:41,C0-16,C0-45,,,142.744,-150.046,0,142.637,-146.743,0,completed,519158.407,2026-01-07 05:12:38,segment_corridor,,,,[],[],[],0,0,,C0-16,C0-45,,2.754,0.0,3.305,0.0,0.0,"{""type"": ""corridor"", ""from"": ""C0-16"", ""to"": ""C0-45"", ""duration"": 2.7539438891241836, ""distance_m"": 3.30473266694902, ""speed_factor"": 1.0, ""congestion_count"": 0, ""from_x"": 142.744, ""from_y"": -150.046, ""to_x"": 142.637, ""to_y"": -146.743, ""from_floor"": 0, ""to_floor"": 0}",,,,0.0,,,False,,,{}
AMR-B-2,RETURN-AMR-B-2-18,corridor,2026-01-07 05:12:41,2026-01-07 05:12:47,C0-45,C0-44,,,142.637,-146.743,0,142.385,-138.767,0,completed,519161.161,2026-01-07 05:12:41,segment_corridor,,,,[],[],[],0,0,,C0-45,C0-44,,6.65,0.0,7.98,0.0,0.0,"{""type"": ""corridor"", ""from"": ""C0-45"", ""to"": ""C0-44"", ""duration"": 6.649983291541249, ""distance_m"": 7.979979949849498, ""speed_factor"": 1.0, ""congestion_count"": 0, ""from_x"": 142.637, ""from_y"": -146.743, ""to_x"": 142.385, ""to_y"": -138.767, ""from_floor"": 0, ""to_floor"": 0}",,,,0.0,,,False,,,{}
AMR-B-2,RETURN-AMR-B-2-18,corridor,2026-01-07 05:12:47,2026-01-07 05:12:50,C0-44,C0-15,,,142.385,-138.767,0,142.311,-135.582,0,completed,519167.811,2026-01-07 05:12:47,segment_corridor,,,,[],[],[],0,0,,C0-44,C0-15,,2.655,0.0,3.186,0.0,0.0,"{""type"": ""corridor"", ""from"": ""C0-44"", ""to"": ""C0-15"", ""duration"": 2.6548829488740613, ""distance_m"": 3.1858595386488733, ""speed_factor"": 1.0, ""congestion_count"": 0, ""from_x"": 142.385, ""from_y"": -138.767, ""to_x"": 142.311, ""to_y"": -135.582, ""from_floor"": 0, ""to_floor"": 0}",,,,0.0,,,False,,,{}
AMR-B-2,RETURN-AMR-B-2-18,corridor,2026-01-07 05:12:50,2026-01-07 05:12:53,C0-15,C0-14,,,142.311,-135.582,0,142.333,-132.392,0,completed,519170.466,2026-01-07 05:12:50,segment_corridor,,,,[],[],[],0,0,,C0-15,C0-14,,2.658,0.0,3.19,0.0,0.0,"{""type"": ""corridor"", ""from"": ""C0-15"", ""to"": ""C0-14"", ""duration"": 2.6583965509724488, ""distance_m"": 3.1900758611669384, ""speed_factor"": 1.0, ""congestion_count"": 0, ""from_x"": 142.311, ""from_y"": -135.582, ""to_x"": 142.333, ""to_y"": -132.392, ""from_floor"": 0, ""to_floor"": 0}",,,,0.0,,,False,,,{}
AMR-B-2,RETURN-AMR-B-2-18,corridor,2026-01-07 05:12:53,2026-01-07 05:13:01,C0-14,C0-13,,,142.333,-132.392,0,151.939,-132.199,0,completed,519173.124,2026-01-07 05:12:53,segment_corridor,,,,[],[],[],0,0,,C0-14,C0-13,,8.007,0.0,9.608,0.0,0.0,"{""type"": ""corridor"", ""from"": ""C0-14"", ""to"": ""C0-13"", ""duration"": 8.006615537236133, ""distance_m"": 9.607938644683358, ""speed_factor"": 1.0, ""congestion_count"": 0, ""from_x"": 142.333, ""from_y"": -132.392, ""to_x"": 151.939, ""to_y"": -132.199, ""from_floor"": 0, ""to_floor"": 0}",,,,0.0,,,False,,,{}
AMR-B-2,RETURN-AMR-B-2-18,corridor,2026-01-07 05:13:01,2026-01-07 05:13:09,C0-13,C0-12,,,151.939,-132.199,0,151.969,-122.524,0,completed,519181.131,2026-01-07 05:13:01,segment_corridor,,,,[],[],[],0,0,,C0-13,C0-12,,8.063,0.0,9.675,0.0,0.0,"{""type"": ""corridor"", ""from"": ""C0-13"", ""to"": ""C0-12"", ""duration"": 8.062538759596766, ""distance_m"": 9.675046511516118, ""speed_factor"": 1.0, ""congestion_count"": 0, ""from_x"": 151.939, ""from_y"": -132.199, ""to_x"": 151.969, ""to_y"": -122.524, ""from_floor"": 0, ""to_floor"": 0}",,,,0.0,,,False,,,{}
AMR-B-2,RETURN-AMR-B-2-18,corridor,2026-01-07 05:13:09,2026-01-07 05:13:12,C0-12,C0-82,,,151.969,-122.524,0,151.957,-118.723,0,completed,519189.193,2026-01-07 05:13:09,segment_corridor,,,,[],[],[],0,0,,C0-12,C0-82,,3.168,0.0,3.801,0.0,0.0,"{""type"": ""corridor"", ""from"": ""C0-12"", ""to"": ""C0-82"", ""duration"": 3.167515785280321, ""distance_m"": 3.8010189423363854, ""speed_factor"": 1.0, ""congestion_count"": 0, ""from_x"": 151.969, ""from_y"": -122.524, ""to_x"": 151.957, ""to_y"": -118.723, ""from_floor"": 0, ""to_floor"": 0}",,,,0.0,,,False,,,{}
AMR-B-2,RETURN-AMR-B-2-18,corridor,2026-01-07 05:13:12,2026-01-07 05:13:19,C0-82,C0-107,,,151.957,-118.723,0,151.875,-110.231,0,completed,519192.361,2026-01-07 05:13:12,segment_corridor,,,,[],[],[],0,0,,C0-82,C0-107,,7.077,0.0,8.492,0.0,0.0,"{""type"": ""corridor"", ""from"": ""C0-82"", ""to"": ""C0-107"", ""duration"": 7.076996577331065, ""distance_m"": 8.492395892797278, ""speed_factor"": 1.0, ""congestion_count"": 0, ""from_x"": 151.957, ""from_y"": -118.723, ""to_x"": 151.875, ""to_y"": -110.231, ""from_floor"": 0, ""to_floor"": 0}",,,,0.0,,,False,,,{}
AMR-B-2,RETURN-AMR-B-2-18,corridor,2026-01-07 05:13:19,2026-01-07 05:13:25,C0-107,C0-10,,,151.875,-110.231,0,151.906,-103.332,0,completed,519199.438,2026-01-07 05:13:19,segment_corridor,,,,[],[],[],0,0,,C0-107,C0-10,,5.749,0.0,6.899,0.0,0.0,"{""type"": ""corridor"", ""from"": ""C0-107"", ""to"": ""C0-10"", ""duration"": 5.749224706186238, ""distance_m"": 6.899069647423485, ""speed_factor"": 1.0, ""congestion_count"": 0, ""from_x"": 151.875, ""from_y"": -110.231, ""to_x"": 151.906, ""to_y"": -103.332, ""from_floor"": 0, ""to_floor"": 0}",,,,0.0,,,False,,,{}
AMR-B-2,RETURN-AMR-B-2-18,corridor,2026-01-07 05:13:25,2026-01-07 05:13:33,C0-10,C0-78,,,151.906,-103.332,0,151.853,-93.062,0,completed,519205.187,2026-01-07 05:13:25,segment_corridor,,,,[],[],[],0,0,,C0-10,C0-78,,8.558,0.0,10.27,0.0,0.0,"{""type"": ""corridor"", ""from"": ""C0-10"", ""to"": ""C0-78"", ""duration"": 8.558447297196428, ""distance_m"": 10.270136756635713, ""speed_factor"": 1.0, ""congestion_count"": 0, ""from_x"": 151.906, ""from_y"": -103.332, ""to_x"": 151.853, ""to_y"": -93.062, ""from_floor"": 0, ""to_floor"": 0}",,,,0.0,,,False,,,{}
AMR-B-2,RETURN-AMR-B-2-18,corridor,2026-01-07 05:13:33,2026-01-07 05:13:40,C0-78,C0-9,,,151.853,-93.062,0,151.815,-84.679,0,completed,519213.745,2026-01-07 05:13:33,segment_corridor,,,,[],[],[],0,0,,C0-78,C0-9,,6.986,0.0,8.383,0.0,0.0,"{""type"": ""corridor"", ""from"": ""C0-78"", ""to"": ""C0-9"", ""duration"": 6.9859051052021055, ""distance_m"": 8.383086126242526, ""speed_factor"": 1.0, ""congestion_count"": 0, ""from_x"": 151.853, ""from_y"": -93.062, ""to_x"": 151.815, ""to_y"": -84.679, ""from_floor"": 0, ""to_floor"": 0}",,,,0.0,,,False,,,{}
AMR-B-2,RETURN-AMR-B-2-18,corridor,2026-01-07 05:13:40,2026-01-07 05:13:50,C0-9,C0-23,,,151.815,-84.679,0,140.608,-84.673,0,completed,519220.731,2026-01-07 05:13:40,segment_corridor,,,,[],[],[],0,0,,C0-9,C0-23,,9.339,0.0,11.207,0.0,0.0,"{""type"": ""corridor"", ""from"": ""C0-9"", ""to"": ""C0-23"", ""duration"": 9.33916800511575, ""distance_m"": 11.207001606138899, ""speed_factor"": 1.0, ""congestion_count"": 0, ""from_x"": 151.815, ""from_y"": -84.679, ""to_x"": 140.608, ""to_y"": -84.673, ""from_floor"": 0, ""to_floor"": 0}",,,,0.0,,,False,,,{}
AMR-B-2,RETURN-AMR-B-2-18,corridor,2026-01-07 05:13:50,2026-01-07 05:13:53,C0-23,Lift-4-F0,,,140.608,-84.673,0,140.605,-89.055,0,completed,519230.071,2026-01-07 05:13:50,segment_corridor,,,,[],[],[],0,0,,C0-23,Lift-4-F0,,3.652,0.0,4.382,0.0,0.0,"{""type"": ""corridor"", ""from"": ""C0-23"", ""to"": ""Lift-4-F0"", ""duration"": 3.6516675224401896, ""distance_m"": 4.3820010269282275, ""speed_factor"": 1.0, ""congestion_count"": 0, ""from_x"": 140.608, ""from_y"": -84.673, ""to_x"": 140.605, ""to_y"": -89.055, ""from_floor"": 0, ""to_floor"": 0}",,,,0.0,,,False,,,{}
AMR-B-2,RETURN-AMR-B-2-18,lift_transfer,2026-01-07 05:13:53,2026-01-07 05:14:18,Lift-4-F0,Lift-4-F2,,,140.605,-89.055,0,140.605,-89.055,2,completed,519233.722,2026-01-07 05:13:53,segment_lift_transfer,,,,[],[],[],0,0,,Lift-4-F0,Lift-4-F2,Lift-4,24.444,0.0,8.0,0.021564102564102565,0.0,"{""type"": ""lift_transfer"", ""lift_id"": ""Lift-4"", ""from"": ""Lift-4-F0"", ""to"": ""Lift-4-F2"", ""from_floor"": 0, ""to_floor"": 2, ""wait_time"": 0.0, ""duration"": 24.444444444437977, ""distance_m"": 8.0, ""vertical_distance_m"": 8.0, ""energy_kwh"": 0.021564102564102565, ""from_x"": 140.605, ""from_y"": -89.055, ""to_x"": 140.605, ""to_y"": -89.055}",,,,0.0,,,False,,,{}
AMR-B-2,RETURN-AMR-B-2-18,corridor,2026-01-07 05:14:18,2026-01-07 05:14:21,Lift-4-F2,C2-12,,,140.605,-89.055,2,140.54,-85.162,2,completed,519258.167,2026-01-07 05:14:18,segment_corridor,,,,[],[],[],0,0,,Lift-4-F2,C2-12,,3.245,0.0,3.894,0.0,0.0,"{""type"": ""corridor"", ""from"": ""Lift-4-F2"", ""to"": ""C2-12"", ""duration"": 3.24461883568608, ""distance_m"": 3.893542602823296, ""speed_factor"": 1.0, ""congestion_count"": 0, ""from_x"": 140.605, ""from_y"": -89.055, ""to_x"": 140.54, ""to_y"": -85.162, ""from_floor"": 2, ""to_floor"": 2}",,,,0.0,,,False,,,{}
AMR-B-2,RETURN-AMR-B-2-18,corridor,2026-01-07 05:14:21,2026-01-07 05:14:26,C2-12,C2-22,,,140.54,-85.162,2,146.298,-84.823,2,completed,519261.411,2026-01-07 05:14:21,segment_corridor,,,,[],[],[],0,0,,C2-12,C2-22,,4.807,0.0,5.768,0.0,0.0,"{""type"": ""corridor"", ""from"": ""C2-12"", ""to"": ""C2-22"", ""duration"": 4.806642178046736, ""distance_m"": 5.767970613656082, ""speed_factor"": 1.0, ""congestion_count"": 0, ""from_x"": 140.54, ""from_y"": -85.162, ""to_x"": 146.298, ""to_y"": -84.823, ""from_floor"": 2, ""to_floor"": 2}",,,,0.0,,,False,,,{}
AMR-B-2,RETURN-AMR-B-2-18,corridor,2026-01-07 05:14:26,2026-01-07 05:14:30,C2-22,C2-10,,,146.298,-84.823,2,151.747,-84.823,2,completed,519266.218,2026-01-07 05:14:26,segment_corridor,,,,[],[],[],0,0,,C2-22,C2-10,,4.541,0.0,5.449,0.0,0.0,"{""type"": ""corridor"", ""from"": ""C2-22"", ""to"": ""C2-10"", ""duration"": 4.540833333333344, ""distance_m"": 5.449000000000012, ""speed_factor"": 1.0, ""congestion_count"": 0, ""from_x"": 146.298, ""from_y"": -84.823, ""to_x"": 151.747, ""to_y"": -84.823, ""from_floor"": 2, ""to_floor"": 2}",,,,0.0,,,False,,,{}
AMR-B-2,RETURN-AMR-B-2-18,corridor,2026-01-07 05:14:30,2026-01-07 05:14:35,C2-10,C2-11,,,151.747,-84.823,2,157.38,-84.803,2,completed,519270.759,2026-01-07 05:14:30,segment_corridor,,,,[],[],[],0,0,,C2-10,C2-11,,4.694,0.0,5.633,0.0,0.0,"{""type"": ""corridor"", ""from"": ""C2-10"", ""to"": ""C2-11"", ""duration"": 4.694196254122965, ""distance_m"": 5.633035504947558, ""speed_factor"": 1.0, ""congestion_count"": 0, ""from_x"": 151.747, ""from_y"": -84.823, ""to_x"": 157.38, ""to_y"": -84.803, ""from_floor"": 2, ""to_floor"": 2}",,,,0.0,,,False,,,{}
AMR-B-2,RETURN-AMR-B-2-18,corridor,2026-01-07 05:14:35,2026-01-07 05:14:38,C2-11,AMR-CENTRE,,,157.38,-84.803,2,157.36,-81.619,2,completed,519275.453,2026-01-07 05:14:35,segment_corridor,,,,[],[],[],0,0,,C2-11,AMR-CENTRE,,2.653,0.0,3.184,0.0,0.0,"{""type"": ""corridor"", ""from"": ""C2-11"", ""to"": ""AMR-CENTRE"", ""duration"": 2.6533856778756353, ""distance_m"": 3.1840628134507623, ""speed_factor"": 1.0, ""congestion_count"": 0, ""from_x"": 157.38, ""from_y"": -84.803, ""to_x"": 157.36, ""to_y"": -81.619, ""from_floor"": 2, ""to_floor"": 2}",,,,0.0,,,False,,,{}
AMR-B-2,RETURN-AMR-B-2-18,dropoff,2026-01-07 05:14:38,2026-01-07 05:14:58,,,,,,,,,,,completed,519278.106,2026-01-07 05:14:38,segment_dropoff,,,,[],[],[],0,0,,D4-WASTE,AMR-CENTRE,,20.0,0.0,0.0,0.0,0.0,"{""type"": ""dropoff"", ""location"": ""AMR-CENTRE"", ""duration"": 20.0, ""inventory_space"": """", ""from_x"": null, ""from_y"": null, ""to_x"": null, ""to_y"": null, ""from_floor"": null, ""to_floor"": null}",,,,0.0,,,False,,,{}
AMR-B-2,RETURN-AMR-B-2-18,,2026-01-07 05:14:58,2026-01-07 05:14:58,,,,,,,,,,,finish,519298.106,2026-01-07 05:14:58,task_complete,,,,[],[],[],0,0,,D4-WASTE,AMR-CENTRE,,0.0,0.0,0.0,0.0,0.0,Task RETURN-AMR-B-2-18 completed,,,,0.0,,,False,,,{}
